symbol,name,exchange,sector,industry,mcap,price,vol
AACG,ATA Creativity Global American Depositary Shares,NASDAQ,Real Estate,Other Consumer Services,58892750.0,0.8602,5816
AAL,American Airlines Group Inc. Common Stock,NASDAQ,Consumer Discretionary,Air Freight/Delivery Services,10551801019.0,15.94,35000350
AAME,Atlantic American Corporation Common Stock,NASDAQ,Finance,Life Insurance,31207759.0,1.53,13079
AAOI,Applied Optoelectronics Inc. Common Stock,NASDAQ,Technology,Semiconductors,10883326488.0,135.63,24057068
AAON,AAON Inc. Common Stock,NASDAQ,Industrials,Industrial Machinery/Components,7767687459.0,94.83,1296021
AAPG,Ascentage Pharma Group International American Depository Shares,NASDAQ,Health Care,Biotechnology: Pharmaceutical Preparations,1771880454.0,18.985,8693
AAPL,Apple Inc. Common Stock,NASDAQ,Technology,Computer Manufacturing,4572794419400.0,313.33,34406569
AARD,Aardvark Therapeutics Inc. Common Stock,NASDAQ,Health Care,Biotechnology: Pharmaceutical Preparations,172884848.0,7.9,74653
ABAT,American Battery Technology Company Common Stock,NASDAQ,Industrials,Mining & Quarrying of Nonmetallic Minerals (No Fuels),356041607.0,2.61,4995462
ABCL,AbCellera Biologics Inc. Common Shares,NASDAQ,Health Care,Biotechnology: Pharmaceutical Preparations,2042032137.0,6.93,6464785
ABEO,Abeona Therapeutics Inc. Common Stock,NASDAQ,Health Care,Biotechnology: Pharmaceutical Preparations,412644843.0,7.24,1396776
ABLV,Able View Global Inc. Class B Ordinary Shares,NASDAQ,Consumer Discretionary,Other Consumer Services,40549126.0,0.821,31060
ABNB,Airbnb Inc. Class A Common Stock,NASDAQ,Consumer Discretionary,Diversified Commercial Services,107323665639.0,178.07,15891031
ABOS,Acumen Pharmaceuticals Inc. Common Stock,NASDAQ,Health Care,Biotechnology: Biological Products (No Diagnostic Substances),176235295.0,2.44,256311
ABSI,Absci Corporation Common Stock,NASDAQ,Health Care,Biotechnology: Commercial Physical & Biological Resarch,1392232150.0,8.93,2188768
ABTC,American Bitcoin Corp. Class A Common Stock,NASDAQ,Finance,Finance: Consumer Services,471143543.0,6.47,1178819
ABTS,Abits Group Inc Ordinary Shares,NASDAQ,Finance,Finance: Consumer Services,4086797.0,1.38,22776
ABUS,Arbutus Biopharma Corporation Common Stock,NASDAQ,Health Care,Biotechnology: Pharmaceutical Preparations,914599597.0,4.63,796127
ABVC,ABVC BioPharma Inc. Common Stock,NASDAQ,Health Care,Biotechnology: Pharmaceutical Preparations,27085452.0,1.02,65903
ABVX,Abivax SA American Depositary Shares,NASDAQ,Health Care,Biotechnology: Pharmaceutical Preparations,11272357468.0,130.93,1094334
ACAD,ACADIA Pharmaceuticals Inc. Common Stock,NASDAQ,Health Care,Biotechnology: Pharmaceutical Preparations,5033044181.0,29.21,1782697
ACB,Aurora Cannabis Inc. Common Shares,NASDAQ,Health Care, Medicinal Chemicals and Botanical Products ,185251203.0,2.99,947774
ACCL,Acco Group Holdings Limited Class A Ordinary Shares,NASDAQ,Consumer Discretionary,Professional Services,40171000.0,2.89,17271
ACDC,ProFrac Holding Corp. Class A Common Stock,NASDAQ,Energy,Oilfield Services/Equipment,781577653.0,4.32,1479865
ACET,Adicet Bio Inc. Common Stock,NASDAQ,Health Care,Biotechnology: Pharmaceutical Preparations,74704690.0,7.98,80406
ACFN,Acorn Energy Inc. Common Stock,NASDAQ,Consumer Discretionary,Military/Government/Technical,47656902.0,19.0,130785
ACGL,Arch Capital Group Ltd. Common Stock,NASDAQ,Finance,Property-Casualty Insurers,33604244328.0,98.48,1125394
ACGLN,Arch Capital Group Ltd. Depositary Shares each Representing a 1/1000th Interest in a 4.550% Non-Cumulative Preferred Share Series G,NASDAQ,Finance,Property-Casualty Insurers,5551797880.0,16.27,26369
ACGLO,Arch Capital Group Ltd. Depositary Shares Each Representing 1/1000th Interest in a Share of 5.45% Non-Cumulative Preferred Shares Series F,NASDAQ,Finance,Property-Casualty Insurers,6599337174.0,19.3399,9474
ACHC,Acadia Healthcare Company Inc. Common Stock,NASDAQ,Health Care,Medical Specialities,2935451671.0,31.53,1246183
ACHV,Achieve Life Sciences Inc. Common Shares,NASDAQ,Health Care,Biotechnology: In Vitro & In Vivo Diagnostic Substances,682682729.0,6.65,712571
ACIC,American Coastal Insurance Corporation Common Stock,NASDAQ,Finance,Property-Casualty Insurers,505964651.0,10.44,380654
ACIU,AC Immune SA Common Stock,NASDAQ,Health Care,Biotechnology: Pharmaceutical Preparations,240185632.0,2.36,76957
ACIW,ACI Worldwide Inc. Common Stock,NASDAQ,Technology,Computer Software: Prepackaged Software,5456176462.0,53.67,2454311
ACLS,Axcelis Technologies Inc. Common Stock,NASDAQ,Technology,Industrial Machinery/Components,4311043732.0,140.27,464182
ACMR,ACM Research Inc. Class A Common Stock,NASDAQ,Technology,Industrial Machinery/Components,5549644274.0,83.8,1426586
ACNB,ACNB Corporation Common Stock,NASDAQ,Finance,Major Banks,657451393.0,64.38,44613
ACNT,Ascent Industries Co. Common Stock,NASDAQ,Industrials,Major Chemicals,140637561.0,15.61,41149
ACON,Aclarion Inc. Common Stock,NASDAQ,Health Care,Medical Specialities,5638553.0,2.29,58234
ACRS,Aclaris Therapeutics Inc. Common Stock,NASDAQ,Health Care,Biotechnology: Pharmaceutical Preparations,825412349.0,5.91,2388104
ACRV,Acrivon Therapeutics Inc. Common Stock,NASDAQ,Health Care,Biotechnology: Pharmaceutical Preparations,74046991.0,1.73,302156
ACT,Enact Holdings Inc. Common Stock,NASDAQ,Finance,Specialty Insurers,6834852475.0,48.96,336851
ACTG,Acacia Research Corporation (Acacia Tech) Common Stock,NASDAQ,Miscellaneous,Multi-Sector Companies,465559616.0,4.82,275548
ACTU,Actuate Therapeutics Inc. Common stock,NASDAQ,Health Care,Biotechnology: Pharmaceutical Preparations,26438066.0,1.105,203485
ACXP,Acurx Pharmaceuticals Inc. Common Stock,NASDAQ,Health Care,Biotechnology: Pharmaceutical Preparations,6618517.0,1.54,113319
ADAG,Adagene Inc. American Depositary Shares,NASDAQ,Health Care,Biotechnology: Pharmaceutical Preparations,271472051.0,4.11,285416
ADAM,Adamas Trust Inc. Common Stock,NASDAQ,Real Estate,Real Estate Investment Trusts,882619499.0,9.82,781271
ADAMG,Adamas Trust Inc. 9.125% Senior Notes Due 2030,NASDAQ,Real Estate,Real Estate Investment Trusts,0.0,25.22,10039
ADAMH,Adamas Trust Inc. 9.875% Senior Notes Due 2030,NASDAQ,Real Estate,Real Estate Investment Trusts,0.0,25.42,14216
ADAMI,Adamas Trust Inc. 9.125% Senior Notes Due 2029,NASDAQ,Real Estate,Real Estate Investment Trusts,2299812210.0,25.39,811
ADAML,Adamas Trust Inc. 6.875% Series F Fixed-to-Floating Rate Cumulative Redeemable Preferred Stock $0.01 par value per share,NASDAQ,Real Estate,Real Estate Investment Trusts,2226771698.0,24.775,16709
ADAMM,Adamas Trust Inc. 7.875% Series E Fixed-to-Floating Rate Cumulative Redeemable Preferred Stock,NASDAQ,Real Estate,Real Estate Investment Trusts,2271262192.0,25.27,25782
ADAMN,Adamas Trust Inc. 8.00% Series D Fixed-to-Floating Rate Cumulative Redeemable Preferred Stock,NASDAQ,Real Estate,Real Estate Investment Trusts,2143632896.0,23.85,9094
ADAMO,Adamas Trust Inc. 9.250% Senior Notes Due 2031,NASDAQ,Real Estate,Real Estate Investment Trusts,0.0,25.17,36666
ADAMZ,Adamas Trust Inc. 7.000% Series G Cumulative Redeemable Preferred Stock $0.01 par value per share,NASDAQ,Real Estate,Real Estate Investment Trusts,1678055605.0,18.67,6867
ADBE,Adobe Inc. Common Stock,NASDAQ,Technology,Computer Software: Prepackaged Software,105420975000.0,265.21,4750595
ADEA,Adeia Inc. Common Stock,NASDAQ,Telecommunications,Cable & Other Pay Television Services,3113208635.0,28.23,678085
ADGM,Adagio Medical Holdings Inc Common Stock,NASDAQ,Health Care,Medical/Dental Instruments,15180849.0,0.6835,2737004
ADI,Analog Devices Inc. Common Stock,NASDAQ,Technology,Semiconductors,189929849507.0,389.93,2837487
ADIL,Adial Pharmaceuticals Inc Common Stock,NASDAQ,Health Care,Biotechnology: Pharmaceutical Preparations,8531612.0,3.98,100622
ADMA,ADMA Biologics Inc Common Stock,NASDAQ,Health Care,Biotechnology: Biological Products (No Diagnostic Substances),2217448332.0,9.9,3303169
ADP,Automatic Data Processing Inc. Common Stock,NASDAQ,Technology,EDP Services,107785325803.0,271.32,2119258
ADPT,Adaptive Biotechnologies Corporation Common Stock,NASDAQ,Health Care,Biotechnology: Biological Products (No Diagnostic Substances),3978724341.0,24.93,2495277
ADSE,ADS-TEC ENERGY PLC Ordinary Shares,NASDAQ,Consumer Discretionary,Industrial Specialties,888784706.0,11.83,25873
ADSK,Autodesk Inc. Common Stock,NASDAQ,Technology,Computer Software: Prepackaged Software,52555880000.0,249.08,1820912
ADTN,ADTRAN Holdings Inc. Common Stock,NASDAQ,Utilities,Telecommunications Equipment,615999437.0,7.56,1563535
ADUR,Aduro Clean Technologies Inc. Common Stock,NASDAQ,Industrials,Major Chemicals,568542987.0,16.1,433642
ADUS,Addus HomeCare Corporation Common Stock,NASDAQ,Health Care,Medical/Nursing Services,2234940224.0,119.68,163460
ADV,Advantage Solutions Inc. Class A Common Stock,NASDAQ,Consumer Discretionary,Business Services,361202219.0,28.17,237666
ADVB,Advanced Biomed Inc. Common Stock,NASDAQ,Health Care,Medical Specialities,10524087.0,6.37,64270
ADXN,Addex Therapeutics Ltd American Depositary Shares,NASDAQ,Health Care,Biotechnology: Pharmaceutical Preparations,7341895.0,5.8,162
AEBI,Aebi Schmidt Holding AG Common Stock ,NASDAQ,Industrials,Auto Manufacturing,1017327924.0,13.11,251080
AEC,Anfield Energy Inc. Common Shares,NASDAQ,Basic Materials,Metal Mining,82393401.0,4.13,50258
AEHL,Antelope Enterprise Holdings Limited Class A Ordinary Shares,NASDAQ,Consumer Discretionary,Telecommunications Equipment,7140103.0,0.3038,828129
AEHR,Aehr Test Systems Common Stock,NASDAQ,Industrials,Electrical Products,3362189782.0,103.07,1574698
AEI,Alset Inc. Common Stock (TX),NASDAQ,Finance,Real Estate,45897079.0,1.18,9080
AEIS,Advanced Energy Industries Inc. Common Stock,NASDAQ,Technology,Industrial Machinery/Components,13017194659.0,325.02,453322
AEMD,Aethlon Medical Inc. Common Stock,NASDAQ,Health Care,Medical/Dental Instruments,2047229.0,3.15,72956
AENT,Alliance Entertainment Holding Corporation Class A Common Stock,NASDAQ,Consumer Discretionary,Durable Goods,288544706.0,5.66,2783
AEP,American Electric Power Company Inc. Common Stock,NASDAQ,Utilities,Electric Utilities: Central,68447079067.0,125.73,4311331
AERT,Aeries Technology Inc. Class A Ordinary Share,NASDAQ,Consumer Discretionary,Professional Services,40405017.0,7.04,8916
AEVA,Aeva Technologies Inc. Common Stock,NASDAQ,Consumer Discretionary,Auto Parts:O.E.M.,1678146655.0,26.62,2683862
AEYE,AudioEye Inc. Common Stock,NASDAQ,Technology,Computer Software: Prepackaged Software,74960490.0,6.0,54575
AFCG,Advanced Flower Capital Inc. Common Stock,NASDAQ,Finance,Real Estate,65410186.0,2.78,63099
AFRI,Forafric Global PLC Ordinary Shares,NASDAQ,Consumer Staples,Packaged Foods,301455452.0,11.18,23660
AFRM,Affirm Holdings Inc. Class A Common Stock,NASDAQ,Finance,Finance: Consumer Services,25201117016.0,75.25,2900365
AFYA,Afya Limited Class A Common Shares,NASDAQ,Real Estate,Other Consumer Services,1271191460.0,13.9,116032
AGCC,Agencia Comercial Spirits Ltd Class A Ordinary Shares,NASDAQ,Consumer Staples,Beverages (Production/Distribution),567500530.0,15.22,78585
AGEN,Agenus Inc. Common Stock,NASDAQ,Health Care,Biotechnology: Biological Products (No Diagnostic Substances),311475924.0,6.96,1144975
AGIO,Agios Pharmaceuticals Inc. Common Stock,NASDAQ,Health Care,Biotechnology: Pharmaceutical Preparations,1926579732.0,32.27,1399693
AGMB,AgomAb Therapeutics NV American Depositary Shares,NASDAQ,Health Care,Biotechnology: Biological Products (No Diagnostic Substances),714095638.0,14.5,367403
AGMH,AGM Group Holdings Inc. Class A Ordinary Shares,NASDAQ,Technology,EDP Services,3778845.0,1.08,43706
AGNC,AGNC Investment Corp. Common Stock,NASDAQ,Real Estate,Real Estate Investment Trusts,12850618885.0,10.84,17994865
AGNCL,AGNC Investment Corp. Depositary Shares Each Representing a 1/1000th Interest in a Share of 7.75% Series G Fixed-Rate Reset Cumulative Redeemable Preferred Stock,NASDAQ,Real Estate,Real Estate Investment Trusts,29980825795.0,25.29,5376
AGNCM,AGNC Investment Corp. Depositary Shares rep 6.875% Series D Fixed-to-Floating Cumulative Redeemable Preferred Stock,NASDAQ,Real Estate,Real Estate Investment Trusts,29838568021.0,25.17,16707
AGNCN,AGNC Investment Corp. Depositary Shares Each Representing a 1/1000th Interest in a Share of 7.00% Series C Fixed-To-Floating Rate Cumulative Redeemable Preferred Stock,NASDAQ,Real Estate,Real Estate Investment Trusts,30638767998.0,25.845,5601
AGNCO,AGNC Investment Corp. Depositary Shares each representing a 1/1000th interest in a share of 6.50% Series E Fixed-to-Floating Cumulative Redeemable Preferred Stock,NASDAQ,Real Estate,Real Estate Investment Trusts,30383889487.0,25.63,17647
AGNCP,AGNC Investment Corp. Depositary Shares Each Representing a 1/1000th Interest in a Share of 6.125% Series F Fixed-to-Floating Rate Cumulative Redeemable Preferred Stock,NASDAQ,Real Estate,Real Estate Investment Trusts,29897842093.0,25.22,17111
AGNCZ,AGNC Investment Corp. Depositary Shares Each Representing a 1/1000th Interest in a Share of 8.75% Series H Fixed-Rate Cumulative Redeemable Preferred Stock,NASDAQ,Real Estate,Real Estate Investment Trusts,30241631713.0,25.51,22161
AGNT,AGNT Inc. Common Stock,NASDAQ,Finance,Real Estate,733647743.0,4.39,1417928
AGPU,Axe Compute Inc. Common Stock,NASDAQ,Health Care,Industrial Specialties,96554539.0,8.4,138734
AGRZ,Agroz Inc. Class A Ordinary Shares,NASDAQ,Consumer Staples,Farming/Seeds/Milling,6533473.0,0.3199,170309
AGYS,Agilysys Inc. Common Stock (DE),NASDAQ,Technology,EDP Services,3062584461.0,108.58,218965
AHCO,AdaptHealth Corp. Common Stock,NASDAQ,Health Care,Medical/Nursing Services,775798475.0,5.69,5619349
AHG,Akso Health Group ADS,NASDAQ,Consumer Discretionary,Business Services,1156636309.0,1.3501,21487
AHMA,Ambitions Enterprise Management Co. L.L.C Class A Ordinary Shares,NASDAQ,Consumer Discretionary,Services-Misc. Amusement & Recreation,51721500.0,1.74,49268
AIAI,AIAI Holdings Corporation Class A Common Stock,NASDAQ,Technology,EDP Services,281255960.0,4.0,201320
AIBZ,Bitzero Holdings Inc. Common Shares,NASDAQ,Consumer Discretionary,Services-Misc. Amusement & Recreation,360948012.0,6.69,269081
AIDX,20/20 Biolabs Inc. Common Stock,NASDAQ,Health Care,Precision Instruments,5575520.0,0.4551,26495
AIFA,All In FutureTech Alliance Inc. Common Stock,NASDAQ,Consumer Discretionary,Services-Misc. Amusement & Recreation,12818817.0,2.01,223223
AIFC,AI Financial Corporation Common Stock,NASDAQ,Finance,Investment Bankers/Brokers/Service,61276359.0,0.4382,790226
AIFF,Firefly Neuroscience Inc. Common Stock,NASDAQ,Technology,Computer Software: Prepackaged Software,18726985.0,1.2,70150
AIFU,AIFU Inc. Class A Ordinary Share,NASDAQ,Finance,Specialty Insurers,230662619.0,37.35,19347
AIHS,Senmiao Technology Limited Common Stock,NASDAQ,Consumer Discretionary,Rental/Leasing Companies,22564108.0,1.55,11637
AIIO,Robo.ai Inc. Class B Ordinary Shares,NASDAQ,Industrials,Auto Manufacturing,503814418.0,2.98,344069
AIIR,Air Global PLC Ordinary Shares,NASDAQ,Consumer Discretionary,Tobacco,994396932.0,6.2,4095
AIMD,Ainos Inc. Common Stock,NASDAQ,Technology,Computer peripheral equipment,12730669.0,1.49,34765
AIOS,AIOS Tech Inc. Class A Common Shares,NASDAQ,Industrials,Metal Fabrications,39153523.0,12.05,17449
AIOT,PowerFleet Inc. Common Stock,NASDAQ,Telecommunications,Telecommunications Equipment,591936298.0,4.41,1480609
AIP,Arteris Inc. Common Stock,NASDAQ,Technology,Semiconductors,1375001624.0,29.78,1180159
AIRE,reAlpha Tech Corp. Common Stock,NASDAQ,Finance,Real Estate,7832538.0,1.46,24510
AIRG,Airgain Inc. Common Stock,NASDAQ,Technology,Radio And Television Broadcasting And Communications Equipment,72444294.0,5.53,79745
AIRJ,AirJoule Technologies Corporation Class A Common Stock,NASDAQ,Industrials,Industrial Machinery/Components,428611481.0,5.92,2553938
AIRO,AIRO Group Holdings Inc. Common Stock,NASDAQ,Industrials,Aerospace,267916887.0,8.52,442159
AIRS,AirSculpt Technologies Inc. Common Stock,NASDAQ,Health Care,Medical/Nursing Services,353433862.0,5.01,714638
AIRT,Air T Inc. Common Stock,NASDAQ,Consumer Discretionary,Air Freight/Delivery Services,86288288.0,32.0,6602
AIRTP,Air T Inc. Air T Funding Alpha Income Trust Preferred Securities,NASDAQ,Consumer Discretionary,Air Freight/Delivery Services,51287601.0,19.02,3206
AISP,Airship AI Holdings Inc. Class A Common Stock,NASDAQ,Technology,Computer Software: Prepackaged Software,71232972.0,2.07,549649
AIXC,AIxCrypto Holdings Inc. Common Stock,NASDAQ,Finance,Finance: Consumer Services,16633164.0,0.822,34152
AIXI,XIAO-I Corporation American Depositary Shares,NASDAQ,Technology,Computer Software: Prepackaged Software,3065739.0,1.12,5854778
AKAM,Akamai Technologies Inc. Common Stock,NASDAQ,Consumer Discretionary,Business Services,16070907754.0,110.54,8142128
AKAN,Akanda Corp. Common Shares,NASDAQ,Health Care, Medicinal Chemicals and Botanical Products ,2774514.0,5.13,22483
AKBA,Akebia Therapeutics Inc. Common Stock,NASDAQ,Health Care,Biotechnology: Pharmaceutical Preparations,252138972.0,0.9099,10925451
AKTS,Aktis Oncology Inc. Common stock,NASDAQ,Health Care,Biotechnology: Pharmaceutical Preparations,3730278851.0,24.13,154856
AKTX,Akari Therapeutics plc ADS,NASDAQ,Health Care,Biotechnology: Pharmaceutical Preparations,12252870.0,7.0,67386
ALAB,Astera Labs Inc. Common Stock,NASDAQ,Technology,Semiconductors,57973517204.0,334.17,3544422
ALAR,Alarum Technologies Ltd. American Depositary Share,NASDAQ,Technology,Computer Software: Prepackaged Software,14138418.0,1.95,137621
ALCO,Alico Inc. Common Stock,NASDAQ,Consumer Staples,Farming/Seeds/Milling,283303691.0,38.2,17686
ALDX,Aldeyra Therapeutics Inc. Common Stock,NASDAQ,Health Care,Biotechnology: Pharmaceutical Preparations,93497655.0,1.55,1171189
ALEC,Alector Inc. Common Stock,NASDAQ,Health Care,Biotechnology: Biological Products (No Diagnostic Substances),197624833.0,1.78,1247046
ALGM,Allegro MicroSystems Inc. Common Stock,NASDAQ,Technology,Semiconductors,8158817553.0,43.77,1606978
ALGN,Align Technology Inc. Common Stock,NASDAQ,Health Care,Industrial Specialties,12336780698.0,173.66,870103
ALGS,Aligos Therapeutics Inc. Common Stock,NASDAQ,Health Care,Biotechnology: Biological Products (No Diagnostic Substances),34592167.0,5.59,335802
ALGT,Allegiant Travel Company Common Stock,NASDAQ,Consumer Discretionary,Air Freight/Delivery Services,1762789297.0,95.61,538337
ALHC,Alignment Healthcare Inc. Common Stock,NASDAQ,Health Care,Medical Specialities,2980843091.0,14.37,5671657
ALKS,Alkermes plc Ordinary Shares,NASDAQ,Health Care,Biotechnology: Pharmaceutical Preparations,8248920084.0,49.17,1110995
ALKT,Alkami Technology Inc. Common Stock,NASDAQ,Technology,Computer Software: Prepackaged Software,2109965265.0,19.73,1473464
ALLO,Allogene Therapeutics Inc. Common Stock,NASDAQ,Health Care,Biotechnology: Biological Products (No Diagnostic Substances),693760668.0,2.01,3693705
ALLR,Allarity Therapeutics Inc. Common Stock,NASDAQ,Health Care,Biotechnology: Pharmaceutical Preparations,21490406.0,1.39,49957
ALLT,Allot Ltd. Ordinary Shares,NASDAQ,Telecommunications,Computer Communications Equipment,382578634.0,7.82,220846
ALM,Almonty Industries Inc. Common Shares,NASDAQ,Basic Materials,Other Metals and Minerals,4085385677.0,14.18,9316578
ALMR,Alamar Biosciences Inc. Common Stock,NASDAQ,Industrials,Biotechnology: Laboratory Analytical Instruments,1972596354.0,28.46,135275
ALMS,Alumis Inc. Common Stock,NASDAQ,Health Care,Biotechnology: Pharmaceutical Preparations,3518778648.0,27.6,843492
ALMU,Aeluma Inc. Common Stock,NASDAQ,Technology,Semiconductors,334987631.0,18.3,449701
ALNT,Allient Inc. Common Stock,NASDAQ,Industrials,Electrical Products,1918053266.0,112.81,396937
ALNY,Alnylam Pharmaceuticals Inc. Common Stock,NASDAQ,Health Care,Biotechnology: Pharmaceutical Preparations,29330958666.0,219.2,1735964
ALOT,AstroNova Inc. Common Stock,NASDAQ,Technology,Computer peripheral equipment,224220522.0,28.94,38674
ALOY,REalloys Inc. Common Stock,NASDAQ,Basic Materials,Metal Mining,843956134.0,12.27,3848507
ALP,Alpha Compute Corp Common Stock,NASDAQ,Finance,Finance: Consumer Services,13867641.0,0.192,1259301
ALPS,ALPS Group Inc Ordinary Share,NASDAQ,Health Care,Medical/Nursing Services,69072775.0,0.4151,15614
ALRM,Alarm.com Holdings Inc. Common Stock,NASDAQ,Technology,Computer Software: Prepackaged Software,2845467340.0,57.53,506650
ALRS,Alerus Financial Corporation Common Stock,NASDAQ,Finance,Major Banks,827534599.0,33.23,143518
ALT,Altimmune Inc. Common Stock,NASDAQ,Health Care,Biotechnology: Pharmaceutical Preparations,598980394.0,3.08,4503684
ALTI,AlTi Global Inc. Class A Common Stock,NASDAQ,Finance,Investment Managers,674699388.0,4.45,295859
ALTO,Alto Ingredients Inc. Common Stock,NASDAQ,Industrials,Major Chemicals,340521606.0,4.39,2125259
ALVO,Alvotech Ordinary Shares,NASDAQ,Health Care,Biotechnology: Biological Products (No Diagnostic Substances),1189303555.0,3.81,342037
ALXO,ALX Oncology Holdings Inc. Common Stock,NASDAQ,Health Care,Biotechnology: Pharmaceutical Preparations,282582126.0,2.1,8493084
ALZN,Alzamend Neuro Inc. Common Stock,NASDAQ,Health Care,Biotechnology: Pharmaceutical Preparations,6564389.0,1.37,17031
AMAL,Amalgamated Financial Corp. Common Stock (DE),NASDAQ,Finance,Major Banks,1489027321.0,49.8,116449
AMAT,Applied Materials Inc. Common Stock,NASDAQ,Technology,Semiconductors,428055287090.0,539.14,4551528
AMBA,Ambarella Inc. Ordinary Shares,NASDAQ,Technology,Semiconductors,3806881094.0,86.78,1316169
AMBR,Amber International Holding Limited American Depositary Shares,NASDAQ,Finance,Finance: Consumer Services,130099846.0,1.38,16475
AMCI,AMC Robotics Corporation Common Stock,NASDAQ,Consumer Discretionary,Home Furnishings,110063768.0,4.87,149866
AMCX,AMC Global Media Inc. Class A Common Stock,NASDAQ,Telecommunications,Cable & Other Pay Television Services,489224656.0,11.86,637790
AMD,Advanced Micro Devices Inc. Common Stock,NASDAQ,Technology,Semiconductors,789073136301.0,483.36,26559584
AMGN,Amgen Inc. Common Stock,NASDAQ,Health Care,Biotechnology: Biological Products (No Diagnostic Substances),222170019295.0,410.945,1821471
AMIX,Autonomix Medical Inc. Common Stock,NASDAQ,Health Care,Medical/Dental Instruments,9749272.0,10.04,812661
AMKR,Amkor Technology Inc. Common Stock,NASDAQ,Technology,Semiconductors,13731968127.0,55.27,2903958
AMLX,Amylyx Pharmaceuticals Inc. Common Stock,NASDAQ,Health Care,Biotechnology: Pharmaceutical Preparations,2537271754.0,22.82,2678348
AMOD,Alpha Modus Holdings Inc. Class A Common Stock,NASDAQ,Miscellaneous,Multi-Sector Companies,22139732.0,4.54,30407
AMPG,Amplitech Group Inc. Common Stock,NASDAQ,Telecommunications,Telecommunications Equipment,146965034.0,5.8,1746614
AMPGZ,Amplitech Group Inc. Series B Right,NASDAQ,Telecommunications,Telecommunications Equipment,23565083.0,0.93,3214
AMPH,Amphastar Pharmaceuticals Inc. Common Stock,NASDAQ,Health Care,Biotechnology: Pharmaceutical Preparations,916250857.0,20.78,1299943
AMPL,Amplitude Inc. Class A Common Stock,NASDAQ,Technology,Computer Software: Prepackaged Software,1493292710.0,11.26,2766096
AMRN,Amarin Corporation plc,NASDAQ,Health Care,Biotechnology: Pharmaceutical Preparations,303323896.0,14.36,43818
AMRX,Amneal Pharmaceuticals Inc. Class A Common Stock,NASDAQ,Health Care,Biotechnology: Pharmaceutical Preparations,5787073447.0,18.14,1089805
AMSC,American Superconductor Corporation Common Stock,NASDAQ,Consumer Discretionary,Metal Fabrications,1587206815.0,32.765,869242
AMSF,AMERISAFE Inc. Common Stock,NASDAQ,Finance,Property-Casualty Insurers,539770009.0,29.12,211770
AMSS,AMASS Brands Inc. Common Stock,NASDAQ,Consumer Staples,Beverages (Production/Distribution),13334343.0,1.15,68443
AMST,Amesite Inc. Common Stock,NASDAQ,Technology,Computer Software: Prepackaged Software,6877344.0,1.05,73161
AMTX,Aemetis Inc. (DE) Common Stock,NASDAQ,Industrials,Major Chemicals,121030340.0,1.72,695963
AMZN,Amazon.com Inc. Common Stock,NASDAQ,Consumer Discretionary,Catalog/Specialty Distribution,2960627349243.0,274.48,33833287
ANAB,AnaptysBio Inc. Common Stock,NASDAQ,Health Care,Biotechnology: Pharmaceutical Preparations,1676136109.0,56.61,546704
ANDE,Andersons Inc. (The) Common Stock,NASDAQ,Industrials,Farming/Seeds/Milling,2221662522.0,65.39,515846
ANGH,Anghami Inc. Ordinary Shares,NASDAQ,Consumer Discretionary,Telecommunications Equipment,32134744.0,3.545,8042
ANGI,Angi Inc. Class A Common Stock,NASDAQ,Consumer Discretionary,Advertising,196292255.0,4.84,1149358
ANGO,AngioDynamics Inc. Common Stock,NASDAQ,Health Care,Medical/Dental Instruments,648505183.0,15.69,405910
ANIK,Anika Therapeutics Inc. Common Stock,NASDAQ,Health Care,Medical/Dental Instruments,286663132.0,21.42,183524
ANIP,ANI Pharmaceuticals Inc.,NASDAQ,Health Care,Biotechnology: Pharmaceutical Preparations,1757351646.0,78.25,1020119
ANIX,Anixa Biosciences Inc. Common Stock,NASDAQ,Health Care,Biotechnology: Pharmaceutical Preparations,116358875.0,3.42,153711
ANL,Adlai Nortye Ltd. American Depositary Shares,NASDAQ,Health Care,Biotechnology: Pharmaceutical Preparations,967573855.0,13.28,270006
ANNA,AleAnna Inc. Class A Common Stock,NASDAQ,Energy,Oil & Gas Production,172021408.0,2.57,148040
ANNX,Annexon Inc. Common Stock,NASDAQ,Health Care,Biotechnology: Pharmaceutical Preparations,886388131.0,5.41,2045969
ANPA,Rich Sparkle Holdings Limited Ordinary Shares,NASDAQ,Consumer Discretionary,Other Consumer Services,69770108.0,4.62,19672
ANTA,Antalpha Platform Holding Company Class A Ordinary Shares,NASDAQ,Finance,Investment Bankers/Brokers/Service,138744000.0,3.69,5168
ANTX,AN2 Therapeutics Inc. Common Stock,NASDAQ,Health Care,Biotechnology: Pharmaceutical Preparations,213575835.0,5.93,124478
ANY,Sphere 3D Corp. Common Shares,NASDAQ,Finance,Finance: Consumer Services,18100215.0,2.1,170590
AOSL,Alpha and Omega Semiconductor Limited Common Shares,NASDAQ,Technology,Semiconductors,1079859174.0,36.08,442426
AOUT,American Outdoor Brands Inc. Common Stock ,NASDAQ,Consumer Discretionary,Recreational Games/Products/Toys,157464641.0,12.59,42506
APA,APA Corporation Common Stock,NASDAQ,Energy,Oil & Gas Production,13301084642.0,37.63,5635535
APC,ARKO Petroleum Corp. Class A Common Stock,NASDAQ,Energy,Oil Refining/Marketing,244365135.0,19.44,184403
APEI,American Public Education Inc. Common Stock,NASDAQ,Real Estate,Other Consumer Services,939920325.0,51.24,272649
APGE,Apogee Therapeutics Inc. Common Stock,NASDAQ,Health Care,Biotechnology: Biological Products (No Diagnostic Substances),10165503325.0,134.84,1495249
API,Agora Inc. American Depositary Shares,NASDAQ,Technology,Computer Software: Prepackaged Software,377092041.0,4.46,605661
APLD,Applied Digital Corporation Common Stock,NASDAQ,Technology,EDP Services,8516727453.0,29.22,12941645
APLM,Apollomics Inc. Class A Ordinary Shares,NASDAQ,Health Care,Biotechnology: Pharmaceutical Preparations,37113279.0,16.9,7421
APMD,Apnimed Inc. Common Stock,NASDAQ,Health Care,Biotechnology: Pharmaceutical Preparations,1025990280.0,27.0,159913
APOG,Apogee Enterprises Inc. Common Stock,NASDAQ,Consumer Discretionary,Auto Parts:O.E.M.,908188155.0,43.52,133962
APP,Applovin Corporation Class A Common Stock,NASDAQ,Technology,Computer Software: Programming Data Processing,116056966800.0,346.8,7728308
APPF,AppFolio Inc. Class A Common Stock,NASDAQ,Technology,Computer Software: Prepackaged Software,7038772990.0,198.74,389823
APPN,Appian Corporation Class A Common Stock,NASDAQ,Technology,Computer Software: Prepackaged Software,2542995837.0,34.64,1489957
APPS,Digital Turbine Inc. Common Stock,NASDAQ,Miscellaneous,Multi-Sector Companies,1735373025.0,14.34,4637435
APRE,Aprea Therapeutics Inc. Common stock,NASDAQ,Health Care,Biotechnology: Pharmaceutical Preparations,8052519.0,0.6503,38370
APVO,Aptevo Therapeutics Inc. Common Stock,NASDAQ,Health Care,Biotechnology: Pharmaceutical Preparations,6345010.0,4.18,10362
APWC,Asia Pacific Wire & Cable Corporation Ltd. Ordinary Shares (Bermuda),NASDAQ,Industrials,Telecommunications Equipment,64734953.0,1.57,4193
APYX,Apyx Medical Corporation Common Stock,NASDAQ,Health Care,Medical/Dental Instruments,169743762.0,4.05,299188
AQB,AquaBounty Technologies Inc. Common Stock,NASDAQ,Consumer Staples,Meat/Poultry/Fish,6022229.0,1.17,14215846
AQMS,Aqua Metals Inc. Common Stock,NASDAQ,Industrials,Metal Fabrications,10191699.0,2.86,63376
AQST,Aquestive Therapeutics Inc. Common Stock,NASDAQ,Health Care,Biotechnology: Pharmaceutical Preparations,494339933.0,3.94,1859399
ARAI,Arrive AI Inc. Common Stock,NASDAQ,Consumer Discretionary,Diversified Commercial Services,13794586.0,0.266,955819
ARAY,Accuray Incorporated Common Stock,NASDAQ,Health Care,Medical/Dental Instruments,33904653.0,0.285,993789
ARBB,ARB IOT Group Limited Ordinary Shares,NASDAQ,Technology,EDP Services,7237550.0,4.1,1274
ARBE,Arbe Robotics Ltd. Ordinary Shares,NASDAQ,Technology,EDP Services,83856470.0,0.768,718774
ARBK,Argo Blockchain plc American Depositary Shares,NASDAQ,Finance,Finance: Consumer Services,38437112.0,2.8771,5890
ARCB,ArcBest Corporation Common Stock,NASDAQ,Industrials,Trucking Freight/Courier Services,3079122527.0,137.76,247807
ARCC,Ares Capital Corporation Common Stock,NASDAQ,Finance,Finance: Consumer Services,14367637128.0,20.01,5859980
ARCT,Arcturus Therapeutics Holdings Inc. Common Stock,NASDAQ,Health Care,Biotechnology: Pharmaceutical Preparations,210614941.0,7.41,1461157
ARDX,Ardelyx Inc. Common Stock,NASDAQ,Health Care,Biotechnology: Pharmaceutical Preparations,988117548.0,4.0,20067328
AREC,American Resources Corporation Class A Common Stock,NASDAQ,Energy,Coal Mining,293101285.0,2.74,5422660
ARGX,argenx SE American Depositary Shares,NASDAQ,Health Care,Biotechnology: Biological Products (No Diagnostic Substances),53686880636.0,865.04,250175
ARHS,Arhaus Inc. Class A Common Stock,NASDAQ,Consumer Discretionary,Other Specialty Stores,1358784614.0,9.6,2021878
ARKO,ARKO Corp. Common Stock,NASDAQ,Consumer Staples,Food Chains,634971181.0,5.66,2165000
ARKR,Ark Restaurants Corp. Common Stock,NASDAQ,Consumer Discretionary,Restaurants,20241359.0,5.613,299
ARLP,Alliance Resource Partners L.P. Common Units representing Limited Partners Interests,NASDAQ,Energy,Coal Mining,3167579681.0,24.62,571833
ARM,Arm Holdings plc American Depositary Shares,NASDAQ,Technology,Semiconductors,300670092558.0,282.57,3824552
AROW,Arrow Financial Corporation Common Stock,NASDAQ,Finance,Major Banks,651243349.0,39.4,65072
ARQ,Arq Inc. Common Stock,NASDAQ,Industrials,Major Chemicals,89286617.0,2.08,210616
ARQQ,Arqit Quantum Inc. Ordinary Shares,NASDAQ,Technology,Computer Software: Prepackaged Software,551674397.0,22.9,257416
ARQT,Arcutis Biotherapeutics Inc. Common Stock,NASDAQ,Health Care,Biotechnology: Pharmaceutical Preparations,3178749694.0,25.29,2449060
ARRY,Array Technologies Inc. Common Stock,NASDAQ,Technology,Semiconductors,854742691.0,5.55,10789701
ARTL,Artelo Biosciences Inc. Common Stock,NASDAQ,Health Care,Biotechnology: Pharmaceutical Preparations,2513074.0,0.721,117246
ARTNA,Artesian Resources Corporation Class A Common Stock,NASDAQ,Utilities,Water Supply,357845021.0,34.66,20649
ARTV,Artiva Biotherapeutics Inc. Common Stock,NASDAQ,Health Care,Biotechnology: Biological Products (No Diagnostic Substances),550942707.0,11.27,214686
ARTW,Art's-Way Manufacturing Co. Inc. Common Stock,NASDAQ,Industrials,Industrial Machinery/Components,11417042.0,2.195,8021
ARVN,Arvinas Inc. Common Stock,NASDAQ,Health Care,Biotechnology: Pharmaceutical Preparations,572129171.0,8.75,1218208
ARWR,Arrowhead Pharmaceuticals Inc. Common Stock,NASDAQ,Health Care,Biotechnology: Pharmaceutical Preparations,12380954033.0,87.65,948382
ARXS,Arxis Inc. Class A Common Stock,NASDAQ,Industrials,Military/Government/Technical,25044287456.0,59.99,649832
ASBP,Aspire Biopharma Holdings Inc. Common Stock,NASDAQ,Health Care,Biotechnology: Pharmaceutical Preparations,10012159.0,7.73,38974
ASLE,AerSale Corporation Common Stock,NASDAQ,Consumer Discretionary,Industrial Specialties,278791691.0,5.9,1087399
ASMB,Assembly Biosciences Inc. Common Stock,NASDAQ,Health Care,Biotechnology: Pharmaceutical Preparations,424014781.0,26.68,119777
ASML,ASML Holding N.V. New York Registry Shares,NASDAQ,Technology,Industrial Machinery/Components,671008300588.0,1740.99,1063920
ASND,Ascendis Pharma A/S Ordinary Share,NASDAQ,Health Care,Biotechnology: Pharmaceutical Preparations,15829649777.0,255.41,325596
ASO,Academy Sports and Outdoors Inc. Common Stock,NASDAQ,Consumer Discretionary,Other Specialty Stores,2984944196.0,48.13,896151
ASPI,ASP Isotopes Inc. Common Stock,NASDAQ,Industrials,Major Chemicals,679160553.0,4.43,3385548
ASPS,Altisource Portfolio Solutions S.A. Common Stock,NASDAQ,Consumer Discretionary,Other Consumer Services,65780387.0,5.76,5127
ASPSZ,Altisource Portfolio Solutions S.A. Cash Exercise Stakeholder Warrants,NASDAQ,Consumer Discretionary,Other Consumer Services,2398243.0,0.21,15997
ASRV,AmeriServ Financial Inc. Common Stock,NASDAQ,Finance,Major Banks,83464194.0,4.92,58043
ASST,Strive Inc. Class A Common Stock,NASDAQ,Technology,Computer Software: Prepackaged Software,1050940463.0,12.48,2842158
ASTC,Astrotech Corporation (DE) Common Stock,NASDAQ,Industrials,Biotechnology: Laboratory Analytical Instruments,17840364.0,8.88,174479
ASTE,Astec Industries Inc. Common Stock,NASDAQ,Industrials,Construction/Ag Equipment/Trucks,1018872490.0,44.25,395453
ASTH,Astrana Health Inc. Common Stock,NASDAQ,Consumer Discretionary,Professional Services,1992412027.0,35.76,910004
ASTI,Ascent Solar Technologies Inc. Common Stock,NASDAQ,Technology,Semiconductors,35142823.0,3.58,759549
ASTL,Algoma Steel Group Inc. Common Shares,NASDAQ,Industrials,Steel/Iron Ore,429458622.0,4.075,794604
ASTS,AST SpaceMobile Inc. Class A Common Stock,NASDAQ,Consumer Discretionary,Telecommunications Equipment,27921681710.0,71.94,14314082
ASUR,Asure Software Inc Common Stock,NASDAQ,Technology,EDP Services,250383774.0,8.67,109495
ASYS,Amtech Systems Inc. Common Stock,NASDAQ,Technology,Industrial Machinery/Components,271900809.0,15.53,266073
ATAI,AtaiBeckley Inc. Common Stock,NASDAQ,Health Care,Biotechnology: Pharmaceutical Preparations,2669208387.0,7.25,6406920
ATAT,Atour Lifestyle Holdings Limited American Depositary Shares,NASDAQ,Consumer Discretionary,Hotels/Resorts,4803685251.0,35.31,509291
ATCX,Atlas Critical Minerals Corporation Common Stock,NASDAQ,Basic Materials,Precious Metals,13928341.0,2.74,23626
ATEC,Alphatec Holdings Inc. Common Stock,NASDAQ,Health Care,Medical/Dental Instruments,1437939518.0,9.31,2412656
ATER,Aterian Inc. Common Stock,NASDAQ,Consumer Discretionary,Home Furnishings,5367901.0,0.4934,153453
ATEX,Anterix Inc. Common Stock,NASDAQ,Telecommunications,Telecommunications Equipment,1935418430.0,99.26,198143
ATGL,Alpha Technology Group Limited Class A Ordinary Shares,NASDAQ,Technology,EDP Services,137461875.0,8.35,687651
ATHE,Alterity Therapeutics Limited American Depositary Shares,NASDAQ,Health Care,Biotechnology: Pharmaceutical Preparations,80659539.0,4.45,1325
ATHR,Aether Holdings Inc. Common Stock,NASDAQ,Technology,Computer Software: Prepackaged Software,49826394.0,4.075,918
ATLC,Atlanticus Holdings Corporation Common Stock,NASDAQ,Finance,Finance: Consumer Services,1511950880.0,100.01,357026
ATLCL,Atlanticus Holdings Corporation 6.125% Senior Notes due 2026,NASDAQ,Finance,Finance: Consumer Services,378892497.0,25.05,2079
ATLCP,Atlanticus Holdings Corporation 7.625% Series B Cumulative Perpetual Preferred Stock no par value per share,NASDAQ,Finance,Finance: Consumer Services,370390927.0,24.5,11396
ATLCZ,Atlanticus Holdings Corporation 9.25% Senior Notes due 2029,NASDAQ,Finance,Finance: Consumer Services,386908985.0,25.58,12867
ATLO,Ames National Corporation Common Stock,NASDAQ,Finance,Major Banks,276788125.0,31.25,33253
ATLX,Atlas Lithium Corporation Common Stock,NASDAQ,Industrials,Mining & Quarrying of Nonmetallic Minerals (No Fuels),91716659.0,3.11,170955
ATNI,ATN International Inc. Common Stock,NASDAQ,Telecommunications,Telecommunications Equipment,491725870.0,31.97,151634
ATOM,Atomera Incorporated Common Stock,NASDAQ,Technology,Semiconductors,212166420.0,5.48,424437
ATOS,Atossa Therapeutics Inc. Common Stock,NASDAQ,Health Care,Biotechnology: Pharmaceutical Preparations,20322812.0,2.36,77530
ATPC,Agape ATP Corporation Common Stock,NASDAQ,Health Care,Medical/Nursing Services,2631646.0,2.63,207730
ATRA,Atara Biotherapeutics Inc. Common Stock,NASDAQ,Health Care,Biotechnology: Biological Products (No Diagnostic Substances),76135953.0,8.45,23221
ATRC,AtriCure Inc. Common Stock,NASDAQ,Health Care,Medical/Dental Instruments,2105355909.0,41.39,527790
ATRO,Astronics Corporation Common Stock,NASDAQ,Industrials,Military/Government/Technical,3343906443.0,77.75,581753
ATTO,Attovia Therapeutics Inc. Common Stock,NASDAQ,Health Care,Biotechnology: Biological Products (No Diagnostic Substances),919328773.0,20.17,237916
ATXG,Addentax Group Corp. Common Stock,NASDAQ,Consumer Discretionary,Professional Services,4074168.0,3.95,19623
ATYR,aTyr Pharma Inc. Common Stock,NASDAQ,Health Care,Biotechnology: Biological Products (No Diagnostic Substances),50143390.0,0.5114,355769
AUBN,Auburn National Bancorporation Inc. Common Stock,NASDAQ,Finance,Major Banks,92047296.0,26.35,830
AUC,ATIF Holdings Limited Ordinary Shares,NASDAQ,Consumer Discretionary,Professional Services,135193611.0,7.0,2407
AUDC,AudioCodes Ltd. Common Stock,NASDAQ,Utilities,Telecommunications Equipment,244433039.0,9.94,75292
AUGO,Aura Minerals Inc. Common Shares,NASDAQ,Basic Materials,Metal Mining,6211295101.0,74.13,1332154
AUID,authID Inc. Common Stock,NASDAQ,Technology,Computer Software: Prepackaged Software,10565582.0,0.6319,160504
AUPH,Aurinia Pharmaceuticals Inc Ordinary Shares,NASDAQ,Health Care,Biotechnology: Pharmaceutical Preparations,2059522435.0,15.85,1545239
AUR,Aurora Innovation Inc. Class A Common Stock,NASDAQ,Technology,EDP Services,14149336192.0,7.06,28659713
AURA,Aura Biosciences Inc. Common Stock,NASDAQ,Health Care,Biotechnology: Biological Products (No Diagnostic Substances),826456964.0,7.99,538292
AURE,Aurelion Inc. Class A Ordinary Shares,NASDAQ,Finance,Finance: Consumer Services,57482499.0,1.6614,32857
AUTL,Autolus Therapeutics plc American Depositary Share,NASDAQ,Health Care,Biotechnology: Biological Products (No Diagnostic Substances),561588708.0,2.11,2034747
AUUD,Auddia Inc. Common Stock,NASDAQ,Technology,EDP Services,4410322.0,0.8222,380039
AVAH,Aveanna Healthcare Holdings Inc. Common Stock,NASDAQ,Health Care,Medical/Nursing Services,2066496876.0,9.49,1172388
AVAT,Avalanche Treasury Corporation Class A Common Stock,NASDAQ,Finance,Finance: Consumer Services,14502542.0,0.32,79214
AVAV,AeroVironment Inc. Common Stock,NASDAQ,Industrials,Aerospace,9450037442.0,186.73,1911804
AVBH,Avidbank Holdings Inc. Common stock,NASDAQ,Finance,Commercial Banks,357138444.0,32.6,42486
AVBP,ArriVent BioPharma Inc. Common Stock,NASDAQ,Health Care,Biotechnology: Pharmaceutical Preparations,1436370780.0,30.84,302098
AVGO,Broadcom Inc. Common Stock,NASDAQ,Technology,Semiconductors,2035102505496.0,427.76,14680206
AVIR,Atea Pharmaceuticals Inc. Common Stock,NASDAQ,Health Care,Biotechnology: Pharmaceutical Preparations,420142270.0,5.25,265009
AVLN,Avalyn Pharma Inc. Common Stock,NASDAQ,Health Care,Biotechnology: Pharmaceutical Preparations,1503778582.0,33.92,120919
AVNW,Aviat Networks Inc. Common Stock,NASDAQ,Technology,Radio And Television Broadcasting And Communications Equipment,273281459.0,21.12,95891
AVO,Mission Produce Inc. Common Stock,NASDAQ,Consumer Staples,Farming/Seeds/Milling,1165821452.0,13.2,1340652
AVPT,AvePoint Inc. Class A Common Stock,NASDAQ,Technology,Computer Software: Prepackaged Software,2711699937.0,12.79,3022434
AVR,Anteris Technologies Global Corp. Common Stock,NASDAQ,Health Care,Industrial Specialties,867319029.0,8.91,502574
AVT,Avnet Inc. Common Stock,NASDAQ,Technology,Electronic Components,7917784539.0,96.53,1577908
AVTX,Avalo Therapeutics Inc. Common Stock,NASDAQ,Health Care,Biotechnology: Pharmaceutical Preparations,969182758.0,18.32,729796
AVX,Avax One Technology Ltd. Common Shares,NASDAQ,Finance,Finance: Consumer Services,26436787.0,3.54,30270
AVXL,Anavex Life Sciences Corp. Common Stock,NASDAQ,Health Care,Biotechnology: Biological Products (No Diagnostic Substances),309523672.0,3.34,1045691
AWRE,Aware Inc. Common Stock,NASDAQ,Technology,Computer Software: Prepackaged Software,27702049.0,1.27,12134
AXG,Solowin Holdings Class A Ordinary Share,NASDAQ,Finance,Investment Bankers/Brokers/Service,502069950.0,2.6,148786
AXGN,Axogen Inc. Common Stock,NASDAQ,Health Care,Biotechnology: Electromedical & Electrotherapeutic Apparatus,2496147049.0,46.43,713014
AXON,Axon Enterprise Inc. Common Stock,NASDAQ,Industrials,Ordnance And Accessories,46024591988.0,571.01,1591913
AXSM,Axsome Therapeutics Inc. Common Stock,NASDAQ,Health Care,Biotechnology: Pharmaceutical Preparations,10947550619.0,212.74,1024411
AXTI,AXT Inc Common Stock,NASDAQ,Technology,Semiconductors,5795185639.0,88.58,19085290
AYA,Aya Gold & Silver Inc. Common Shares,NASDAQ,Basic Materials,Precious Metals,3897679675.0,27.19,855388
AYTU,Aytu BioPharma Inc.  Common Stock,NASDAQ,Health Care,Biotechnology: Pharmaceutical Preparations,25330371.0,2.36,38146
AZ,A2Z Cust2Mate Solutions Corp. Common Shares,NASDAQ,Industrials,Industrial Machinery/Components,280366556.0,6.22,176200
AZI,Autozi Internet Technology (Global) Ltd. Class A Ordinary Shares,NASDAQ,Consumer Discretionary,Automotive Aftermarket,6825648.0,1.5,11236732
AZIO,Azio AI Holdings Inc. Common Stock,NASDAQ,Consumer Discretionary,Auto Parts:O.E.M.,18749543.0,1.45,391153
AZTA,Azenta Inc.,NASDAQ,Technology,Industrial Machinery/Components,1402222494.0,32.04,735904
BAER,Bridger Aerospace Group Holdings Inc. Common Stock,NASDAQ,Industrials,Aerospace,72623428.0,1.26,4183508
BAFN,BayFirst Financial Corp. Common Stock,NASDAQ,Finance,Major Banks,26037778.0,6.34,18655
BAND,Bandwidth Inc. Class A Common Stock,NASDAQ,Technology,Computer Software: Prepackaged Software,1607752168.0,49.96,1337626
BANF,BancFirst Corporation Common Stock,NASDAQ,Finance,Major Banks,3795597595.0,113.01,71118
BANFP,BancFirst Corporation - BFC Capital Trust II Cumulative Trust Preferred Securities,NASDAQ,Finance,Major Banks,911067692.0,27.1261,414
BANL,CBL International Limited Class B Ordinary Shares,NASDAQ,Energy,Oil Refining/Marketing,7932788.0,3.75,7755
BANR,Banner Corporation Common Stock,NASDAQ,Finance,Major Banks,2401713519.0,70.67,340531
BANX,ArrowMark Financial Corp. Common Stock,NASDAQ,Finance,Trusts Except Educational Religious and Charitable,145745886.0,20.52,17955
BAOS,Baosheng Media Group Holdings Limited Ordinary shares,NASDAQ,Consumer Discretionary,Business Services,20733801.0,0.6513,608831
BATRA,Atlanta Braves Holdings Inc. Series A Common Stock,NASDAQ,Consumer Discretionary,Services-Misc. Amusement & Recreation,3430415774.0,53.46,52897
BATRK,Atlanta Braves Holdings Inc. Series C Common Stock,NASDAQ,Consumer Discretionary,Services-Misc. Amusement & Recreation,3212244924.0,50.06,509194
BBCP,Concrete Pumping Holdings Inc. Common Stock,NASDAQ,Consumer Discretionary,Engineering & Construction,491335845.0,9.75,89075
BBGI,Beasley Broadcast Group Inc. Class A Common Stock,NASDAQ,Consumer Discretionary,Broadcasting,39984100.0,22.11,65996
BBIO,BridgeBio Pharma Inc. Common Stock,NASDAQ,Health Care,Biotechnology: Pharmaceutical Preparations,16533386665.0,84.48,2148281
BBLG,Bone Biologics Corp Common Stock,NASDAQ,Health Care,Industrial Specialties,1688179.0,0.9325,35101
BBNX,Beta Bionics Inc. Common Stock,NASDAQ,Health Care,Medical/Dental Instruments,715336039.0,15.9,1274281
BBOT,BridgeBio Oncology Therapeutics Inc. Common Stock  ,NASDAQ,Health Care,Biotechnology: Pharmaceutical Preparations,747399280.0,9.33,219424
BBSI,Barrett Business Services Inc. Common Stock,NASDAQ,Consumer Discretionary,Professional Services,814889154.0,33.18,334158
BCAB,BioAtla Inc. Common Stock,NASDAQ,Health Care,Biotechnology: Biological Products (No Diagnostic Substances),5742057.0,3.46,37097
BCAL,California BanCorp Common Stock,NASDAQ,Finance,Major Banks,683502510.0,21.25,110018
BCAX,Bicara Therapeutics Inc. Common Stock,NASDAQ,Health Care,Biotechnology: Pharmaceutical Preparations,1843650480.0,28.06,570582
BCBP,BCB Bancorp Inc. (NJ) Common Stock,NASDAQ,Finance,Savings Institutions,154705729.0,8.91,155866
BCDA,BioCardia Inc. Common Stock,NASDAQ,Health Care,Biotechnology: Biological Products (No Diagnostic Substances),11127892.0,0.9783,194511
BCG,Binah Capital Group Inc. Common Stock,NASDAQ,Finance,Finance: Consumer Services,22693677.0,1.35,21577
BCIC,BCP Investment Corporation Common Stock,NASDAQ,Finance,Finance: Consumer Services,92831108.0,7.5,168207
BCML,BayCom Corp Common Stock,NASDAQ,Finance,Major Banks,332952355.0,30.52,51683
BCPC,Balchem Corporation Common Stock,NASDAQ,Industrials,Major Chemicals,5719873308.0,179.43,175653
BCRX,BioCryst Pharmaceuticals Inc. Common Stock,NASDAQ,Health Care,Biotechnology: Biological Products (No Diagnostic Substances),2396919285.0,9.38,4383247
BCTX,BriaCell Therapeutics Corp. Common Shares,NASDAQ,Health Care,Biotechnology: Pharmaceutical Preparations,31667225.0,3.64,145433
BCTXL,BriaCell Therapeutics Corp. Warrant expiring 2031,NASDAQ,Health Care,Biotechnology: Pharmaceutical Preparations,7916806.0,0.91,9692
BCTXZ,BriaCell Therapeutics Corp. Warrant expiring 2030,NASDAQ,Health Care,Biotechnology: Pharmaceutical Preparations,776021.0,0.0892,392333
BCYC,Bicycle Therapeutics plc American Depositary Shares,NASDAQ,Health Care,Biotechnology: Pharmaceutical Preparations,291870272.0,4.17,288714
BDMD,Baird Medical Investment Holdings Ltd Ordinary Share,NASDAQ,Health Care,Medical/Dental Instruments,51494691.0,1.22,126477
BDRX,Biodexa Pharmaceuticals plc American Depositary Shs,NASDAQ,Health Care,Biotechnology: Pharmaceutical Preparations,1584757.0,1.54,24456
BDSX,Biodesix Inc. Common Stock,NASDAQ,Health Care,Medical Specialities,247951273.0,23.5,80913
BDTX,Black Diamond Therapeutics Inc. Common Stock,NASDAQ,Health Care,Biotechnology: Biological Products (No Diagnostic Substances),112034807.0,1.95,599921
BEAM,Beam Therapeutics Inc. Common Stock,NASDAQ,Health Care,Biotechnology: Biological Products (No Diagnostic Substances),2838345034.0,27.48,1324319
BEAT,Heartbeam Inc. Common Stock,NASDAQ,Health Care,Medical/Dental Instruments,29068929.0,0.5237,460305
BEEM,Beam Global Common Stock,NASDAQ,Miscellaneous,Industrial Machinery/Components,24096161.0,1.14,458504
BEEP,Mobile Infrastructure Corporation Common Stock,NASDAQ,Finance,Real Estate,102176000.0,2.48,147358
BENF,Beneficient Class A Common Stock,NASDAQ,Finance,Finance: Consumer Services,46253832.0,3.0,25607
BETR,Better Home & Finance Holding Company Class A Common Stock,NASDAQ,Finance,Finance: Consumer Services,291727464.0,15.46,1219557
BFC,Bank First Corporation Common Stock,NASDAQ,Finance,Major Banks,1700084454.0,153.42,47540
BFRG,Bullfrog AI Holdings Inc. Common Stock,NASDAQ,Health Care,Biotechnology: Pharmaceutical Preparations,10939574.0,0.59,75315
BFRI,Biofrontera Inc. Common Stock,NASDAQ,Health Care,Biotechnology: Pharmaceutical Preparations,16260247.0,1.27,247294
BFST,Business First Bancshares Inc. Common Stock,NASDAQ,Finance,Major Banks,1030529296.0,31.66,328061
BGC,BGC Group Inc. Class A Common Stock,NASDAQ,Finance,Investment Bankers/Brokers/Service,4958236193.0,10.35,1789813
BGDE,Big Digital Energy Inc. Common Stock,NASDAQ,Finance,Finance: Consumer Services,32023262.0,5.8,19482
BGIN,Bgin Blockchain Limited Class A Ordinary Shares,NASDAQ,Finance,Finance: Consumer Services,192331100.0,1.7,1699
BGL,Blue Gold Limited Class A Ordinary Shares,NASDAQ,Basic Materials,Metal Mining,7759177.0,0.19,164420
BGLC,BioNexus Gene Lab Corp Common stock,NASDAQ,Health Care,Medical Specialities,3964395.0,1.64,19938
BGM,BGM Group Ltd. Class A Ordinary Shares,NASDAQ,Health Care,Biotechnology: Pharmaceutical Preparations,120347257.0,0.3004,19957
BGMS,Bio Green Med Solution Inc. Common Stock,NASDAQ,Health Care,Biotechnology: Pharmaceutical Preparations,5244035.0,0.9501,12457
BHF,Brighthouse Financial Inc. Common Stock,NASDAQ,Finance,Life Insurance,3492703728.0,60.8,1800520
BHFAL,Brighthouse Financial Inc. 6.25% Junior Subordinated Debentures due 2058,NASDAQ,Finance,Life Insurance,905058343.0,15.755,18459
BHFAM,Brighthouse Financial Inc. Depositary shares each representing a 1/1000th Interest in a Share of 4.625% Non-Cumulative Preferred Stock Series D,NASDAQ,Finance,Life Insurance,575032308.0,10.01,58373
BHFAN,Brighthouse Financial Inc. Depositary shares each representing a 1/1000th interest in a share of 5.375% Non-Cumulative Preferred Stock Series C,NASDAQ,Finance,Life Insurance,646265081.0,11.25,146333
BHFAO,Brighthouse Financial Inc. Depositary Shares 6.75% Non-Cumulative Preferred Stock Series B,NASDAQ,Finance,Life Insurance,820354533.0,14.2805,71619
BHFAP,Brighthouse Financial Inc. Depositary Shares 6.6% Non-Cumulative Preferred Stock Series A,NASDAQ,Finance,Life Insurance,797634725.0,13.885,29164
BHRB,Burke & Herbert Financial Services Corp. Common Stock,NASDAQ,Finance,Major Banks,1480526855.0,73.42,66796
BIAF,bioAffinity Technologies Inc. Common Stock,NASDAQ,Health Care,Biotechnology: Commercial Physical & Biological Resarch,3969361.0,0.51,526643
BIDU,Baidu Inc. ADS,NASDAQ,Technology,Computer Software: Programming Data Processing,37329119219.0,109.71,1658151
BIIB,Biogen Inc. Common Stock,NASDAQ,Health Care,Biotechnology: Biological Products (No Diagnostic Substances),30723966344.0,207.94,840505
BILI,Bilibili Inc. American Depositary Shares,NASDAQ,Technology,EDP Services,7807527145.0,18.74,1521213
BIOA,BioAge Labs Inc. Common Stock,NASDAQ,Health Care,Biotechnology: Pharmaceutical Preparations,537911773.0,11.72,953046
BIOT,Instinct Bio Technical Company Holdings Inc. Ordinary Shares,NASDAQ,Consumer Discretionary,Package Goods/Cosmetics,11544671.0,0.4015,389743
BIOX,Bioceres Crop Solutions Corp. Ordinary Shares,NASDAQ,Industrials,Agricultural Chemicals,21769483.0,0.3443,227337
BIRD,Smartbird Inc. Class A Common Stock,NASDAQ,Consumer Discretionary,Apparel,22279309.0,2.53,418051
BIVI,BioVie Inc. Class A Common Stock,NASDAQ,Health Care,Biotechnology: Pharmaceutical Preparations,7536560.0,0.9993,3351514
BIYA,Baiya International Group Inc Class A Ordinary Shares,NASDAQ,Consumer Discretionary,Diversified Commercial Services,18987022.0,2.78,349375
BJDX,Bluejay Diagnostics Inc. Common Stock,NASDAQ,Health Care,Medical/Dental Instruments,1107145.0,1.07,704630
BJRI,BJ's Restaurants Inc. Common Stock,NASDAQ,Consumer Discretionary,Restaurants,1479590356.0,69.55,436092
BKHA,Black Hawk Acquisition Corporation Class A Ordinary Shares,NASDAQ,Health Care,Biotechnology: Biological Products (No Diagnostic Substances),0.0,11.78,1802
BKNG,Booking Holdings Inc. Common Stock,NASDAQ,Consumer Discretionary,Transportation Services,161111006810.0,214.42,7207028
BKR,Baker Hughes Company Class A Common Stock,NASDAQ,Consumer Discretionary,Oil and Gas Field Machinery,61099089070.0,61.55,7321489
BKYI,BIO-key International Inc. Common Stock,NASDAQ,Technology,Computer Software: Prepackaged Software,4382061.0,4.03,95668
BL,BlackLine Inc. Common Stock,NASDAQ,Technology,Computer Software: Prepackaged Software,1717601729.0,29.55,1073284
BLBD,Blue Bird Corporation Common Stock,NASDAQ,Consumer Discretionary,Construction/Ag Equipment/Trucks,2178044442.0,68.76,889858
BLDP,Ballard Power Systems Inc. Common Shares,NASDAQ,Energy,Industrial Machinery/Components,789947014.0,2.62,3513809
BLFS,BioLife Solutions Inc. Common Stock,NASDAQ,Health Care,Biotechnology: Electromedical & Electrotherapeutic Apparatus,1693398004.0,34.66,655887
BLIN,Bridgeline Digital Inc. Common Stock,NASDAQ,Technology,Computer Software: Prepackaged Software,16225294.0,1.14,82733
BLIV,BeLive Holdings Ordinary Share,NASDAQ,Technology,EDP Services,28248485.0,2.6,3569
BLKB,Blackbaud Inc. Common Stock,NASDAQ,Technology,Computer Software: Prepackaged Software,2082043749.0,45.87,486584
BLLN,BillionToOne Inc. Class A Common Stock,NASDAQ,Health Care,Medical Specialities,4406797479.0,93.39,1528801
BLMN,Bloomin' Brands Inc. Common Stock,NASDAQ,Consumer Discretionary,Restaurants,937476443.0,10.95,2011591
BLNE,Beeline Holdings Inc. Common Stock,NASDAQ,Finance,Finance: Consumer Services,32944979.0,1.01,147222
BLNK,Blink Charging Co. Common Stock,NASDAQ,Miscellaneous,Industrial Machinery/Components,87904806.0,0.6118,3757814
BLRX,BioLineRx Ltd. American Depositary Shares,NASDAQ,Health Care,Biotechnology: Pharmaceutical Preparations,11792177.0,2.71,6698
BLTE,Belite Bio Inc American Depositary Shares,NASDAQ,Health Care,Biotechnology: Pharmaceutical Preparations,6414380478.0,163.05,126444
BLZE,Backblaze Inc. Class A Common Stock,NASDAQ,Technology,Computer Software: Prepackaged Software,1164958000.0,18.82,2166112
BMBL,Bumble Inc. Class A Common Stock,NASDAQ,Technology,Computer Software: Programming Data Processing,369120205.0,2.83,2039003
BMEA,Biomea Fusion Inc. Common Stock,NASDAQ,Health Care,Biotechnology: Pharmaceutical Preparations,91329654.0,1.26,426641
BMGL,Basel Medical Group Ltd Ordinary Shares,NASDAQ,Health Care,Medical/Nursing Services,8915409.0,5.695,622
BMHL,Bluemount Holdings Limited Class B Ordinary Shares,NASDAQ,Finance,Finance: Consumer Services,147761651.0,5.79,3089
BMR,Beamr Imaging Ltd. Ordinary Share,NASDAQ,Technology,Computer Software: Prepackaged Software,20188810.0,1.3,45967
BMRA,Biomerica Inc. Common Stock,NASDAQ,Health Care,Biotechnology: In Vitro & In Vivo Diagnostic Substances,4975333.0,1.61,641
BMRC,Bank of Marin Bancorp Common Stock,NASDAQ,Finance,Major Banks,459301988.0,28.37,137491
BMRN,BioMarin Pharmaceutical Inc. Common Stock,NASDAQ,Health Care,Biotechnology: Pharmaceutical Preparations,12333479989.0,63.81,4365326
BNAI,Brand Engagement Network Inc. Common Stock,NASDAQ,Technology,EDP Services,91563156.0,14.07,82132
BNC,CEA Industries Inc. Common Stock,NASDAQ,Consumer Staples,Farming/Seeds/Milling,96970048.0,2.35,66841
BNCWZ,CEA Industries Inc. Warrant,NASDAQ,Consumer Staples,Farming/Seeds/Milling,2471705.0,0.0599,9558
BNGO,Bionano Genomics Inc. Common Stock,NASDAQ,Industrials,Biotechnology: Laboratory Analytical Instruments,13311000.0,1.16,76185
BNKK,Bonk Inc. Common Stock,NASDAQ,Consumer Discretionary,Package Goods/Cosmetics,8400987.0,1.05,80023
BNR,Burning Rock Biotech Limited American Depositary Shares,NASDAQ,Health Care,Medical Specialities,92913282.0,8.81,1810
BNRG,Brenmiller Energy Ltd Ordinary Shares,NASDAQ,Industrials,Building Products,989313.0,0.3775,152728
BNTC,Benitec Biopharma Inc. Common Stock,NASDAQ,Health Care,Biotechnology: Pharmaceutical Preparations,468249572.0,13.63,41154
BNTX,BioNTech SE American Depositary Share,NASDAQ,Health Care,Biotechnology: Biological Products (No Diagnostic Substances),23530312963.0,93.67,1427912
BODI,The Beachbody Company Inc. Class A Common Stock,NASDAQ,Consumer Discretionary,Other Consumer Services,74807422.0,10.33,45782
BOF,BranchOut Food Inc. Common Stock,NASDAQ,Consumer Staples,Packaged Foods,63561525.0,4.15,20106
BOKF,BOK Financial Corporation Common Stock,NASDAQ,Finance,Major Banks,8738275475.0,143.8,219217
BOLD,Boundless Bio Inc. Common Stock,NASDAQ,Health Care,Biotechnology: Pharmaceutical Preparations,64921281.0,2.89,940385
BOLT,Bolt Biotherapeutics Inc. Common Stock,NASDAQ,Health Care,Biotechnology: Pharmaceutical Preparations,7782346.0,4.05,13978
BON,Bon Natural Life Limited Class A Ordinary Shares,NASDAQ,Health Care, Medicinal Chemicals and Botanical Products ,8697827.0,1.07,1497
BOOM,DMC Global Inc. Common Stock,NASDAQ,Industrials,Industrial Specialties,157343669.0,7.66,170750
BOSC,B.O.S. Better Online Solutions Common Stock,NASDAQ,Telecommunications,Computer Communications Equipment,31160160.0,4.42,63489
BOTJ,Bank of the James Financial Group Inc. Common Stock,NASDAQ,Finance,Major Banks,123805961.0,27.25,52693
BOXL,Boxlight Corporation Class A Common Stock,NASDAQ,Real Estate,Other Consumer Services,2127574.0,3.19,9759
BPOP,Popular Inc. Common Stock,NASDAQ,Finance,Major Banks,11232142874.0,174.04,309925
BPOPM,Popular Inc. Popular Capital Trust II - 6.125% Cumulative Monthly Income Trust Preferred Securities,NASDAQ,Finance,Major Banks,1629254464.0,25.245,582
BPRN,Princeton Bancorp Inc. Common Stock (PA),NASDAQ,Finance,Major Banks,286885638.0,42.12,18287
BPYPM,Brookfield Property Partners L.P. 6.25% Class A Cumulative Redeemable Preferred Units Series 1,NASDAQ,Finance,Real Estate,18747677664.0,16.1199,43737
BPYPN,Brookfield Property Partners L.P. 5.750% Class A Cumulative Redeemable Perpetual Preferred Units Series 3,NASDAQ,Finance,Real Estate,16212422325.0,13.94,23603
BPYPO,Brookfield Property Partners L.P. 6.375% Class A Cumulative Redeemable Perpetual Preferred Units Series 2,NASDAQ,Finance,Real Estate,17765046701.0,15.275,3756
BPYPP,Brookfield Property Partners L.P. 6.50% Class A Cumulative Redeemable Perpetual Preferred Units,NASDAQ,Finance,Real Estate,18654752805.0,16.04,7610
BRAG,Bragg Gaming Group Inc. Common Shares,NASDAQ,Technology,Office Equipment/Supplies/Services,51787225.0,1.68,2528
BRAI,Braiin Limited Common Stock,NASDAQ,Technology,EDP Services,1168520253.0,5.67,23950
BRBI,BRBI BR Partners S.A. ADSs,NASDAQ,Finance,Finance: Consumer Services,511889121.0,10.2099,1809
BRCB,Black Rock Coffee Bar Inc. Class A Common Stock,NASDAQ,Consumer Discretionary,Restaurants,367910181.0,7.35,397656
BRFH,Barfresh Food Group Inc. Common Stock,NASDAQ,Consumer Staples,Packaged Foods,29704042.0,1.84,2133
BRID,Bridgford Foods Corporation Common Stock,NASDAQ,Consumer Staples,Specialty Foods,56457895.0,6.22,4519
BRKR,Bruker Corporation Common Stock,NASDAQ,Industrials,Biotechnology: Laboratory Analytical Instruments,8137511068.0,53.41,2107041
BRKRP,Bruker Corporation 6.375% Mandatory Convertible Preferred Stock Series A,NASDAQ,Industrials,Biotechnology: Laboratory Analytical Instruments,60997052161.0,400.35,2851
BRLS,Borealis Foods Inc. Class A Common Shares,NASDAQ,Consumer Staples,Packaged Foods,19746242.0,0.92,3541
BRLT,Brilliant Earth Group Inc. Class A Common Stock,NASDAQ,Consumer Discretionary,Consumer Specialties,129537536.0,1.28,660508
BRNS,Barinthus Biotherapeutics plc American Depositary Shares,NASDAQ,Health Care,Biotechnology: Pharmaceutical Preparations,24468487.0,0.599,34883
BRR,ProCap Financial Inc. Common Stock,NASDAQ,Finance,Finance: Consumer Services,160315137.0,1.77,260351
BRTX,BioRestorative Therapies Inc. Common Stock (NV),NASDAQ,Health Care,Managed Health Care,5197547.0,0.204,315713
BRUN,Boost Run Inc. Class A Common Stock,NASDAQ,Technology,EDP Services,1118001867.0,18.2,1169828
BRVE,Braveheart Bio Inc. Common Stock,NASDAQ,Health Care,Biotechnology: Pharmaceutical Preparations,2203960140.0,30.0,566671
BRZE,Braze Inc. Class A Common Stock,NASDAQ,Technology,Computer Software: Prepackaged Software,3253267865.0,26.54,1915317
BSBK,Bogota Financial Corp. Common Stock,NASDAQ,Finance,Banks,115046880.0,8.95,11409
BSEM,BioStem Technologies Inc. Common Stock,NASDAQ,Health Care,Biotechnology: Biological Products (No Diagnostic Substances),0.0,4.0928,255016
BSET,Bassett Furniture Industries Incorporated Common Stock,NASDAQ,Consumer Discretionary,Home Furnishings,176195774.0,20.35,14243
BSIN,Big Sky Industrial Inc. Common Stock,NASDAQ,Energy,Oil & Gas Production,63307719.0,1.21,962121
BSP,Bending Spoons S.p.A. Ordinary Shares,NASDAQ,Technology,Computer Software: Programming Data Processing,29938913452.0,44.45,1886195
BSRR,Sierra Bancorp Common Stock,NASDAQ,Finance,Major Banks,525017579.0,40.5,49443
BSVN,Bank7 Corp. Common stock,NASDAQ,Finance,Major Banks,481392771.0,50.57,36587
BSY,Bentley Systems Incorporated Class B Common Stock,NASDAQ,Technology,Computer Software: Prepackaged Software,10696680892.0,35.21,3055659
BTAI,BioXcel Therapeutics Inc. Common Stock,NASDAQ,Health Care,Biotechnology: Pharmaceutical Preparations,27842336.0,0.9017,521925
BTBD,BT Brands Inc. Common Stock,NASDAQ,Consumer Discretionary,Restaurants,7545363.0,1.22,11337
BTBT,Bit Digital Inc. Ordinary Shares,NASDAQ,Finance,Finance: Consumer Services,481882780.0,1.38,14266321
BTCS,BTCS Inc. Common Stock,NASDAQ,Finance,Finance: Consumer Services,55250662.0,1.11,948952
BTCT,BTC Digital Ltd. Ordinary Shares,NASDAQ,Finance,Finance: Consumer Services,5821220.0,0.4933,279470
BTDR,Bitdeer Technologies Group Class A Ordinary Shares,NASDAQ,Finance,Finance: Consumer Services,2647252545.0,10.88,9236352
BTMD,Biote Corp. Class A Common Stock,NASDAQ,Health Care, Medicinal Chemicals and Botanical Products ,55620330.0,1.48,357395
BTOC,Armlogi Holding Corp. Common Stock,NASDAQ,Consumer Discretionary,Office Equipment/Supplies/Services,13073974.0,0.2877,28879
BTOG,Bit Origin Limited Class A Ordinary Shares,NASDAQ,Finance,Finance: Consumer Services,3411986.0,0.82,54675
BTSG,BrightSpring Health Services Inc. Common Stock,NASDAQ,Health Care,Medical/Nursing Services,12352664566.0,62.43,2164671
BTTC,Black Titan Corporation Ordinary Shares,NASDAQ,Health Care,Biotechnology: Biological Products (No Diagnostic Substances),1064320.0,0.8001,18437
BULL,Webull Corporation Class A Ordinary Shares,NASDAQ,Finance,Investment Bankers/Brokers/Service,3892912628.0,7.32,6096430
BUSE,First Busey Corporation Class A Common Stock,NASDAQ,Finance,Major Banks,2620200417.0,30.98,625418
BUSEP,First Busey Corporation Depositary Shares Each Representing a 1/40thInterest in a Share of 8.25% Fixed-Rate Series B Non-Cumulative Perpetual Preferred Stock $0.001 par value,NASDAQ,Finance,Major Banks,2199006160.0,26.0,11833
BUUU,BUUU Group Limited Class A Ordinary Share,NASDAQ,Consumer Discretionary,Services-Misc. Amusement & Recreation,441720750.0,26.49,18643
BVC,BitVentures Limited Ordinary Shares,NASDAQ,Finance,Investment Managers,2108400000.0,12.55,66371
BVFL,BV Financial Inc. Common Stock,NASDAQ,Finance,Savings Institutions,185143006.0,21.43,7581
BVS,Bioventus Inc. Class A Common Stock,NASDAQ,Health Care,Medical/Dental Instruments,1187797805.0,14.125,939794
BWAY,BrainsWay Ltd. American Depositary Shares,NASDAQ,Health Care,Medical/Dental Instruments,620511903.0,15.5,86696
BWB,Bridgewater Bancshares Inc. Common Stock,NASDAQ,Finance,Major Banks,603405930.0,21.64,184397
BWBBP,Bridgewater Bancshares Inc. Depositary Shares Each Representing a 1/100th Interest in a Share of 5.875% Non-Cumulative Perpetual Preferred Stock Series A,NASDAQ,Finance,Major Banks,558234136.0,20.02,1564
BWEN,Broadwind Inc. Common Stock,NASDAQ,Telecommunications,Metal Fabrications,109063181.0,4.66,720566
BWFG,Bankwell Financial Group Inc. Common Stock,NASDAQ,Finance,Major Banks,533324927.0,66.9,46343
BWIN,The Baldwin Insurance Group Inc. Class A Common Stock,NASDAQ,Finance,Specialty Insurers,4120780786.0,29.54,1418166
BWMN,Bowman Consulting Group Ltd. Common Stock,NASDAQ,Consumer Discretionary,Professional Services,476735597.0,27.23,132343
BXBL,BOXABL Inc. Common stock,NASDAQ,Consumer Discretionary,Homebuilding,1103624578.0,4.57,287488
BYAH,Park Ha Biological Technology Co. Ltd. Class A Ordinary Shares,NASDAQ,Consumer Discretionary,Package Goods/Cosmetics,7364955.0,3.14,554224
BYFC,Broadway Financial Corporation Class A Common Stock,NASDAQ,Finance,Savings Institutions,103497302.0,11.13,2725
BYND,Beyond Meat Inc. Common Stock,NASDAQ,Consumer Staples,Packaged Foods,277099604.0,0.5377,61057092
BYRN,Byrna Technologies Inc. Common Stock,NASDAQ,Miscellaneous,Industrial Machinery/Components,100985434.0,4.45,396334
BYSI,BeyondSpring Inc. Ordinary Shares,NASDAQ,Health Care,Biotechnology: Pharmaceutical Preparations,35774243.0,0.87,187705
BZ,KANZHUN LIMITED American Depository Shares,NASDAQ,Technology,Computer Software: Programming Data Processing,7622409928.0,16.47,1762712
BZAI,Blaize Holdings Inc. Common Stock,NASDAQ,Technology,Semiconductors,158729407.0,1.1,2850644
BZFD,BuzzFeed Inc. Class A Common Stock,NASDAQ,Consumer Discretionary,Telecommunications Equipment,94431598.0,1.16,289441
BZUN,Baozun Inc. American Depositary Shares,NASDAQ,Consumer Discretionary,Catalog/Specialty Distribution,172060031.0,2.96,367601
CAAS,China Automotive Systems Inc. Ordinary Share,NASDAQ,Consumer Discretionary,Auto Parts:O.E.M.,133354503.0,4.42,15745
CABA,Cabaletta Bio Inc. Common Stock,NASDAQ,Health Care,Biotechnology: Biological Products (No Diagnostic Substances),454922881.0,2.79,2696008
CABR,Caring Brands Inc. Common Stock,NASDAQ,Consumer Discretionary,Package Goods/Cosmetics,12137161.0,1.335,629360
CAC,Camden National Corporation Common Stock,NASDAQ,Finance,Major Banks,977499357.0,57.79,90627
CACC,Credit Acceptance Corporation Common Stock,NASDAQ,Finance,Finance: Consumer Services,6078660036.0,585.58,116046
CADL,Candel Therapeutics Inc. Common Stock,NASDAQ,Health Care,Biotechnology: Biological Products (No Diagnostic Substances),775931831.0,10.59,798438
CAE,CAE Inc. Common Shares,NASDAQ,Miscellaneous,Industrial Machinery/Components,8742520336.0,27.19,693710
CAI,Caris Life Sciences Inc. Common Stock,NASDAQ,Health Care,Medical Specialities,6426214530.0,22.74,9401371
CAKE,Cheesecake Factory Incorporated (The) Common Stock,NASDAQ,Consumer Discretionary,Restaurants,5326875870.0,107.05,1232091
CALC,CalciMedica Inc. Common Stock,NASDAQ,Health Care,Biotechnology: Pharmaceutical Preparations,21131276.0,0.6875,379302
CALM,Cal-Maine Foods Inc. Common Stock,NASDAQ,Consumer Staples,Farming/Seeds/Milling,3991705166.0,85.08,568754
CAMP,CAMP4 Therapeutics Corporation Common Stock,NASDAQ,Health Care,Biotechnology: Pharmaceutical Preparations,265939601.0,4.24,95164
CAMT,Camtek Ltd. Ordinary Shares,NASDAQ,Technology,Electronic Components,7231326097.0,155.35,441809
CAN,Canaan Inc. American Depositary Shares,NASDAQ,Finance,Finance: Consumer Services,164619548.0,0.2138,9870828
CAPR,Capricor Therapeutics Inc. Common Stock,NASDAQ,Health Care,Biotechnology: Pharmaceutical Preparations,236859642.0,4.09,3609179
CAPS,Capstone Holding Corp. Common Stock,NASDAQ,Health Care,Biotechnology: Pharmaceutical Preparations,4287295.0,0.282,128787
CAR,Avis Budget Group Inc. Common Stock,NASDAQ,Consumer Discretionary,Rental/Leasing Companies,5022615704.0,142.18,309904
CARE,Carter Bankshares Inc. Common Stock,NASDAQ,Finance,Major Banks,733326330.0,33.0,497484
CARG,CarGurus Inc. Class A Common Stock ,NASDAQ,Technology,EDP Services,3515944016.0,38.985,2180260
CARL,Carlsmed Inc. Common Stock,NASDAQ,Health Care,Medical/Dental Instruments,377323908.0,13.82,95918
CART,Maplebear Inc. Common Stock,NASDAQ,Consumer Discretionary,Business Services,11791445768.0,50.17,14311345
CASH,Pathward Financial Inc. Common Stock,NASDAQ,Finance,Major Banks,1833406453.0,86.85,111101
CASS,Cass Information Systems Inc Common Stock,NASDAQ,Consumer Discretionary,Business Services,742628581.0,57.99,52304
CAST,FreeCast Inc. Class A Common Stock,NASDAQ,Technology,EDP Services,59000517.0,1.24,353674
CASY,Casey's General Stores Inc. Common Stock,NASDAQ,Consumer Discretionary,Retail-Auto Dealers and Gas Stations,30860248030.0,833.95,270668
CATY,Cathay General Bancorp Common Stock,NASDAQ,Finance,Major Banks,4250719470.0,63.41,300186
CBAT,CBAK Energy Technology Limited Ordinary Shares,NASDAQ,Miscellaneous,Industrial Machinery/Components,57832543.0,0.6524,244322
CBC,Central Bancompany Inc. Class A Common Stock,NASDAQ,Finance,Major Banks,8034631109.0,33.51,523418
CBFV,CB Financial Services Inc. Common Stock,NASDAQ,Finance,Major Banks,192505587.0,37.95,3099
CBIO,Crescent Biopharma Inc. Common Stock,NASDAQ,Health Care,Biotechnology: Pharmaceutical Preparations,625503950.0,16.84,150672
CBK,Commercial Bancgroup Inc. Common Stock,NASDAQ,Finance,Major Banks,480366491.0,35.06,44969
CBLL,CeriBell Inc. Common Stock,NASDAQ,Health Care,Biotechnology: Electromedical & Electrotherapeutic Apparatus,713702187.0,18.81,262800
CBNK,Capital Bancorp Inc. Common Stock,NASDAQ,Finance,Major Banks,616164221.0,37.78,59307
CBRL,Cracker Barrel Old Country Store Inc Common Stock,NASDAQ,Consumer Discretionary,Restaurants,1291690873.0,57.79,469115
CBRS,Cerebras Systems Inc. Class A Common Stock,NASDAQ,Technology,Semiconductors,50526909056.0,226.73,4148593
CBSH,Commerce Bancshares Inc. Common Stock,NASDAQ,Finance,Major Banks,8473973076.0,59.08,665098
CBUS,Cibus Inc. Class A Common Stock,NASDAQ,Industrials,Agricultural Chemicals,138160258.0,1.81,163534
CCAP,Crescent Capital BDC Inc. Common stock,NASDAQ,Finance,Finance: Consumer Services,433676855.0,11.77,304356
CCB,Coastal Financial Corporation Common Stock,NASDAQ,Finance,Major Banks,691380955.0,45.34,274041
CCBG,Capital City Bank Group Common Stock,NASDAQ,Finance,Major Banks,890062577.0,52.01,61516
CCC,CCC Intelligent Solutions Holdings Inc. Common Stock,NASDAQ,Technology,Computer Software: Prepackaged Software,4075843352.0,6.92,12027068
CCCC,C4 Therapeutics Inc. Common Stock,NASDAQ,Health Care,Biotechnology: Biological Products (No Diagnostic Substances),412415738.0,3.73,1501233
CCD,Calamos Dynamic Convertible & Income Fund Common Stock,NASDAQ,Finance,Trusts Except Educational Religious and Charitable,0.0,25.97,35802
CCEC,Capital Clean Energy Carriers Corp. Common Share,NASDAQ,Consumer Discretionary,Marine Transportation,1348682334.0,22.37,1039
CCEP,Coca-Cola Europacific Partners plc Ordinary Shares,NASDAQ,Consumer Staples,Beverages (Production/Distribution),49161757670.0,108.29,1207419
CCG,Cheche Group Inc. Class A Ordinary Shares,NASDAQ,Finance,Specialty Insurers,35176181.0,14.04,19578
CCHH,CCH Holdings Ltd Class A Ordinary Shares,NASDAQ,Consumer Discretionary,Restaurants,6949782.0,1.26,4058492
CCLD,CareCloud Inc. Common Stock,NASDAQ,Technology,Computer Software: Prepackaged Software,111756456.0,2.63,455996
CCNE,CNB Financial Corporation Common Stock,NASDAQ,Finance,Major Banks,1025178830.0,34.61,167306
CCNEP,CNB Financial Corporation Depositary Shares each representing a 1/40th ownership interest in a share of 7.125% Series A Fixed-Rate Non-Cumulative Perpetual Preferred Stock,NASDAQ,Finance,Major Banks,745006727.0,25.1514,6
CCOI,Cogent Communications Holdings Inc.,NASDAQ,Consumer Discretionary,Telecommunications Equipment,496770417.0,9.92,4209205
CCSI,Consensus Cloud Solutions Inc. Common Stock,NASDAQ,Technology,Computer Software: Prepackaged Software,646503963.0,35.14,186434
CCTG,CCSC Technology International Holdings Limited Class A Ordinary Shares,NASDAQ,Consumer Discretionary,Building Products,9565883.0,0.7044,5110514
CD,Chaince Digital Holdings Inc. Ordinary Shares,NASDAQ,Finance,Finance: Consumer Services,210526070.0,2.65,340601
CDIO,Cardio Diagnostics Holdings Inc. Common stock,NASDAQ,Health Care,Biotechnology: In Vitro & In Vivo Diagnostic Substances,5297450.0,1.79,6441
CDLX,Cardlytics Inc. Common Stock,NASDAQ,Technology,Computer Software: Programming Data Processing,21493813.0,3.65,32487
CDNA,CareDx Inc. Common Stock,NASDAQ,Health Care,Medical Specialities,2415470872.0,46.69,966734
CDNL,Cardinal Infrastructure Group Inc. Class A Common Stock,NASDAQ,Industrials,Military/Government/Technical,2743478976.0,64.0,205382
CDNS,Cadence Design Systems Inc. Common Stock,NASDAQ,Technology,Computer Software: Prepackaged Software,93424321320.0,339.24,2091700
CDRO,Codere Online Luxembourg S.A. Ordinary Shares,NASDAQ,Consumer Discretionary,Services-Misc. Amusement & Recreation,407865138.0,8.97,12313
CDT,CDT Equity Inc. Common Stock,NASDAQ,Health Care,Biotechnology: Pharmaceutical Preparations,2690569.0,3.42,66320
CDTG,CDT Environmental Technology Investment Holdings Limited ordinary shares,NASDAQ,Industrials,Miscellaneous,4078350.0,1.35,111048
CDW,CDW Corporation Common Stock,NASDAQ,Consumer Discretionary,Catalog/Specialty Distribution,16978616625.0,135.81,2393265
CDXS,Codexis Inc. Common Stock,NASDAQ,Industrials,Major Chemicals,133617953.0,1.47,764574
CDZI,CADIZ Inc. Common Stock,NASDAQ,Utilities,Water Supply,290938550.0,3.46,608066
CDZIP,Cadiz Inc. Depositary Shares,NASDAQ,Utilities,Water Supply,1877646766.0,22.33,7498
CECO,CECO Environmental Corp. Common Stock,NASDAQ,Industrials,Pollution Control Equipment,4144912237.0,70.92,1838845
CEG,Constellation Energy Corporation Common Stock ,NASDAQ,Utilities,Electric Utilities: Central,97481586103.0,269.89,2604571
CELC,Celcuity Inc. Common Stock,NASDAQ,Health Care,Medical Specialities,4524536201.0,92.78,543284
CELH,Celsius Holdings Inc. Common Stock,NASDAQ,Consumer Staples,Beverages (Production/Distribution),7099132797.0,27.77,33572417
CELU,Celularity Inc. Class A Common Stock,NASDAQ,Health Care,Biotechnology: Pharmaceutical Preparations,20282435.0,0.7007,18071
CELZ,Creative Medical Technology Holdings Inc. Common Stock,NASDAQ,Health Care,Biotechnology: Biological Products (No Diagnostic Substances),9361431.0,1.42,63908188
CENN,Cenntro Inc. Common Stock,NASDAQ,Industrials,Auto Manufacturing,8431846.0,3.42,3110
CENT,Central Garden & Pet Company Common Stock,NASDAQ,Consumer Discretionary,Consumer Specialties,2799416652.0,44.74,222535
CENTA,Central Garden & Pet Company Class A Common Stock Nonvoting,NASDAQ,Consumer Discretionary,Consumer Specialties,2444014628.0,39.06,424231
CENX,Century Aluminum Company Common Stock,NASDAQ,Industrials,Aluminum,5070440428.0,51.23,3739952
CEPL,Capstone Energy Plus Inc. Common Stock,NASDAQ,Industrials,Industrial Machinery/Components,276881169.0,8.59,211601
CERS,Cerus Corporation Common Stock,NASDAQ,Health Care,Medical/Dental Instruments,473583510.0,2.35,3482338
CERT,Certara Inc. Common Stock,NASDAQ,Technology,Computer Software: Prepackaged Software,1250817996.0,8.2,2227064
CETX,Cemtrex Inc. Common Stock,NASDAQ,Technology,Electrical Products,4836406.0,2.81,69634
CETY,Clean Energy Technologies Inc. Common Stock,NASDAQ,Utilities,Oil/Gas Transmission,10706173.0,0.88,22231
CEVA,CEVA Inc. Common Stock,NASDAQ,Technology,Computer Software: Programming Data Processing,1077321799.0,38.67,1385558
CFBK,CF Bankshares Inc. Common Stock,NASDAQ,Finance,Major Banks,230978262.0,35.97,37715
CFFI,C&F Financial Corporation Common Stock,NASDAQ,Finance,Major Banks,286188594.0,87.94,6512
CFFN,Capitol Federal Financial Inc. Common Stock,NASDAQ,Finance,Savings Institutions,1125716064.0,8.88,725892
CG,The Carlyle Group Inc. Common Stock,NASDAQ,Finance,Investment Managers,17203177866.0,47.79,5956262
CGABL,The Carlyle Group Inc. 4.625% Subordinated Notes due 2061,NASDAQ,Finance,Investment Managers,5801746708.0,16.04,9877
CGBD,Carlyle Secured Lending Inc. Common Stock,NASDAQ,Finance,Finance: Consumer Services,772787892.0,11.02,842301
CGC,Canopy Growth Corporation Common Shares,NASDAQ,Health Care, Medicinal Chemicals and Botanical Products ,416775251.0,0.9701,5169126
CGEM,Cullinan Therapeutics Inc. Common Stock,NASDAQ,Health Care,Biotechnology: Biological Products (No Diagnostic Substances),1089651156.0,17.73,361754
CGEN,Compugen Ltd. Ordinary Shares,NASDAQ,Health Care,Biotechnology: Biological Products (No Diagnostic Substances),227948973.0,2.41,275367
CGNT,Cognyte Software Ltd. Ordinary Shares,NASDAQ,Technology,Computer Software: Prepackaged Software,679883505.0,9.2,534057
CGNX,Cognex Corporation Common Stock,NASDAQ,Industrials,Industrial Machinery/Components,11131797077.0,66.89,2380440
CGO,Calamos Global Total Return Fund Common Stock,NASDAQ,Finance,Investment Managers,0.0,13.18,11942
CGON,CG Oncology Inc. Common stock,NASDAQ,Health Care,Biotechnology: Biological Products (No Diagnostic Substances),6624005722.0,75.1,610843
CGTL,Creative Global Technology Holdings Limited Class A Ordinary Shares,NASDAQ,Technology,Retail: Computer Software & Peripheral Equipment,6980050.0,4.07,1124603
CGTX,Cognition Therapeutics Inc. Common Stock,NASDAQ,Health Care,Biotechnology: Biological Products (No Diagnostic Substances),96657856.0,1.08,901563
CHA,Chagee Holdings Limited American Depositary Shares,NASDAQ,Consumer Discretionary,Restaurants,1941970659.0,10.18,314978
CHAI,Core AI Holdings Inc. Common Shares,NASDAQ,Telecommunications,Telecommunications Equipment,6693934.0,0.336,953754
CHCI,Comstock Holding Companies Inc. Class A Common Stock,NASDAQ,Finance,Real Estate,153375459.0,14.95,7674
CHCO,City Holding Company Common Stock,NASDAQ,Finance,Major Banks,2035705490.0,144.94,88095
CHDN,Churchill Downs Incorporated Common Stock,NASDAQ,Consumer Discretionary,Services-Misc. Amusement & Recreation,6123863350.0,87.86,1019548
CHEF,The Chefs' Warehouse Inc. Common Stock,NASDAQ,Consumer Discretionary,Food Distributors,4495728347.0,110.2,225489
CHGA,Change Agents Corporation Common Stock,NASDAQ,Technology,EDP Services,2888141.0,0.194,189333
CHI,Calamos Convertible Opportunities and Income Fund Common Stock,NASDAQ,Finance,Investment Managers,0.0,13.04,119194
CHKP,Check Point Software Technologies Ltd. Ordinary Shares,NASDAQ,Technology,Computer Software: Prepackaged Software,13050503038.0,127.82,583121
CHMG,Chemung Financial Corp Common Stock,NASDAQ,Finance,Major Banks,391562177.0,81.24,64525
CHNR,China Natural Resources Inc. Common Stock,NASDAQ,Basic Materials,Precious Metals,5056206.0,4.1,24304
CHR,Cheer Holding Inc. Class A Ordinary Share,NASDAQ,Technology,EDP Services,3794233.0,1.84,54429
CHRD,Chord Energy Corporation Common Stock,NASDAQ,Energy,Oil & Gas Production,7394897687.0,131.35,833702
CHRN,ChronoScale Holdings Corporation Common Stock,NASDAQ,Industrials,Industrial Machinery/Components,3039346287.0,20.93,124398
CHRS,Coherus Oncology Inc. Common Stock,NASDAQ,Health Care,Biotechnology: Biological Products (No Diagnostic Substances),196216227.0,1.27,1591198
CHRW,C.H. Robinson Worldwide Inc. Common Stock,NASDAQ,Industrials,Integrated Freight & Logistics,17451151126.0,149.345,1487804
CHSCL,CHS Inc Class B Cumulative Redeemable Preferred Stock Series 4,NASDAQ,Industrials,Farming/Seeds/Milling,311217996.0,25.36,20471
CHSCM,CHS Inc Class B Reset Rate Cumulative Redeemable Preferred Stock Series 3,NASDAQ,Industrials,Farming/Seeds/Milling,303854794.0,24.76,14223
CHSCN,CHS Inc Preferred Class B Series 2 Reset Rate,NASDAQ,Industrials,Farming/Seeds/Milling,309254476.0,25.2,18293
CHSCO,CHS Inc. Class B Cumulative Redeemable Preferred Stock,NASDAQ,Industrials,Farming/Seeds/Milling,316004077.0,25.75,7594
CHSCP,CHS Inc. 8%  Cumulative Redeemable Preferred Stock,NASDAQ,Industrials,Farming/Seeds/Milling,327907920.0,26.72,7834
CHSN,Chanson International Holding Class A Ordinary Shares,NASDAQ,Consumer Staples,Packaged Foods,3560654.0,0.9598,1808969
CHTR,Charter Communications Inc. Class A Common Stock New,NASDAQ,Telecommunications,Cable & Other Pay Television Services,18198166954.0,152.57,2022226
CHW,Calamos Global Dynamic Income Fund Common Stock,NASDAQ,Finance,Investment Managers,0.0,8.53,189569
CHY,Calamos Convertible and High Income Fund Common Stock,NASDAQ,Finance,Investment Managers,0.0,13.14,136873
CHYM,Chime Financial Inc. Class A Common Stock,NASDAQ,Finance,Finance: Consumer Services,11087656945.0,29.1,20789716
CIFR,Cipher Digital Inc. Common Stock,NASDAQ,Finance,Finance: Consumer Services,7130227804.0,17.18,45033907
CIGI,Colliers International Group Inc. Subordinate Voting Shares,NASDAQ,Finance,Real Estate,5189081984.0,101.54,354848
CIGL,Concorde International Group Ltd Class A Ordinary Shares,NASDAQ,Consumer Discretionary,Diversified Commercial Services,132899992.0,0.5855,208681
CIIT,Tianci International Inc. Common Stock,NASDAQ,Telecommunications,Computer Communications Equipment,3511629.0,3.63,151847
CINF,Cincinnati Financial Corporation Common Stock,NASDAQ,Finance,Property-Casualty Insurers,27144127039.0,176.86,366483
CING,Cingulate Inc. Common Stock,NASDAQ,Health Care,Biotechnology: Pharmaceutical Preparations,71924652.0,5.34,217380
CIRC,Circle8 Group Inc. Common Stock,NASDAQ,Industrials,Biotechnology: Laboratory Analytical Instruments,65061367.0,0.7232,545146
CISO,CISO Global Inc. Common Stock,NASDAQ,Consumer Discretionary,Professional Services,12125849.0,0.2676,34583
CISS,C3is Inc. Common Stock,NASDAQ,Consumer Discretionary,Marine Transportation,1042487.0,0.087,23329743
CIVB,Civista Bancshares Inc. Common Stock,NASDAQ,Finance,Major Banks,588792249.0,28.33,104898
CJMB,Callan JMB Inc. Common Stock,NASDAQ,Consumer Discretionary,Business Services,8893843.0,1.57,161661
CLAR,Clarus Corporation Common Stock,NASDAQ,Consumer Discretionary,Recreational Games/Products/Toys,142617913.0,3.71,408266
CLBK,Columbia Financial Inc. Common Stock,NASDAQ,Finance,Savings Institutions,1127874564.0,10.84,4665101
CLBT,Cellebrite DI Ltd. Ordinary Shares,NASDAQ,Technology,Computer Software: Prepackaged Software,3993531470.0,16.01,854853
CLDX,Celldex Therapeutics Inc.,NASDAQ,Health Care,Biotechnology: In Vitro & In Vivo Diagnostic Substances,3273904323.0,41.71,808959
CLFD,Clearfield Inc. Common Stock,NASDAQ,Utilities,Telecommunications Equipment,373438361.0,27.48,319787
CLGN,CollPlant Biotechnologies Ltd Ordinary Shares,NASDAQ,Health Care,Industrial Specialties,6406101.0,0.3388,45028
CLIK,Click Holdings Limited Class A Ordinary Share,NASDAQ,Consumer Discretionary,Diversified Commercial Services,11816986.0,1.38,19636
CLIR,ClearSign Technologies Corporation Common Stock (DE),NASDAQ,Industrials,Industrial Machinery/Components,25527956.0,3.75,3554
CLLS,Cellectis S.A. American Depositary Shares,NASDAQ,Health Care,Biotechnology: Pharmaceutical Preparations,284994827.0,2.835,24096
CLMB,Climb Global Solutions Inc. Common Stock,NASDAQ,Technology,Retail: Computer Software & Peripheral Equipment,518952371.0,27.81,138735
CLMT,Calumet Inc. Common Stock,NASDAQ,Energy,Integrated oil Companies,3440569364.0,39.48,2261360
CLNE,Clean Energy Fuels Corp. Common Stock,NASDAQ,Utilities,Natural Gas Distribution,346853799.0,1.575,6438566
CLNN,Clene Inc. Common Stock,NASDAQ,Health Care,Biotechnology: Pharmaceutical Preparations,67469461.0,5.28,50345
CLOV,Clover Health Investments Corp. Class A Common Stock,NASDAQ,Health Care,Medical Specialities,2507017382.0,4.76,7672543
CLPS,CLPS Incorporation Common Stock,NASDAQ,Technology,Computer Software: Prepackaged Software,25594240.0,0.8605,12650
CLPT,ClearPoint Neuro Inc. Common Stock,NASDAQ,Health Care,Medical/Dental Instruments,433465066.0,14.21,520465
CLRB,Cellectar Biosciences Inc.  Common Stock,NASDAQ,Health Care,Biotechnology: Pharmaceutical Preparations,20538957.0,2.57,16087
CLRO,ClearOne Inc. Common Stock,NASDAQ,Utilities,Telecommunications Equipment,27208940.0,10.17,7064008
CLSK,CleanSpark Inc. Common Stock,NASDAQ,Finance,Finance: Consumer Services,3156285854.0,12.3,23380082
CLST,Catalyst Bancorp Inc. Common Stock,NASDAQ,Finance,Savings Institutions,70265144.0,17.3413,4208
CLWT,Euro Tech Holdings Company Limited Common Stock,NASDAQ,Consumer Discretionary,Professional and commerical equipment,11784228.0,1.59,38724
CLYM,Climb Bio Inc. Common Stock,NASDAQ,Health Care,Biotechnology: Pharmaceutical Preparations,801682322.0,14.0,910293
CMCO,Columbus McKinnon Corporation Common Stock,NASDAQ,Industrials,Construction/Ag Equipment/Trucks,583635014.0,20.22,541524
CMCSA,Comcast Corporation Class A Common Stock,NASDAQ,Telecommunications,Cable & Other Pay Television Services,89993423491.0,25.36,19058046
CMCT,Creative Media & Community Trust Corporation Common stock,NASDAQ,Real Estate,Real Estate Investment Trusts,12166462.0,4.41,10317
CME,CME Group Inc. Class A Common Stock,NASDAQ,Finance,Investment Bankers/Brokers/Service,94806668483.0,263.66,1250862
CMMB,Chemomab Therapeutics Ltd. American Depositary Share,NASDAQ,Health Care,Biotechnology: Pharmaceutical Preparations,13881075.0,1.93,137605
CMND,Clearmind Medicine Inc. Common Shares,NASDAQ,Health Care,Biotechnology: Pharmaceutical Preparations,1661024.0,1.63,78709
CMPR,Cimpress plc Ordinary Shares (Ireland),NASDAQ,Consumer Discretionary,Publishing,2310529782.0,95.35,220650
CMPS,COMPASS Pathways Plc American Depository Shares,NASDAQ,Health Care,Biotechnology: Pharmaceutical Preparations,1874976170.0,13.54,3391461
CMPX,Compass Therapeutics Inc. Common Stock,NASDAQ,Health Care,Biotechnology: Biological Products (No Diagnostic Substances),387189017.0,2.15,3826451
CMRC,Commerce.com Inc. Series 1 Common Stock,NASDAQ,Technology,Computer Software: Prepackaged Software,183177182.0,2.22,2914957
CMTL,Comtech Telecommunications Corp. Common Stock,NASDAQ,Technology,Radio And Television Broadcasting And Communications Equipment,51833276.0,1.73,353267
CMTV,Community Bancorp. Common Stock,NASDAQ,Finance,Major Banks,222811432.0,39.85,49693
CNCK,Coincheck Group N.V. Ordinary Shares,NASDAQ,Finance,Finance: Consumer Services,410447662.0,2.14,44410
CNDT,Conduent Incorporated Common Stock ,NASDAQ,Consumer Discretionary,Business Services,263664584.0,1.7,970928
CNET,ZW Data Action Technologies Inc. Common Stock,NASDAQ,Technology,Computer Software: Programming Data Processing,5349316.0,1.39,15600
CNEY,CN Energy Group Inc. Class A Ordinary Shares,NASDAQ,Industrials,Major Chemicals,5515083.0,0.6723,38661
CNOB,ConnectOne Bancorp Inc. Common Stock,NASDAQ,Finance,Major Banks,1781974372.0,32.82,271435
CNOBP,ConnectOne Bancorp Inc. Depositary Shares each representing a 1/40th interest in a share of 5.25% Fixed-Rate Reset Non-Cumulative Perpetual Preferred Stock Series A,NASDAQ,Finance,Major Banks,1375301975.0,25.33,1471
CNSP,CNS Pharmaceuticals Inc. Common Stock,NASDAQ,Health Care,Biotechnology: Pharmaceutical Preparations,7862596.0,5.38,2027
CNSY,Cerenome Inc. Common Stock ,NASDAQ,Health Care,Medical/Dental Instruments,26362296.0,3.83,68296
CNTB,Connect Biopharma Holdings Limited Ordinary Shares,NASDAQ,Health Care,Biotechnology: Pharmaceutical Preparations,138835296.0,2.205,334886
CNTN,Canton Strategic Holdings Inc. Common Stock,NASDAQ,Health Care,Biotechnology: Pharmaceutical Preparations,144219232.0,1.87,571312
CNTX,Context Therapeutics Inc. Common Stock,NASDAQ,Health Care,Biotechnology: Pharmaceutical Preparations,44469522.0,0.484,2427072
CNTY,Century Casinos Inc. Common Stock,NASDAQ,Consumer Discretionary,Hotels/Resorts,34041581.0,1.21,30567
CNVS,Cineverse Corp. Class A Common Stock,NASDAQ,Consumer Discretionary,Consumer Electronics/Video Chains,65567659.0,2.8,110448
CNXC,Concentrix Corporation Common Stock,NASDAQ,Technology,Computer Software: Prepackaged Software,1569391962.0,25.72,826090
CNXN,PC Connection Inc. Common Stock,NASDAQ,Consumer Discretionary,Catalog/Specialty Distribution,2123533650.0,84.14,124534
CNXU,Conexeu Sciences Inc. Common Stock,NASDAQ,Health Care,Industrial Specialties,215939723.0,8.07,118473
COAG,Hemab Therapeutics Holdings Inc. Common Stock,NASDAQ,Health Care,Biotechnology: Biological Products (No Diagnostic Substances),2319390661.0,49.66,415720
COCH,Envoy Medical Inc. Class A Common Stock,NASDAQ,Health Care,Industrial Specialties,51602601.0,0.6712,96067
COCO,The Vita Coco Company Inc. Common Stock,NASDAQ,Consumer Staples,Beverages (Production/Distribution),3653713826.0,62.25,756586
COCP,Cocrystal Pharma Inc. Common Stock,NASDAQ,Health Care,Biotechnology: Pharmaceutical Preparations,14614700.0,1.06,54210
CODA,Coda Octopus Group Inc. Common stock,NASDAQ,Industrials,Industrial Machinery/Components,120027223.0,10.64,80042
CODX,Co-Diagnostics Inc. Common Stock,NASDAQ,Health Care,Medical/Dental Instruments,10609916.0,1.52,247257
COFS,ChoiceOne Financial Services Inc. Common Stock,NASDAQ,Finance,Major Banks,510349193.0,34.08,70639
COGT,Cogent Biosciences Inc. Common Stock,NASDAQ,Health Care,Biotechnology: Pharmaceutical Preparations,7243094690.0,42.39,1855824
COHU,Cohu Inc. Common Stock,NASDAQ,Industrials,Electrical Products,2503256337.0,52.88,415323
COIN,Coinbase Global Inc. Class A Common Stock,NASDAQ,Finance,Finance: Consumer Services,40525351373.0,153.6,8730668
COKE,Coca-Cola Consolidated Inc. Common Stock,NASDAQ,Consumer Staples,Beverages (Production/Distribution),12846243099.0,192.99,353723
COLB,Columbia Banking System Inc. Common Stock,NASDAQ,Finance,Major Banks,8837866852.0,31.24,2881810
COLL,Collegium Pharmaceutical Inc. Common Stock,NASDAQ,Health Care,Biotechnology: Pharmaceutical Preparations,955823467.0,29.47,978494
COLM,Columbia Sportswear Company Common Stock,NASDAQ,Consumer Discretionary,Apparel,2933435829.0,57.36,524170
COO,The Cooper Companies Inc. Common Stock,NASDAQ,Health Care,Ophthalmic Goods,14477123665.0,74.23,1562051
COOT,Australian Oilseeds Holdings Limited Ordinary Shares,NASDAQ,Consumer Staples,Packaged Foods,11346335.0,0.4067,121371
CORT,Corcept Therapeutics Incorporated Common Stock,NASDAQ,Health Care,Biotechnology: Pharmaceutical Preparations,11974059436.0,110.77,769036
CORZ,Core Scientific Inc. Common Stock,NASDAQ,Finance,Finance: Consumer Services,6751362665.0,21.01,8655001
CORZZ,Core Scientific Inc. Tranche 2 Warrants,NASDAQ,Finance,Finance: Consumer Services,6831697776.0,21.26,2416
COSM,Cosmos Health Inc. Common Stock,NASDAQ,Health Care,Other Pharmaceuticals,14464267.0,0.233,5704775
COST,Costco Wholesale Corporation Common Stock,NASDAQ,Consumer Discretionary,Department/Specialty Retail Stores,420338080007.0,947.82,1523851
COYA,Coya Therapeutics Inc. Common Stock,NASDAQ,Health Care,Biotechnology: Pharmaceutical Preparations,112829050.0,4.81,141839
CPB,The Campbell's Company Common Stock,NASDAQ,Consumer Staples,Packaged Foods,6873653901.0,23.05,4389400
CPBI,Central Plains Bancshares Inc. Common Stock,NASDAQ,Finance,Savings Institutions,86165206.0,20.6,1142
CPHC,Canterbury Park Holding Corporation 'New' Common Stock,NASDAQ,Consumer Discretionary,Services-Misc. Amusement & Recreation,80061942.0,15.545,650
CPIX,Cumberland Pharmaceuticals Inc. Common Stock,NASDAQ,Health Care,Biotechnology: Pharmaceutical Preparations,116868235.0,7.8,33866
CPOP,Pop Culture Group Co. Ltd Class A Ordinary Shares,NASDAQ,Consumer Discretionary,Services-Misc. Amusement & Recreation,4726708.0,0.38,122732063
CPRT,Copart Inc. (DE) Common Stock,NASDAQ,Consumer Discretionary,Retail-Auto Dealers and Gas Stations,27459568556.0,29.66,7801856
CPSH,CPS Technologies Corp. Common Stock,NASDAQ,Consumer Discretionary,Building Materials,80765963.0,4.47,256162
CPSS,Consumer Portfolio Services Inc. Common Stock,NASDAQ,Finance,Finance: Consumer Services,205702396.0,9.48,13678
CPZ,Calamos Long/Short Equity & Dynamic Income Trust Common Stock,NASDAQ,Finance,Trusts Except Educational Religious and Charitable,267783126.0,13.64,79989
CRAI,CRA International Inc. Common Stock,NASDAQ,Consumer Discretionary,Other Consumer Services,1094397999.0,169.31,231213
CRBP,Corbus Pharmaceuticals Holdings Inc. Common Stock,NASDAQ,Health Care,Biotechnology: Pharmaceutical Preparations,188427675.0,10.17,357119
CRBU,Caribou Biosciences Inc. Common Stock,NASDAQ,Health Care,Biotechnology: Biological Products (No Diagnostic Substances),163647949.0,1.65,805424
CRCT,Cricut Inc. Class A Common Stock,NASDAQ,Technology,Industrial Machinery/Components,1223155389.0,5.84,1258374
CRDF,Cardiff Oncology Inc. Common Stock,NASDAQ,Health Care,Biotechnology: Biological Products (No Diagnostic Substances),77165106.0,0.9919,637267
CRDL,Cardiol Therapeutics Inc. Class A Common Shares,NASDAQ,Health Care,Biotechnology: Biological Products (No Diagnostic Substances),163686581.0,1.42,327140
CRDO,Credo Technology Group Holding Ltd Ordinary Shares,NASDAQ,Technology,Semiconductors,46598961931.0,249.89,4249393
CRE,Cre8 Enterprise Limited Class A Ordinary Shares,NASDAQ,Consumer Discretionary,Publishing,5347130.0,2.655,21188
CRESY,Cresud S.A.C.I.F. y A. American Depositary Shares,NASDAQ,Finance,Real Estate,773084636.0,10.9,314430
CREX,Creative Realities Inc. Common Stock,NASDAQ,Technology,EDP Services,39555634.0,3.02,53134
CRGO,Freightos Limited Ordinary shares,NASDAQ,Industrials,Integrated Freight & Logistics,65638042.0,1.27,15524
CRIS,Curis Inc. Common Stock,NASDAQ,Health Care,Biotechnology: Biological Products (No Diagnostic Substances),7834719.0,4.02,69625
CRMD,CorMedix Inc. Common Stock,NASDAQ,Health Care,Biotechnology: Pharmaceutical Preparations,583682069.0,7.44,740879
CRML,Critical Metals Corp. Ordinary Shares,NASDAQ,Basic Materials,Metal Mining,1064943459.0,7.25,9262059
CRMT,America's Car-Mart Inc Common Stock,NASDAQ,Consumer Discretionary,Retail-Auto Dealers and Gas Stations,26897273.0,3.23,181063
CRNC,Cerence Inc. Common Stock,NASDAQ,Technology,Computer Software: Prepackaged Software,413242513.0,9.145,928230
CRNT,Ceragon Networks Ltd. Ordinary Shares,NASDAQ,Technology,Radio And Television Broadcasting And Communications Equipment,200875066.0,2.21,426772
CRNX,Crinetics Pharmaceuticals Inc. Common Stock,NASDAQ,Health Care,Biotechnology: Pharmaceutical Preparations,8917964454.0,84.08,1941812
CRON,Cronos Group Inc. Common Share,NASDAQ,Health Care, Medicinal Chemicals and Botanical Products ,1166401992.0,3.1,2085954
CROX,Crocs Inc. Common Stock,NASDAQ,Consumer Discretionary,Shoe Manufacturing,6550256147.0,136.62,779698
CRSP,CRISPR Therapeutics AG Common Shares,NASDAQ,Health Care,Biotechnology: Biological Products (No Diagnostic Substances),5174990789.0,53.52,1283378
CRSR,Corsair Gaming Inc. Common Stock,NASDAQ,Technology,Computer peripheral equipment,1533759728.0,14.35,9511317
CRTO,Criteo S.A. Ordinary Shares,NASDAQ,Consumer Discretionary,Advertising,900575134.0,18.38,422205
CRUS,Cirrus Logic Inc. Common Stock,NASDAQ,Technology,Semiconductors,6260685720.0,124.92,902254
CRVL,CorVel Corp. Common Stock,NASDAQ,Finance,Specialty Insurers,3191126731.0,62.56,145104
CRVO,CervoMed Inc. Common Stock,NASDAQ,Health Care,Biotechnology: Pharmaceutical Preparations,38820289.0,2.87,194055
CRVS,Corvus Pharmaceuticals Inc. Common Stock,NASDAQ,Health Care,Biotechnology: Pharmaceutical Preparations,1170538702.0,13.92,1370109
CRWD,CrowdStrike Holdings Inc. Class A Common Stock,NASDAQ,Technology,Computer Software: Prepackaged Software,218335154818.0,214.42,5878970
CRWS,Crown Crafts Inc Common Stock,NASDAQ,Consumer Discretionary,Textiles,32280861.0,3.0,100695
CRWV,CoreWeave Inc. Class A Common Stock,NASDAQ,Technology,Computer Software: Prepackaged Software,49466863272.0,90.67,18606344
CSAI,Cloudastructure Inc. Class A Common Stock,NASDAQ,Technology,Computer Software: Programming Data Processing,5932833.0,7.12,163706
CSBR,Champions Oncology Inc. Common Stock,NASDAQ,Health Care,Biotechnology: Biological Products (No Diagnostic Substances),72107623.0,5.19,4798
CSCO,Cisco Systems Inc. Common Stock (DE),NASDAQ,Telecommunications,Computer Communications Equipment,478608411371.0,121.43,15957207
CSGP,CoStar Group Inc. Common Stock,NASDAQ,Finance,Real Estate,12253175061.0,30.24,6205475
CSHR,CoinShares PLC Ordinary Shares,NASDAQ,Finance,Investment Bankers/Brokers/Service,640451816.0,4.86,62518
CSIQ,Canadian Solar Inc. Common Shares (ON),NASDAQ,Technology,Semiconductors,1078964079.0,15.91,1810224
CSPI,CSP Inc. Common Stock,NASDAQ,Technology,EDP Services,82085553.0,8.15,5370
CSQ,Calamos Strategic Total Return Common Stock,NASDAQ,Finance,Finance Companies,3323929052.0,20.92,158021
CSTE,Caesarstone Ltd. Ordinary Shares,NASDAQ,Industrials,Building Materials,79527273.0,2.3,32932
CSTL,Castle Biosciences Inc. Common Stock,NASDAQ,Health Care,Medical Specialities,978500709.0,32.03,241818
CSWC,Capital Southwest Corporation Common Stock,NASDAQ,Consumer Discretionary,Textiles,1601632078.0,25.13,1037442
CSX,CSX Corporation Common Stock,NASDAQ,Industrials,Railroads,93123914078.0,50.27,7239574
CTAS,Cintas Corporation Common Stock,NASDAQ,Industrials,Garments and Clothing,81254429361.0,203.05,1569009
CTBI,Community Trust Bancorp Inc. Common Stock,NASDAQ,Finance,Major Banks,1412410945.0,77.76,104160
CTKB,Cytek Biosciences Inc. Common Stock,NASDAQ,Industrials,Biotechnology: Laboratory Analytical Instruments,545929663.0,4.2,616084
CTMX,CytomX Therapeutics Inc. Common Stock,NASDAQ,Health Care,Biotechnology: Pharmaceutical Preparations,753252100.0,3.46,2461603
CTNM,Contineum Therapeutics Inc. Class A Common Stock,NASDAQ,Health Care,Biotechnology: Pharmaceutical Preparations,565821825.0,15.04,528938
CTNT,Cheetah Net Supply Chain Service Inc Class A Common Stock,NASDAQ,Consumer Discretionary,Motor Vehicles,6097625.0,1.93,273700
CTOR,Citius Oncology Inc. Common Stock,NASDAQ,Health Care,Biotechnology: Pharmaceutical Preparations,70014847.0,0.753,45240
CTRM,Castor Maritime Inc. Common Shares,NASDAQ,Consumer Discretionary,Marine Transportation,19711202.0,2.04,57262
CTRN,Citi Trends Inc. Common Stock,NASDAQ,Consumer Discretionary,Clothing/Shoe/Accessory Stores,605496651.0,72.69,110967
CTSH,Cognizant Technology Solutions Corporation Class A Common Stock,NASDAQ,Technology,EDP Services,25977117533.0,57.67,12627624
CTSO,Cytosorbents Corporation Common Stock,NASDAQ,Health Care,Medical/Dental Instruments,22623389.0,0.36,96668
CTW,CTW Class A Ordinary Shares,NASDAQ,Technology,EDP Services,154752000.0,2.48,26951
CTXR,Citius Pharmaceuticals Inc. Common Stock,NASDAQ,Health Care,Biotechnology: Pharmaceutical Preparations,18730889.0,0.6823,437577
CUB,Lionheart Holdings Class A Ordinary Shares,NASDAQ,Industrials,Industrial Machinery/Components,345324421.0,10.87,31781
CUE,Cue Biopharma Inc. Common Stock,NASDAQ,Health Care,Biotechnology: Pharmaceutical Preparations,113913302.0,27.12,57428
CULP,Culp Inc. Common Stock,NASDAQ,Consumer Discretionary,Textiles,44066488.0,3.48,10376
CUPR,Cuprina Holdings (Cayman) Limited Class A Ordinary Shares,NASDAQ,Health Care,Industrial Specialties,8901750.0,3.32,17155
CURI,CuriosityStream Inc. Class A Common Stock,NASDAQ,Consumer Discretionary,Movies/Entertainment,160669396.0,2.71,206425
CURR,Currenc Group Inc. Ordinary Shares,NASDAQ,Consumer Discretionary,Business Services,349196662.0,3.11,25360
CURX,Curanex Pharmaceuticals Inc Common Stock,NASDAQ,Health Care,Biotechnology: Pharmaceutical Preparations,5531138.0,0.195,63070
CUVL,Clinuvel Pharmaceuticals Limited American Depositary Shares,NASDAQ,Miscellaneous,Miscellaneous,334155173.0,6.675,2843
CV,CapsoVision Inc. Common Stock,NASDAQ,Health Care,Biotechnology: Electromedical & Electrotherapeutic Apparatus,354741461.0,7.1,113662
CVBF,CVB Financial Corporation Common Stock,NASDAQ,Finance,Major Banks,3998474741.0,22.66,914884
CVCO,Cavco Industries Inc. Common Stock When Issued,NASDAQ,Consumer Discretionary,Homebuilding,4553894546.0,592.23,89436
CVGI,Commercial Vehicle Group Inc. Common Stock,NASDAQ,Consumer Discretionary,Auto Parts:O.E.M.,147496636.0,3.63,427911
CVKD,Cadrenal Therapeutics Inc. Common Stock,NASDAQ,Health Care,Biotechnology: Pharmaceutical Preparations,6956804.0,1.95,30085
CVLT,Commvault Systems Inc. Common Stock,NASDAQ,Technology,Computer Software: Prepackaged Software,5606206172.0,135.27,391628
CVRX,CVRx Inc. Common Stock,NASDAQ,Health Care,Medical/Dental Instruments,63420906.0,2.39,14709928
CVV,CVD Equipment Corporation Common Stock,NASDAQ,Technology,Industrial Machinery/Components,56773364.0,8.18,374407
CWBC,Community West Bancshares Common Stock,NASDAQ,Finance,Major Banks,683781991.0,25.2,146579
CWCO,Consolidated Water Co. Ltd. Ordinary Shares,NASDAQ,Utilities,Water Supply,487845793.0,30.49,69602
CWD,CaliberCos Inc. Class A Common Stock,NASDAQ,Finance,Real Estate,4604873.0,0.5209,281318
CWST,Casella Waste Systems Inc. Class A Common Stock,NASDAQ,Utilities,Environmental Services,5687364825.0,89.41,888224
CXAI,CXApp Inc. Class A Common Stock,NASDAQ,Technology,EDP Services,11214284.0,0.16,8295864
CXDO,Crexendo Inc. Common Stock,NASDAQ,Telecommunications,Telecommunications Equipment,221802779.0,6.67,579427
CYAB,Cyabra Inc. Common Stock,NASDAQ,Technology,Computer Software: Prepackaged Software,5246716.0,0.3328,401119
CYCN,Cyclerion Therapeutics Inc. Common Stock,NASDAQ,Health Care,Biotechnology: Pharmaceutical Preparations,16712423.0,3.57,19848
CYCU,Cycurion Inc. Common Stock,NASDAQ,Technology,EDP Services,7007457.0,0.6108,5491426
CYN,Cyngn Inc. Common Stock,NASDAQ,Technology,EDP Services,17740636.0,1.23,147066
CYPH,Cypherpunk Technologies Inc. Common Stock,NASDAQ,Health Care,Biotechnology: Pharmaceutical Preparations,73311442.0,0.6886,1970350
CYRX,CryoPort Inc. Common Stock,NASDAQ,Health Care,Biotechnology: Pharmaceutical Preparations,762082973.0,15.12,1069272
CYTK,Cytokinetics Incorporated Common Stock,NASDAQ,Health Care,Biotechnology: Pharmaceutical Preparations,9551443689.0,76.76,3604538
CZFS,Citizens Financial Services Inc. Common Stock,NASDAQ,Finance,Major Banks,386316854.0,80.4,79198
CZNC,Citizens & Northern Corp Common Stock,NASDAQ,Finance,Major Banks,454364621.0,25.36,53793
CZR,Caesars Entertainment Inc. Common Stock,NASDAQ,Consumer Discretionary,Hotels/Resorts,6142169216.0,30.15,4149112
CZWI,Citizens Community Bancorp Inc. Common Stock,NASDAQ,Finance,Savings Institutions,201786330.0,20.91,43014
DAIC,CID HoldCo Inc. Common Stock,NASDAQ,Technology,EDP Services,934416.0,0.772,37673
DAIO,Data I/O Corporation Common Stock,NASDAQ,Industrials,Electrical Products,30587501.0,2.98,34124
DAKT,Daktronics Inc. Common Stock,NASDAQ,Consumer Discretionary,Miscellaneous manufacturing industries,1035193851.0,21.43,426419
DARE,Dare Bioscience Inc. Common Stock,NASDAQ,Health Care,Biotechnology: Pharmaceutical Preparations,20971303.0,1.4,91710
DASH,DoorDash Inc. Class A Common Stock,NASDAQ,Consumer Discretionary,Business Services,93704518134.0,216.26,6256518
DAVE,Dave Inc. Class A Common Stock,NASDAQ,Finance,Finance: Consumer Services,3637572250.0,317.93,672928
DBGI,Digital Brands Group Inc. Common Stock,NASDAQ,Consumer Discretionary,Clothing/Shoe/Accessory Stores,8826250.0,15.35,120978
DBVT,DBV Technologies S.A. American Depositary Shares,NASDAQ,Health Care,Biotechnology: Biological Products (No Diagnostic Substances),798181791.0,13.48,698716
DBX,Dropbox Inc. Class A Common Stock,NASDAQ,Technology,Computer Software: Prepackaged Software,8121195592.0,34.81,9232132
DCBO,Docebo Inc. Common Shares,NASDAQ,Technology,Computer Software: Prepackaged Software,573030995.0,22.295,142585
DCGO,DocGo Inc. Common Stock,NASDAQ,Health Care,Medical/Nursing Services,62645270.0,0.6342,170064
DCOY,Decoy Therapeutics Inc. Common Stock,NASDAQ,Health Care,Biotechnology: Pharmaceutical Preparations,2319427.0,3.93,11174
DCTH,Delcath Systems Inc. Common Stock,NASDAQ,Health Care,Medical/Dental Instruments,521622086.0,15.11,1212377
DCX,Digital Currency X Technology Inc. Class A Ordinary Shares,NASDAQ,Industrials,Auto Manufacturing,19182632.0,0.9676,59545
DDI,DoubleDown Interactive Co. Ltd. American Depository Shares,NASDAQ,Technology,EDP Services,587703798.0,11.86,61858
DDOG,Datadog Inc. Class A Common Stock,NASDAQ,Technology,Computer Software: Prepackaged Software,83269767013.0,233.93,8532944
DEFT,Defi Technologies Inc. Common Stock,NASDAQ,Finance,Finance: Consumer Services,183436013.0,0.4729,1900457
DERM,Journey Medical Corporation Common Stock,NASDAQ,Health Care,Biotechnology: Pharmaceutical Preparations,177047137.0,6.43,390887
DETX,Liberty Defense Holdings Ltd. Common Shares,NASDAQ,Industrials,Industrial Machinery/Components,17086982.0,3.02,5251
DFDV,DeFi Development Corp. Common Stock,NASDAQ,Finance,Finance: Consumer Services,87041612.0,2.89,449606
DFLI,Dragonfly Energy Holdings Corp. Common Stock (NV),NASDAQ,Miscellaneous,Industrial Machinery/Components,18896249.0,1.32,1344613
DFNS,T3 Defense Inc. Common Stock,NASDAQ,Consumer Discretionary,Professional Services,95870732.0,37.95,730342
DFSC,DEFSEC Technologies Inc. Common Stock,NASDAQ,Technology,Computer Software: Prepackaged Software,3359956.0,1.26,29518
DFTX,Definium Therapeutics Inc. Common Shares,NASDAQ,Health Care, Medicinal Chemicals and Botanical Products ,5032341368.0,46.14,2546852
DGICA,Donegal Group Inc. Class A Common Stock,NASDAQ,Finance,Property-Casualty Insurers,714174986.0,19.24,98761
DGICB,Donegal Group Inc. Class B Common Stock,NASDAQ,Finance,Property-Casualty Insurers,891233961.0,24.01,1713
DGII,Digi International Inc. Common Stock,NASDAQ,Telecommunications,Computer Communications Equipment,3100361649.0,81.7,540185
DGNX,Diginex Limited Ordinary Shares,NASDAQ,Technology,EDP Services,44233430.0,1.52,728594
DGXX,Digi Power X Inc. Subordinate Voting Shares,NASDAQ,Finance,Finance: Consumer Services,272947126.0,3.91,2407760
DH,Definitive Healthcare Corp. Class A Common Stock,NASDAQ,Technology,Computer Software: Prepackaged Software,102565319.0,0.7135,173953
DHC,Diversified Healthcare Trust Common Shares of Beneficial Interest,NASDAQ,Real Estate,Real Estate Investment Trusts,2135577674.0,8.82,1549880
DHCNI,Diversified Healthcare Trust 5.625% Senior Notes due 2042,NASDAQ,Real Estate,Real Estate Investment Trusts,4239236109.0,17.56,6477
DHCNL,Diversified Healthcare Trust 6.25% Senior Notes Due 2046,NASDAQ,Real Estate,Real Estate Investment Trusts,4472200963.0,18.525,2376
DIBS,1stdibs.com Inc. Common Stock,NASDAQ,Consumer Discretionary,Catalog/Specialty Distribution,170765688.0,5.08,146987
DIOD,Diodes Incorporated Common Stock,NASDAQ,Technology,Semiconductors,4843257815.0,105.17,640837
DJCO,Daily Journal Corp. (S.C.) Common Stock,NASDAQ,Consumer Discretionary,Newspapers/Magazines,778002777.0,564.69,83537
DJT,Trump Media & Technology Group Corp. Common Stock,NASDAQ,Technology,Computer Software: Programming Data Processing,2827698584.0,10.21,3729098
DKI,DarkIris Inc. Class A Ordinary Shares,NASDAQ,Technology,Computer Software: Prepackaged Software,7624468.0,3.6701,14251
DKNG,DraftKings Inc. Class A Common Stock,NASDAQ,Consumer Discretionary,Services-Misc. Amusement & Recreation,11921975473.0,24.03,37756704
DLHC,DLH Holdings Corp.,NASDAQ,Consumer Discretionary,Professional Services,69856429.0,4.82,12398
DLO,DLocal Limited Class A Common Shares,NASDAQ,Consumer Discretionary,Business Services,4248494826.0,14.405,1243203
DLPN,Dolphin Entertainment Inc. Common Stock,NASDAQ,Consumer Discretionary,Other Consumer Services,14318998.0,1.1,7593
DLTH,Duluth Holdings Inc. Class B Common Stock,NASDAQ,Consumer Discretionary,Clothing/Shoe/Accessory Stores,158848657.0,4.18,53715
DLTR,Dollar Tree Inc. Common Stock,NASDAQ,Consumer Discretionary,Department/Specialty Retail Stores,25155653569.0,130.9,1630617
DLXY,Delixy Holdings Limited Class A Ordinary Shares,NASDAQ,Energy,Oil Refining/Marketing,6211365.0,0.3799,65874
DMAC,DiaMedica Therapeutics Inc. Common Stock,NASDAQ,Health Care,Biotechnology: Pharmaceutical Preparations,363712579.0,6.75,109231
DMLP,Dorchester Minerals L.P. Common Units Representing Limited Partnership Interests,NASDAQ,Energy,Oil & Gas Production,1258502136.0,26.08,94018
DMRA,Damora Therapeutics Inc. Ordinary Shares,NASDAQ,Health Care,Biotechnology: Pharmaceutical Preparations,1841671564.0,29.92,197373
DMRC,Digimarc Corporation Common Stock,NASDAQ,Technology,EDP Services,178135070.0,7.95,59004
DNLI,Denali Therapeutics Inc. Common Stock,NASDAQ,Health Care,Biotechnology: Biological Products (No Diagnostic Substances),3940762770.0,24.83,1749301
DNTH,Dianthus Therapeutics Inc. Common Stock,NASDAQ,Health Care,Biotechnology: Pharmaceutical Preparations,6092372452.0,108.92,570503
DNUT,Krispy Kreme Inc. Common Stock,NASDAQ,Consumer Staples,Food Chains,575816000.0,3.34,4442604
DOCU,DocuSign Inc. Common Stock,NASDAQ,Technology,Computer Software: Prepackaged Software,11506322078.0,60.26,3443569
DOGZ,Dogness (International) Corporation Class A Common Stock,NASDAQ,Consumer Discretionary,Miscellaneous manufacturing industries,13428163.0,0.9254,11461
DOMH,Dominari Holdings Inc. Common Stock,NASDAQ,Finance,Investment Bankers/Brokers/Service,55403763.0,2.45,56931
DOMO,Domo Inc. Class B Common Stock,NASDAQ,Technology,Computer Software: Prepackaged Software,176538701.0,3.91,874634
DOO,BRP Inc. Common Subordinate Voting Shares,NASDAQ,Consumer Discretionary,Industrial Specialties,4800769611.0,65.01,124945
DORM,Dorman Products Inc. Common Stock,NASDAQ,Consumer Discretionary,Auto Parts:O.E.M.,4181591332.0,140.91,191683
DOX,Amdocs Limited Ordinary Shares,NASDAQ,Technology,EDP Services,6320445508.0,58.55,1315320
DOYU,DouYu International Holdings Limited ADS,NASDAQ,Technology,Computer Software: Programming Data Processing,141991532.0,4.705,23887
DPRO,Draganfly Inc. Common Shares,NASDAQ,Industrials,Aerospace,169706116.0,4.65,692887
DPU,Top KingWin Ltd Class A Ordinary Shares,NASDAQ,Consumer Discretionary,Business Services,6011810.0,2.0,22479
DPZ,Domino's Pizza Inc Common Stock,NASDAQ,Consumer Discretionary,Food Distributors,11610034898.0,350.95,826681
DRCT,Direct Digital Holdings Inc. Class A Common Stock,NASDAQ,Consumer Discretionary,Advertising,2016763.0,2.58,10429
DRH,Diamondrock Hospitality Company Common Stock,NASDAQ,Real Estate,Real Estate Investment Trusts,2563709183.0,12.53,2141750
DRIO,DarioHealth Corp. Common Stock,NASDAQ,Health Care,Medical/Dental Instruments,53595622.0,7.3,29551
DRMA,Dermata Therapeutics Inc. Common Stock,NASDAQ,Health Care,Biotechnology: Pharmaceutical Preparations,4424357.0,1.1,72199
DRS,Leonardo DRS Inc. Common Stock,NASDAQ,Industrials,Industrial Machinery/Components,11956739872.0,44.8,571424
DRTS,Alpha Tau Medical Ltd. Ordinary Shares,NASDAQ,Health Care,Medical/Dental Instruments,1156447944.0,13.14,294602
DRUG,Bright Minds Biosciences Inc. Common Stock,NASDAQ,Health Care,Biotechnology: Pharmaceutical Preparations,778390799.0,79.33,156423
DRVN,Driven Brands Holdings Inc. Common Stock,NASDAQ,Consumer Discretionary,Automotive Aftermarket,2198863000.0,13.33,1007884
DSC,DSC Holdings Ltd. American Depositary Shares,NASDAQ,Technology,Computer Software: Programming Data Processing,315456700.0,6.3,55566
DSGN,Design Therapeutics Inc. Common Stock,NASDAQ,Health Care,Biotechnology: Pharmaceutical Preparations,875517297.0,13.99,418875
DSGR,Distribution Solutions Group Inc. Common Stock,NASDAQ,Consumer Discretionary,Industrial Specialties,1611287355.0,34.88,146134
DSGX,Descartes Systems Group Inc. (The) Common Stock,NASDAQ,Technology,Computer Software: Prepackaged Software,6818419104.0,79.57,363693
DSP,Viant Technology Inc. Class A Common Stock,NASDAQ,Technology,Computer Software: Programming Data Processing,867669127.0,13.24,399495
DSWL,Deswell Industries Inc. Common Shares,NASDAQ,Industrials,Plastic Products,52103584.0,3.28,6162
DSY,Big Tree Cloud Holdings Limited Class A Ordinary Shares,NASDAQ,Consumer Discretionary,Containers/Packaging,21858611.0,4.6,26549606
DTCX,Datacentrex Inc. Common Stock,NASDAQ,Technology,EDP Services,79690933.0,2.05,101181
DTI,Drilling Tools International Corporation Common Stock,NASDAQ,Consumer Discretionary,Oil and Gas Field Machinery,80117134.0,2.28,655396
DTIL,Precision BioSciences Inc. Common Stock,NASDAQ,Health Care,Biotechnology: Biological Products (No Diagnostic Substances),193258830.0,7.49,240114
DTSS,Datasea Intelligent Technology Ltd. Class A Ordinary Shares,NASDAQ,Technology,Computer Software: Prepackaged Software,9081908.0,0.785,20778
DTST,Data Storage Corporation Common Stock,NASDAQ,Technology,EDP Services,7808045.0,3.34,13335
DUKR,DUKE Robotics Corp. Common Stock,NASDAQ,Industrials,Aerospace,18334916.0,5.38,7775
DUO,Fangdd Network Group Ltd. Class A Ordinary Shares,NASDAQ,Finance,Real Estate,24289355.0,0.6301,34930
DUOL,Duolingo Inc. Class A Common Stock,NASDAQ,Technology,Computer Software: Prepackaged Software,6099039015.0,130.9,1498054
DUOT,Duos Technologies Group Inc. Common Stock,NASDAQ,Technology,Computer Software: Prepackaged Software,271777931.0,9.24,570455
DVLT,Datavault AI Inc. Common Stock,NASDAQ,Consumer Discretionary,Business Services,263427538.0,0.3079,18830762
DWSN,Dawson Geophysical Company Common Stock,NASDAQ,Energy,Oil & Gas Production,135079854.0,4.35,76538
DWTX,Dogwood Therapeutics Inc. Common Stock,NASDAQ,Health Care,Biotechnology: Pharmaceutical Preparations,60701343.0,1.805,6750
DXCM,DexCom Inc. Common Stock,NASDAQ,Health Care,Medical/Dental Instruments,31981324834.0,84.75,4626142
DXLG,Destination XL Group Inc. Common Stock,NASDAQ,Consumer Discretionary,Clothing/Shoe/Accessory Stores,35385833.0,0.6402,22364
DXPE,DXP Enterprises Inc. Common Stock,NASDAQ,Industrials,Industrial Machinery/Components,2982601816.0,192.36,186077
DXR,Daxor Corporation Common Stock,NASDAQ,Health Care,Medical/Dental Instruments,59025028.0,10.1101,762
DXST,Decent Holding Inc Class A Ordinary Shares,NASDAQ,Industrials,Miscellaneous,4846325.0,2.67,76239
DYAI,Dyadic International Inc. Common Stock,NASDAQ,Health Care,Biotechnology: Biological Products (No Diagnostic Substances),36438703.0,1.0,88994
DYN,Dyne Therapeutics Inc. Common Stock,NASDAQ,Health Care,Biotechnology: Pharmaceutical Preparations,4902093814.0,26.25,1991045
EBAY,eBay Inc. Common Stock,NASDAQ,Consumer Discretionary,Business Services,49832352048.0,111.98,5512417
EBC,Eastern Bankshares Inc. Common Stock,NASDAQ,Finance,Savings Institutions,5279308381.0,22.84,983675
EBMT,Eagle Bancorp Montana Inc. Common Stock,NASDAQ,Finance,Major Banks,189736566.0,23.82,33696
EBON,Ebang International Holdings Inc. Class A Ordinary Shares,NASDAQ,Finance,Investment Bankers/Brokers/Service,12826118.0,1.96,5766
ECBK,ECB Bancorp Inc. Common Stock,NASDAQ,Finance,Banks,181032100.0,20.68,5312
ECHO,EchoStar  Corporation Common Stock,NASDAQ,Consumer Discretionary,Telecommunications Equipment,26155783348.0,90.04,4771700
ECOR,electroCore Inc. Common Stock,NASDAQ,Health Care,Biotechnology: Electromedical & Electrotherapeutic Apparatus,72938510.0,8.09,214016
ECPG,Encore Capital Group Inc Common Stock,NASDAQ,Finance,Finance Companies,2125178473.0,100.2,377420
ECX,ECARX Holdings Inc. Class A Ordinary shares,NASDAQ,Technology,EDP Services,419165982.0,1.1,430808
EDBL,Edible Garden AG Incorporated Common Stock,NASDAQ,Consumer Staples,Farming/Seeds/Milling,2538729.0,1.88,140272
EDHL,Everbright Digital Holding Limited Ordinary Shares,NASDAQ,Consumer Discretionary,Advertising,24790584.0,4.16,122049
EDIT,Editas Medicine Inc. Common Stock,NASDAQ,Health Care,Biotechnology: Biological Products (No Diagnostic Substances),442310501.0,2.88,1688526
EDRY,EuroDry Ltd. Common Shares ,NASDAQ,Consumer Discretionary,Marine Transportation,100359792.0,34.72,131117
EDSA,Edesa Biotech Inc. Common Shares,NASDAQ,Health Care,Biotechnology: Pharmaceutical Preparations,46860582.0,5.27,54053
EDTK,Skillful Craftsman Education Technology Limited Ordinary Share,NASDAQ,Real Estate,Other Consumer Services,15927858.0,0.9999,57357
EDUC,Educational Development Corporation Common Stock,NASDAQ,Consumer Discretionary,Consumer Specialties,11849700.0,1.39,152709
EEFT,Euronet Worldwide Inc. Common Stock,NASDAQ,Finance,Investment Bankers/Brokers/Service,2696051128.0,72.08,605518
EEIQ,EpicQuest Education Group International Limited Common Stock,NASDAQ,Real Estate,Other Consumer Services,3844865.0,2.335,28975
EFOI,Energy Focus Inc. Common Stock,NASDAQ,Consumer Discretionary,Building Products,20107951.0,3.19,4962
EFSC,Enterprise Financial Services Corporation Common Stock,NASDAQ,Finance,Major Banks,2385448993.0,65.91,150826
EFSCP,Enterprise Financial Services Corporation Depositary Shares Each Representing a 1/40th Interest in a Share of 5% Fixed Rate Non-Cumulative Perpetual Preferred Stock Series A,NASDAQ,Finance,Major Banks,728283984.0,20.1225,23
EFSI,Eagle Financial Services Inc Common Stock,NASDAQ,Finance,Major Banks,225804327.0,41.72,38772
EGAN,eGain Corporation Common Stock,NASDAQ,Technology,Computer Software: Prepackaged Software,202032596.0,7.36,182691
EGBN,Eagle Bancorp Inc. Common Stock,NASDAQ,Finance,Major Banks,849607862.0,27.86,222623
EGHA,EGH Acquisition Corp. Class A Ordinary Shares,NASDAQ,Finance,Finance/Investors Services,0.0,10.34,30566
EGHT,8x8 Inc Common Stock,NASDAQ,Technology,EDP Services,328590765.0,2.275,2308487
EH,EHang Holdings Limited ADS,NASDAQ,Industrials,Aerospace,413193085.0,5.74,646594
EHGO,Eshallgo Inc. Class A Ordinary Shares,NASDAQ,Consumer Discretionary,Diversified Commercial Services,5465612.0,1.91,70923
EHLD,Euroholdings Ltd. Common Stock ,NASDAQ,Consumer Discretionary,Marine Transportation,23518735.0,8.35,1481
EHTH,eHealth Inc. Common Stock,NASDAQ,Finance,Specialty Insurers,43884736.0,1.37,261337
EIKN,Eikon Therapeutics Inc. Common Stock,NASDAQ,Health Care,Biotechnology: Biological Products (No Diagnostic Substances),502947854.0,9.29,662408
EJH,E-Home Household Service Holdings Limited Ordinary Shares,NASDAQ,Consumer Discretionary,Other Consumer Services,4000193.0,1.25,25468
ELAB,PMGC Holdings Inc. Common Stock,NASDAQ,Health Care,Biotechnology: Pharmaceutical Preparations,4159804.0,0.9155,165227
ELBM,Electra Battery Materials Corporation Common Stock,NASDAQ,Miscellaneous,Industrial Machinery/Components,64080083.0,0.6,902397
ELDN,Eledon Pharmaceuticals Inc. Common Stock,NASDAQ,Health Care,Biotechnology: Pharmaceutical Preparations,284823067.0,3.69,929756
ELE,Elemental Royalty Corporation Common Stock,NASDAQ,Basic Materials,Precious Metals,1234222685.0,19.17,489285
ELMT,The Elmet Group Co. Common Stock,NASDAQ,Industrials,Metal Fabrications,505460490.0,16.86,160631
ELOG,Eastern International Ltd. Ordinary Shares,NASDAQ,Industrials,Integrated Freight & Logistics,10387504.0,0.8095,1038
ELOX,Eloxx Pharmaceuticals Inc. Common Stock,NASDAQ,Health Care,Biotechnology: Biological Products (No Diagnostic Substances),70918037.0,17.57,32412
ELPW,Elong Power Holding Limited Class A Ordinary Shares,NASDAQ,Miscellaneous,Industrial Machinery/Components,3449863.0,0.0997,6173861
ELTK,Eltek Ltd. Ordinary Shares,NASDAQ,Technology,Electrical Products,59470469.0,8.85,850
ELTX,Elicio Therapeutics Inc. Common Stock,NASDAQ,Health Care,Biotechnology: Pharmaceutical Preparations,73434464.0,3.19,122336
ELUT,Elutia Inc. Class A Common Stock,NASDAQ,Health Care,Biotechnology: Biological Products (No Diagnostic Substances),37577001.0,0.85,13465
ELVA,Electrovaya Inc. Common Shares,NASDAQ,Miscellaneous,Industrial Machinery/Components,480717631.0,9.71,508093
ELVN,Enliven Therapeutics Inc. Common Stock,NASDAQ,Health Care,Biotechnology: Pharmaceutical Preparations,4429950210.0,60.46,696110
ELVR,Elevra Lithium Limited American Depository Shares,NASDAQ,Industrials,Mining & Quarrying of Nonmetallic Minerals (No Fuels),1022019430.0,60.34,52463
ELWT,Elauwit Connection Inc. Common Stock,NASDAQ,Consumer Discretionary,Telecommunications Equipment,53818941.0,8.13,3638
EMAT,Evolution Metals & Technologies Corp. Common Stock,NASDAQ,Miscellaneous,Industrial Machinery/Components,1747231715.0,2.81,222722
EMBC,Embecta Corp. Common Stock,NASDAQ,Health Care,Medical/Dental Instruments,262228332.0,4.42,5586886
EMIS,Emmis Acquisition Corp. Class A Ordinary Shares,NASDAQ,Health Care,Biotechnology: Pharmaceutical Preparations,0.0,10.22,6
EML,Eastern Company (The) Common Stock,NASDAQ,Consumer Discretionary,Industrial Machinery/Components,150169759.0,24.9,3736
EMPD,Empery Digital Inc. Common stock,NASDAQ,Industrials,Auto Manufacturing,79692165.0,2.835,98275
ENGN,enGene Therapeutics Inc. Common Stock,NASDAQ,Health Care,Biotechnology: Biological Products (No Diagnostic Substances),120581039.0,1.8,346431
ENGS,Energys Group Limited Ordinary Shares,NASDAQ,Industrials,Engineering & Construction,147631061.0,2.725,327331
ENLT,Enlight Renewable Energy Ltd. Ordinary Shares,NASDAQ,Utilities,Electric Utilities: Central,11827645169.0,84.82,93515
ENLV,Enlivex Ltd. Ordinary Shares,NASDAQ,Health Care,Biotechnology: Pharmaceutical Preparations,35010591.0,2.08,197447
ENPH,Enphase Energy Inc. Common Stock,NASDAQ,Technology,Semiconductors,5532896412.0,41.87,5398483
ENRD,Einride AB American Depositary Shares,NASDAQ,Technology,EDP Services,771285275.0,5.35,5505
ENSC,Ensysce Biosciences Inc. Common Stock,NASDAQ,Health Care,Biotechnology: Pharmaceutical Preparations,7993149.0,0.5202,15380768
ENSG,The Ensign Group Inc. Common Stock,NASDAQ,Health Care,Hospital/Nursing Management,10663936949.0,182.97,294256
ENTA,Enanta Pharmaceuticals Inc. Common Stock,NASDAQ,Health Care,Biotechnology: Pharmaceutical Preparations,400409293.0,13.77,183002
ENTG,Entegris Inc. Common Stock,NASDAQ,Industrials,Plastic Products,23237824000.0,152.08,2012013
ENTX,Entera Bio Ltd. Ordinary Shares,NASDAQ,Health Care,Biotechnology: Biological Products (No Diagnostic Substances),141462972.0,2.87,244919
ENVB,Enveric Biosciences Inc. Common Stock,NASDAQ,Health Care,Biotechnology: Pharmaceutical Preparations,6244139.0,1.55,49192
ENVX,Enovix Corporation Common Stock,NASDAQ,Miscellaneous,Industrial Machinery/Components,1025321168.0,4.7,4826235
EOLS,Evolus Inc. Common Stock,NASDAQ,Health Care,Biotechnology: Pharmaceutical Preparations,501322840.0,7.59,1631906
EOSE,Eos Energy Enterprises Inc. Class A Common Stock,NASDAQ,Miscellaneous,Industrial Machinery/Components,1511296138.0,4.15,19042208
EPOW,E-Power Inc. Class A Ordinary Shares,NASDAQ,Miscellaneous,Industrial Machinery/Components,27100856.0,0.49,2101624
EPRX,Eupraxia Pharmaceuticals Inc. Common Stock,NASDAQ,Health Care,Pharmaceuticals and Biotechnology,442263431.0,6.77,475632
EPSM,Epsium Enterprise Limited Class A Ordinary Shares,NASDAQ,Consumer Staples,Beverages (Production/Distribution),20169145.0,1.5009,48296
EPSN,Epsilon Energy Ltd. Common Share,NASDAQ,Energy,Oil & Gas Production,172719603.0,5.71,86526
EQ,Equillium Inc. Common Stock,NASDAQ,Health Care,Biotechnology: Pharmaceutical Preparations,133408033.0,2.11,406238
EQIX,Equinix Inc. Common Stock REIT,NASDAQ,Real Estate,Real Estate Investment Trusts,102877073257.0,1042.62,487593
EQPT,EquipmentShare.com Inc Class A Common Stock,NASDAQ,Consumer Discretionary,Diversified Commercial Services,5163594485.0,20.46,2055038
ERAS,Erasca Inc. Common Stock,NASDAQ,Health Care,Biotechnology: Pharmaceutical Preparations,6300554819.0,18.41,2094930
ERIC,Ericsson American Depositary Shares,NASDAQ,Technology,Radio And Television Broadcasting And Communications Equipment,34219220110.0,10.15,5246274
ERIE,Erie Indemnity Company Class A Common Stock,NASDAQ,Finance,Specialty Insurers,11666434795.0,252.58,239829
ERII,Energy Recovery Inc. Common Stock,NASDAQ,Technology,Industrial Machinery/Components,443069515.0,8.68,976306
ERNA,Ernexa Therapeutics Inc. Common Stock,NASDAQ,Health Care,Biotechnology: Pharmaceutical Preparations,4910262.0,4.21,25435
ESCA,Escalade Incorporated Common Stock,NASDAQ,Consumer Discretionary,Recreational Games/Products/Toys,311113272.0,22.6,36311
ESEA,Euroseas Ltd. Common Stock (Marshall Islands),NASDAQ,Consumer Discretionary,Marine Transportation,531237280.0,75.29,28443
ESLA,Estrella Immunopharma Inc. Common Stock,NASDAQ,Health Care,Biotechnology: Biological Products (No Diagnostic Substances),31092230.0,0.7225,5610
ESLT,Elbit Systems Ltd. Ordinary Shares,NASDAQ,Industrials,Military/Government/Technical,39957684698.0,859.14,62101
ESOA,Energy Services of America Corporation Common Stock,NASDAQ,Industrials,Water Sewer Pipeline Comm & Power Line Construction,292023976.0,15.65,82515
ESQ,Esquire Financial Holdings Inc. Common Stock,NASDAQ,Finance,Commercial Banks,1135048445.0,131.38,79017
ESTA,Establishment Labs Holdings Inc. Common Shares,NASDAQ,Health Care,Industrial Specialties,2278500794.0,77.42,763689
ETON,Eton Pharmaceuticals Inc. Common Stock,NASDAQ,Health Care,Biotechnology: Pharmaceutical Preparations,1221699167.0,44.6,277169
ETOR,eToro Group Ltd. Class A Common Shares,NASDAQ,Finance,Investment Bankers/Brokers/Service,2838452775.0,35.24,562297
ETS,Elite Express Holding Inc. Class A Common Stock,NASDAQ,Industrials,Trucking Freight/Courier Services,56511340.0,1.16,42469
EU,enCore Energy Corp. Common Shares,NASDAQ,Basic Materials,Other Metals and Minerals,242791255.0,1.25,3611008
EUDA,EUDA Health Holdings Limited Ordinary Shares,NASDAQ,Health Care,Medical/Nursing Services,47609768.0,15.9,1997
EVAX,Evaxion A/S American Depositary Share,NASDAQ,Health Care,Biotechnology: Biological Products (No Diagnostic Substances),25854667.0,3.1,7965
EVCM,EverCommerce Inc. Common Stock,NASDAQ,Technology,Computer Software: Prepackaged Software,1929184486.0,10.92,127588
EVER,EverQuote Inc. Class A Common Stock,NASDAQ,Technology,Computer Software: Programming Data Processing,906013998.0,25.71,582684
EVGN,Evogene Ltd Ordinary Shares,NASDAQ,Industrials,Agricultural Chemicals,7956438.0,0.6001,615259
EVGO,EVgo Inc. Class A Common Stock,NASDAQ,Consumer Discretionary,Automotive Aftermarket,508452171.0,1.62,5554248
EVLV,Evolv Technologies Holdings Inc. Class A Common Stock,NASDAQ,Technology,Computer peripheral equipment,1102611743.0,6.13,1384255
EVO,Evotec SE American Depositary Shares,NASDAQ,Health Care,Biotechnology: Pharmaceutical Preparations,711511128.0,2.0,49377
EVRG,Evergy Inc. Common Stock,NASDAQ,Utilities,Power Generation,19220176025.0,83.38,1655798
EWBC,East West Bancorp Inc. Common Stock,NASDAQ,Finance,Major Banks,18042407705.0,131.7,270185
EWTX,Edgewise Therapeutics Inc. Common Stock,NASDAQ,Health Care,Biotechnology: Pharmaceutical Preparations,4682447621.0,43.52,1477517
EXC,Exelon Corporation Common Stock,NASDAQ,Utilities,Power Generation,47081103435.0,45.61,6992700
EXE,Expand Energy Corporation Common Stock,NASDAQ,Energy,Oil & Gas Production,21492811771.0,92.84,2240473
EXEL,Exelixis Inc. Common Stock,NASDAQ,Health Care,Biotechnology: Biological Products (No Diagnostic Substances),13397556086.0,54.07,3550167
EXFY,Expensify Inc. Class A Common Stock,NASDAQ,Technology,Computer Software: Prepackaged Software,259418540.0,2.69,5858005
EXLS,ExlService Holdings Inc. Common Stock,NASDAQ,Consumer Discretionary,Business Services,5289760090.0,34.89,2547163
EXOZ,eXoZymes Inc. Common Stock,NASDAQ,Health Care,Biotechnology: Biological Products (No Diagnostic Substances),47018321.0,5.105,2940
EXPE,Expedia Group Inc. Common Stock,NASDAQ,Consumer Discretionary,Transportation Services,37288458882.0,310.68,1620030
EXPO,Exponent Inc. Common Stock,NASDAQ,Consumer Discretionary,Professional Services,3240091701.0,66.79,294672
EXTR,Extreme Networks Inc. Common Stock,NASDAQ,Telecommunications,Computer Communications Equipment,3134750769.0,23.97,1618213
EXYN,Exyn Technologies Inc. Common Stock,NASDAQ,Technology,Computer Software: Prepackaged Software,15430677.0,1.94,142007
EYE,National Vision Holdings Inc. Common Stock,NASDAQ,Health Care,Ophthalmic Goods,1806630796.0,22.55,1377604
EYPT,EyePoint Inc. Common Stock,NASDAQ,Industrials,Biotechnology: Laboratory Analytical Instruments,1197486597.0,13.89,1655733
EZGO,EZGO Technologies Ltd. Ordinary Shares,NASDAQ,Consumer Discretionary,Motor Vehicles,2444253.0,1.06,80457
EZPW,EZCORP Inc. Class A Non Voting Common Stock,NASDAQ,Consumer Discretionary,Other Specialty Stores,1714270218.0,27.9,1764780
EZRA,Reliance Global Group Inc. Common Stock,NASDAQ,Finance,Specialty Insurers,2557645.0,2.55,322459
FA,First Advantage Corporation Common Stock,NASDAQ,Technology,EDP Services,4118604498.0,24.01,2577958
FABC,Fabric.AI Inc. Common Stock,NASDAQ,Consumer Discretionary,Telecommunications Equipment,20277901.0,2.77,109350
FAC,Factorial Energy Inc. Class A Common Stock,NASDAQ,Miscellaneous,Industrial Machinery/Components,634647843.0,5.93,170492
FAMI,Farmmi Inc. Class A Ordinary Shares,NASDAQ,Consumer Staples,Packaged Foods,4888335.0,0.1606,611253
FANG,Diamondback Energy Inc. Common Stock,NASDAQ,Energy,Oil & Gas Production,52655779338.0,188.04,1506904
FAST,Fastenal Company Common Stock,NASDAQ,Consumer Discretionary,RETAIL: Building Materials,59486274184.0,51.84,10822059
FATE,Fate Therapeutics Inc. Common Stock,NASDAQ,Health Care,Biotechnology: Biological Products (No Diagnostic Substances),326365721.0,2.8,4015208
FATN,FatPipe Inc. Common Stock,NASDAQ,Technology,Computer Software: Prepackaged Software,89998341.0,6.37,45171
FBGL,FBS Global Limited Ordinary Shares,NASDAQ,Consumer Discretionary,Homebuilding,5635504.0,0.4214,87662
FBIO,Fortress Biotech Inc. Common Stock,NASDAQ,Health Care,Biotechnology: Pharmaceutical Preparations,88694922.0,2.67,579955
FBIOP,Fortress Biotech Inc. 9.375% Series A Cumulative Redeemable Perpetual Preferred Stock,NASDAQ,Health Care,Biotechnology: Pharmaceutical Preparations,660395151.0,19.88,4721
FBIZ,First Business Financial Services Inc. Common Stock,NASDAQ,Finance,Major Banks,595154918.0,71.12,50556
FBLA,FB Bancorp Inc. Common Stock,NASDAQ,Finance,Banks,252442458.0,15.62,80442
FBLG,FibroBiologics Inc. Common Stock,NASDAQ,Health Care,Biotechnology: Pharmaceutical Preparations,6499728.0,0.9762,169852
FBNC,First Bancorp Common Stock,NASDAQ,Finance,Major Banks,2675747959.0,64.67,183343
FBRX,Forte Biosciences Inc. Common Stock,NASDAQ,Health Care,Biotechnology: Pharmaceutical Preparations,1572568357.0,76.79,1163873
FBYD,Falcon's Beyond Global Inc. Class A Common Stock,NASDAQ,Consumer Discretionary,Services-Misc. Amusement & Recreation,1220909075.0,10.07,104875
FCAP,First Capital Inc. Common Stock,NASDAQ,Finance,Savings Institutions,214415082.0,64.09,7043
FCBC,First Community Bankshares Inc. (VA) Common Stock,NASDAQ,Finance,Major Banks,909565005.0,48.21,67507
FCCO,First Community Corporation Common Stock,NASDAQ,Finance,Major Banks,321504212.0,34.21,26927
FCEL,FuelCell Energy Inc. Common Stock,NASDAQ,Energy,Industrial Machinery/Components,1633464224.0,20.43,8889988
FCFS,FirstCash Holdings Inc. Common Stock,NASDAQ,Consumer Discretionary,Other Specialty Stores,8784524372.0,202.54,317403
FCHL,Fitness Champs Holdings Limited Common Stock,NASDAQ,Consumer Discretionary,Services-Misc. Amusement & Recreation,1595678.0,1.21,91705
FCNCA,First Citizens BancShares Inc. Class A Common Stock,NASDAQ,Finance,Major Banks,25705585949.0,2218.49,41278
FCNCN,First Citizens BancShares Inc. Depositary Shares each representing a 1/40th interest in a share of 6.625% Non-Cumulative Perpetual Preferred Stock Series E,NASDAQ,Finance,Major Banks,289906089.0,25.02,6175
FCNCO,First Citizens BancShares Inc. 5.625% Non-Cumulative Perpetual Preferred Stock Series C,NASDAQ,Finance,Major Banks,237880576.0,20.53,6761
FCNCP,First Citizens BancShares Inc. Depositary Shares,NASDAQ,Finance,Major Banks,232087089.0,20.03,5339
FCUV,Focus Universal Inc. Common Stock,NASDAQ,Industrials,Industrial Machinery/Components,3654617.0,5.2,334406
FDBC,Fidelity D & D Bancorp Inc. Common Stock,NASDAQ,Finance,Major Banks,316498414.0,54.52,5297
FDMT,4D Molecular Therapeutics Inc. Common Stock,NASDAQ,Health Care,Biotechnology: Biological Products (No Diagnostic Substances),561969731.0,10.75,346922
FDSB,Fifth District Bancorp Inc. Common Stock,NASDAQ,Finance,Savings Institutions,94030328.0,17.86,7885
FDUS,Fidus Investment Corporation Common Stock,NASDAQ,Finance,Finance/Investors Services,772371307.0,20.35,1646929
FEAM,5E Advanced Materials Inc. Common Stock,NASDAQ,Industrials,Mining & Quarrying of Nonmetallic Minerals (No Fuels),62272835.0,1.5,4073886
FEBO,Fenbo Holdings Limited Class A Ordinary Shares,NASDAQ,Consumer Discretionary,Home Furnishings,8794688.0,0.795,989
FEED,ENvue Medical Inc. Common Stock,NASDAQ,Health Care,Industrial Specialties,3717737.0,0.3999,92909
FEIM,Frequency Electronics Inc. Common Stock,NASDAQ,Industrials,Electrical Products,815441980.0,74.43,196327
FELE,Franklin Electric Co. Inc. Common Stock,NASDAQ,Consumer Discretionary,Metal Fabrications,4839386849.0,109.46,132883
FEMY,Femasys Inc. Common Stock,NASDAQ,Health Care,Medical/Dental Instruments,8031960.0,2.66,1087442
FENC,Fennec Pharmaceuticals Inc. Common Stock,NASDAQ,Health Care,Biotechnology: Biological Products (No Diagnostic Substances),403814120.0,11.575,226659
FER,Ferrovial N.V. Ordinary Shares,NASDAQ,Industrials,Military/Government/Technical,47851135086.0,66.51,1064391
FFAI,Faraday Future Intelligent Electric Inc. Class A Common Stock,NASDAQ,Industrials,Auto Manufacturing,10510428.0,4.1,779915
FFBC,First Financial Bancorp. Common Stock,NASDAQ,Finance,Major Banks,3531922729.0,33.66,495807
FFIN,First Financial Bankshares Inc. Common Stock,NASDAQ,Finance,Major Banks,4969164668.0,34.67,593283
FFIV,F5 Inc. Common Stock,NASDAQ,Telecommunications,Computer Communications Equipment,22580675227.0,400.23,589152
FGBI,First Guaranty Bancshares Inc. Common Stock,NASDAQ,Finance,Savings Institutions,158056781.0,9.6,10600
FGBIP,First Guaranty Bancshares Inc. 6.75% Series A Fixed-Rate Non-Cumulative Perpetual Preferred Stock,NASDAQ,Finance,Savings Institutions,326487684.0,19.8301,2669
FGI,FGI Industries Ltd. Ordinary Shares,NASDAQ,Industrials,Industrial Specialties,8825908.0,4.57,8583
FGL,Founder Group Limited Class A Ordinary Shares,NASDAQ,Consumer Discretionary,Engineering & Construction,973124.0,0.8494,377321
FGNX,FG Nexus Inc. Common Stock ,NASDAQ,Finance,Property-Casualty Insurers,38663464.0,6.74,79858
FGNXP,FG Nexus Inc. 8.00% Cumulative Preferred Stock,NASDAQ,Finance,Property-Casualty Insurers,137702738.0,24.005,352
FHB,First Hawaiian Inc. Common Stock,NASDAQ,Finance,Major Banks,3345000629.0,27.49,1240487
FHTX,Foghorn Therapeutics Inc. Common Stock,NASDAQ,Health Care,Biotechnology: Pharmaceutical Preparations,356393507.0,6.07,280913
FIBK,First Interstate BancSystem Inc. Common Stock (DE),NASDAQ,Finance,Major Banks,3576781901.0,37.53,878882
FIEE,FiEE Inc Common Stock,NASDAQ,Utilities,Telecommunications Equipment,28314945.0,3.32,70439
FIGR,Figure Technology Solutions Inc. Class A Common Stock,NASDAQ,Finance,Finance: Consumer Services,6311162082.0,28.62,2489311
FINW,FinWise Bancorp Common Stock,NASDAQ,Finance,Major Banks,195585177.0,14.27,9792
FIP,FTAI Infrastructure Inc. Common Stock ,NASDAQ,Industrials,Railroads,504558380.0,4.27,1634322
FISI,Financial Institutions Inc. Common Stock,NASDAQ,Finance,Major Banks,820769894.0,41.65,177699
FISN,Deep Fission Inc. Common Stock,NASDAQ,Utilities,Electric Utilities: Central,529564383.0,8.99,180442
FISV,Fiserv Inc. Common Stock,NASDAQ,Consumer Discretionary,Business Services,27947841406.0,52.41,9415245
FIVE,Five Below Inc. Common Stock,NASDAQ,Consumer Discretionary,Department/Specialty Retail Stores,13512524924.0,244.37,1026502
FIVN,Five9 Inc. Common Stock,NASDAQ,Technology,EDP Services,2602409952.0,33.99,7891559
FIZZ,National Beverage Corp. Common Stock,NASDAQ,Consumer Staples,Beverages (Production/Distribution),3007756837.0,32.13,265724
FKWL,Franklin Wireless Corp. Common Stock,NASDAQ,Utilities,Telecommunications Equipment,26986001.0,2.29,13304
FLD,Fold Holdings Inc. Class A Common Stock,NASDAQ,Finance,Finance: Consumer Services,24878763.0,0.4899,99176
FLEX,Flex Ltd. Ordinary Shares,NASDAQ,Technology,Electrical Products,44827051380.0,121.35,3373999
FLGT,Fulgent Genetics Inc. Common Stock,NASDAQ,Health Care,Medical Specialities,526642708.0,19.14,228385
FLL,Full House Resorts Inc. Common Stock,NASDAQ,Consumer Discretionary,Hotels/Resorts,88124395.0,2.43,267678
FLNA,Filana Therapeutics Inc. Common Stock,NASDAQ,Health Care,Biotechnology: Pharmaceutical Preparations,48066357.0,0.995,614561
FLNC,Fluence Energy Inc. Class A Common Stock,NASDAQ,Miscellaneous,Industrial Machinery/Components,2435749089.0,13.195,8454158
FLNT,Fluent Inc. Common Stock,NASDAQ,Consumer Discretionary,Advertising,120455476.0,4.04,67147
FLUX,Flux Power Holdings Inc. Common Stock,NASDAQ,Miscellaneous,Industrial Machinery/Components,11428340.0,0.535,409460
FLWS,1-800-FLOWERS.COM Inc. Common Stock,NASDAQ,Consumer Discretionary,Other Specialty Stores,257675902.0,4.02,102566
FLX,BingEx Limited American Depositary Shares,NASDAQ,Industrials,Trucking Freight/Courier Services,152110213.0,2.08,86349
FLXS,Flexsteel Industries Inc. Common Stock,NASDAQ,Consumer Discretionary,Home Furnishings,408037907.0,76.19,26970
FLY,Firefly Aerospace Inc. Common Stock,NASDAQ,Industrials,Military/Government/Technical,4279882646.0,26.71,4210119
FLYE,Fly-E Group Inc. Common Stock,NASDAQ,Industrials,Aerospace,2825334.0,1.7308,1085
FLYW,Flywire Corporation Voting Common Stock,NASDAQ,Consumer Discretionary,Business Services,2163251244.0,17.78,3076660
FLZH,Flash Sports & Media Holdings Inc. Common Stock,NASDAQ,Consumer Discretionary,Services-Misc. Amusement & Recreation,73800204.0,1.37,92147
FMAO,Farmers & Merchants Bancorp Inc. Common Stock,NASDAQ,Finance,Savings Institutions,480958817.0,34.92,341448
FMBH,First Mid Bancshares Inc. Common Stock,NASDAQ,Finance,Major Banks,1361930281.0,51.17,90570
FMFC,Kandal M Venture Limited Class A Ordinary Shares,NASDAQ,Consumer Discretionary,Apparel,6093930.0,0.2861,816148
FMNB,Farmers National Banc Corp. Common Stock,NASDAQ,Finance,Major Banks,929083679.0,15.69,404070
FMST,Foremost Clean Energy Ltd. Common Shares,NASDAQ,Basic Materials,Other Metals and Minerals,23249260.0,1.41,75691
FNGR,FingerMotion Inc. Common Stock,NASDAQ,Technology,Computer Software: Prepackaged Software,18117212.0,0.2955,1440408
FNKO,Funko Inc. Class A Common Stock,NASDAQ,Consumer Discretionary,Recreational Games/Products/Toys,328873457.0,5.88,3280425
FNLC,First Bancorp Inc  (ME) Common Stock,NASDAQ,Finance,Major Banks,398936318.0,35.38,17710
FNRN,First Northern Community Bancorp Common stock,NASDAQ,Finance,Savings Institutions,272192230.0,16.59,97268
FNUC,Frontier Nuclear and Minerals Inc. Common Shares,NASDAQ,Basic Materials,Other Metals and Minerals,30644657.0,1.7,543306
FNWB,First Northwest Bancorp Common Stock,NASDAQ,Finance,Banks,104017335.0,10.95,8298
FNWD,Finward Bancorp Common Stock,NASDAQ,Finance,Savings Institutions,192727009.0,44.51,4268
FOCL,EDAP TMS S.A. American Depositary Shares,NASDAQ,Health Care,Biotechnology: Electromedical & Electrotherapeutic Apparatus,233150909.0,6.22,30772
FOFO,Hang Feng Technology Innovation Co. Ltd. Ordinary Shares,NASDAQ,Consumer Discretionary,Professional Services,18549141.0,2.45,4041
FORM,FormFactor Inc. FormFactor Inc. Common Stock,NASDAQ,Technology,Semiconductors,9170591908.0,117.39,651261
FORR,Forrester Research Inc. Common Stock,NASDAQ,Industrials,Diversified Commercial Services,227896880.0,11.74,129291
FORTY,Formula Systems (1985) Ltd. American Depositary Shares,NASDAQ,Technology,EDP Services,1665796286.0,108.75,259
FOSL,Fossil Group Inc. Common Stock,NASDAQ,Consumer Discretionary,Consumer Specialties,317966597.0,5.38,1485685
FOX,Fox Corporation Class B Common Stock,NASDAQ,Industrials,Broadcasting,23963225544.0,57.03,1387030
FOXA,Fox Corporation Class A Common Stock,NASDAQ,Industrials,Broadcasting,26904529749.0,64.03,6692964
FOXF,Fox Factory Holding Corp. Common Stock,NASDAQ,Consumer Discretionary,Motor Vehicles,886110490.0,21.13,1982709
FOXX,Foxx Development Holdings Inc. Common Stock,NASDAQ,Telecommunications,Computer Communications Equipment,18307099.0,2.6,3167
FRAF,Franklin Financial Services Corporation Common Stock,NASDAQ,Finance,Major Banks,280005754.0,62.32,29943
FRBA,First Bank Common Stock,NASDAQ,Finance,Major Banks,468253928.0,18.63,105501
FRBT,Forbright Inc. Class A Common Stock,NASDAQ,Finance,Major Banks,948038797.0,19.08,81351
FRD,Friedman Industries Inc. Common Stock,NASDAQ,Industrials,Steel/Iron Ore,316713653.0,43.91,288478
FRGT,Freight Technologies Inc. Ordinary Shares,NASDAQ,Industrials,Integrated Freight & Logistics,1567623.0,2.74,48849
FRHC,Freedom Holding Corp. Common Stock,NASDAQ,Finance,Investment Bankers/Brokers/Service,9131368717.0,148.98,45384
FRME,First Merchants Corporation Common Stock,NASDAQ,Finance,Major Banks,2674712606.0,42.59,296031
FRMEP,First Merchants Corporation Depository Shares,NASDAQ,Finance,Major Banks,1579455788.0,25.15,27
FRMI,Fermi Inc. Common Stock,NASDAQ,Real Estate,Real Estate Investment Trusts,3940208797.0,6.18,12321910
FRMM,Forum Markets Incorporated Common Stock,NASDAQ,Finance,Finance: Consumer Services,80612640.0,6.02,180908
FRNM,Freenome Inc. Common stock,NASDAQ,Health Care,Medical Specialities,1198031976.0,11.15,548627
FROG,JFrog Ltd. Ordinary Shares,NASDAQ,Technology,Computer Software: Prepackaged Software,10842637692.0,89.52,4369889
FRPH,FRP Holdings Inc. Common Stock,NASDAQ,Finance,Real Estate,420212428.0,21.92,132783
FRPT,Freshpet Inc. Common Stock,NASDAQ,Consumer Staples,Packaged Foods,3215565731.0,66.91,906955
FRSH,Freshworks Inc. Class A Common Stock,NASDAQ,Technology,Computer Software: Prepackaged Software,3089301940.0,11.84,6715356
FRST,Primis Financial Corp. Common Stock,NASDAQ,Finance,Major Banks,404277591.0,16.25,142682
FRSX,Foresight Autonomous Holdings Ltd. American Depositary Shares,NASDAQ,Technology,Computer Software: Prepackaged Software,3635981.0,1.22,18747
FRTT,Fort Technology Inc. Common Shares,NASDAQ,Industrials,Agricultural Chemicals,14844375.0,0.9956,372993
FRVO,Fervo Energy Company Class A common stock,NASDAQ,Utilities,Electric Utilities: Central,7616572578.0,25.85,2457273
FSBC,Five Star Bancorp Common Stock,NASDAQ,Finance,Major Banks,1110460624.0,46.075,138997
FSBW,FS Bancorp Inc. Common Stock,NASDAQ,Finance,Banks,319667622.0,43.06,26615
FSEA,First Seacoast Bancorp Inc. Common Stock,NASDAQ,Finance,Savings Institutions,80274073.0,17.1099,4044
FSLR,First Solar Inc. Common Stock,NASDAQ,Technology,Semiconductors,26872820489.0,250.05,5214293
FSLY,Fastly Inc. Class A Common Stock,NASDAQ,Technology,Computer Software: Prepackaged Software,3657528000.0,22.96,7217622
FSTR,L.B. Foster Company Common Stock,NASDAQ,Industrials,Metal Fabrications,431629724.0,41.27,78361
FSUN,FirstSun Capital Bancorp Common Stock,NASDAQ,Finance,Major Banks,1854512454.0,39.68,186063
FSV,FirstService Corporation Common Shares,NASDAQ,Finance,Real Estate,6320892731.0,143.91,82581
FTAI,FTAI Aviation Ltd. Common Stock,NASDAQ,Industrials,Misc Corporate Leasing Services,22209381358.0,216.24,1334509
FTAIM,FTAI Aviation Ltd. 9.500% Fixed-Rate Reset Series D Cumulative Perpetual Redeemable Preferred Shares,NASDAQ,Industrials,Misc Corporate Leasing Services,2835229247.0,27.605,1360
FTCI,FTC Solar Inc. Common Stock,NASDAQ,Technology,Semiconductors,44774603.0,2.72,235318
FTDR,Frontdoor Inc. Common Stock,NASDAQ,Consumer Discretionary,Diversified Commercial Services,6379437965.0,90.83,847547
FTEK,Fuel Tech Inc. Common Stock,NASDAQ,Industrials,Pollution Control Equipment,43703505.0,1.4,133119
FTFT,Future FinTech Group Inc. Common Stock,NASDAQ,Consumer Discretionary,Business Services,25193077.0,0.7853,164137
FTH,Faeth Therapeutics Inc. Common Stock,NASDAQ,Health Care,Biotechnology: Pharmaceutical Preparations,630247966.0,24.39,202844
FTHM,Fathom Holdings Inc. Common Stock,NASDAQ,Finance,Real Estate,25215949.0,0.76,192766
FTLF,FitLife Brands Inc. Common Stock,NASDAQ,Health Care, Medicinal Chemicals and Botanical Products ,94192452.0,10.03,9027
FTNT,Fortinet Inc. Common Stock,NASDAQ,Technology,Computer peripheral equipment,117130047565.0,159.64,4825993
FTRE,Fortrea Holdings Inc. Common Stock,NASDAQ,Health Care,Medical Specialities,1752693000.0,18.43,989756
FTRK,FAST TRACK GROUP Ordinary shares,NASDAQ,Consumer Discretionary,Services-Misc. Amusement & Recreation,6587375.0,0.302,60911
FUFU,BitFuFu Inc. Class A Ordinary Shares,NASDAQ,Finance,Finance: Consumer Services,216649677.0,1.3,85440
FULC,Fulcrum Therapeutics Inc. Common Stock,NASDAQ,Health Care,Biotechnology: Pharmaceutical Preparations,296796330.0,3.89,1460105
FULT,Fulton Financial Corporation Common Stock,NASDAQ,Finance,Major Banks,4633078125.0,24.24,1685246
FULTP,Fulton Financial Corporation Depositary Shares Each Representing a 1/40th Interest in a Share of Fixed Rate Non-Cumulative Perpetual Preferred Stock Series A,NASDAQ,Finance,Major Banks,3350571763.0,17.53,27560
FUNC,First United Corporation Common Stock,NASDAQ,Finance,Major Banks,288426119.0,44.74,8992
FUND,Sprott Focus Trust Inc. Common Stock,NASDAQ,Finance,Investment Managers,304781134.0,10.285,32372
FUSB,First US Bancshares Inc. Common Stock,NASDAQ,Finance,Major Banks,91859906.0,16.5,2109
FUSE,Fusemachines Inc. Common stock,NASDAQ,Technology,EDP Services,24754626.0,0.8554,579824
FUTU,Futu Holdings Limited American Depositary Shares,NASDAQ,Finance,Investment Bankers/Brokers/Service,15281074696.0,109.02,825217
FVCB,FVCBankcorp Inc. Common Stock,NASDAQ,Finance,Major Banks,333300588.0,18.52,56130
FWDI,Forward Industries Inc. Common Stock,NASDAQ,Finance,Finance: Consumer Services,323363097.0,4.33,521820
FWONA,Liberty Media Corporation Series A Liberty Formula One Common Stock,NASDAQ,Industrials,Broadcasting,23546912324.0,93.96,147293
FWONK,Liberty Media Corporation Series C Liberty Formula One Common Stock,NASDAQ,Industrials,Broadcasting,25774797068.0,102.85,2170147
FWRD,Forward Air Corporation Common Stock,NASDAQ,Industrials,Integrated Freight & Logistics,653659680.0,19.35,1196582
FWRG,First Watch Restaurant Group Inc. Common Stock,NASDAQ,Consumer Discretionary,Restaurants,766468443.0,12.42,842174
FXHO,UTime Limited Class A Ordinary Shares,NASDAQ,Technology,Consumer Electronics/Appliances,234598428.0,9.28,228446
FXNC,First National Corporation Common Stock,NASDAQ,Finance,Major Banks,287321931.0,31.78,31170
GABC,German American Bancorp Inc. Common Stock,NASDAQ,Finance,Major Banks,1896997958.0,50.5,131686
GAIA,Gaia Inc. Class A Common Stock,NASDAQ,Consumer Discretionary,Movies/Entertainment,48350076.0,1.91,27638
GAIN,Gladstone Investment Corporation Business Development Company,NASDAQ,Finance,Finance: Consumer Services,660646433.0,16.59,544897
GAING,Gladstone Investment Corporation 7.125% Notes due 2031,NASDAQ,Finance,Finance: Consumer Services,0.0,25.35,7454
GAINI,Gladstone Investment Corporation 7.875% Notes due 2030,NASDAQ,Finance,Finance: Consumer Services,0.0,25.4014,2560
GAINZ,Gladstone Investment Corporation 4.875% Notes due 2028,NASDAQ,Finance,Finance: Consumer Services,926816328.0,24.25,3919
GALT,Galectin Therapeutics Inc. Common Stock,NASDAQ,Health Care,Biotechnology: Pharmaceutical Preparations,347931272.0,3.45,322107
GAME,GameSquare Holdings Inc. Common Stock,NASDAQ,Consumer Discretionary,Services-Misc. Amusement & Recreation,33899474.0,0.3618,596790
GANX,Gain Therapeutics Inc. Common Stock,NASDAQ,Health Care,Biotechnology: Pharmaceutical Preparations,77630349.0,1.82,342940
GASS,StealthGas Inc. Common Stock,NASDAQ,Consumer Discretionary,Marine Transportation,319425043.0,8.59,81730
GAUZ,Gauzy Ltd. Ordinary Shares,NASDAQ,Miscellaneous,Industrial Machinery/Components,8132194.0,0.4339,4030956
GBDC,Golub Capital BDC Inc. Common Stock,NASDAQ,Finance,Finance: Consumer Services,3419611427.0,13.17,1768915
GBFH,GBank Financial Holdings Inc. Common Stock,NASDAQ,Finance,Major Banks,302140950.0,20.88,106328
GBLI,Global Indemnity Group LLC Class A Common Stock ,NASDAQ,Finance,Property-Casualty Insurers,409497974.0,27.97,695
GCBC,Greene County Bancorp Inc. Common Stock,NASDAQ,Finance,Banks,588571016.0,34.57,42090
GCL,GCL Global Holdings Ltd Ordinary Shares,NASDAQ,Technology,Computer Software: Prepackaged Software,66954680.0,0.5145,160543
GCMG,GCM Grosvenor Inc. Class A Common Stock,NASDAQ,Finance,Investment Managers,2743825366.0,13.58,308513
GCT,GigaCloud Technology Inc Class A Ordinary Shares,NASDAQ,Consumer Discretionary,Catalog/Specialty Distribution,1985643084.0,53.25,1079261
GCTK,GlucoTrack Inc. Common Stock,NASDAQ,Health Care,Medical/Dental Instruments,3891581.0,0.4322,980558
GDC,GD Culture Group Limited Common Stock,NASDAQ,Industrials,Steel/Iron Ore,7159464.0,1.72,135765
GDEV,GDEV Inc. Ordinary Shares,NASDAQ,Technology,EDP Services,244668592.0,13.48,2101
GDHG,Golden Heaven Group Holdings Ltd. Class A Ordinary Shares,NASDAQ,Consumer Discretionary,Services-Misc. Amusement & Recreation,62207825.0,1.32,22203
GDRX,GoodRx Holdings Inc. Class A Common Stock,NASDAQ,Technology,EDP Services,1255415028.0,3.68,1907198
GDS,GDS Holdings Limited ADS,NASDAQ,Technology,Computer Software: Programming Data Processing,6408076064.0,31.98,1571014
GDTC,CytoMed Therapeutics Limited Ordinary Shares,NASDAQ,Health Care,Biotechnology: Pharmaceutical Preparations,9714694.0,0.8213,3788
GDYN,Grid Dynamics Holdings Inc. Class A Common Stock,NASDAQ,Technology,Computer Software: Prepackaged Software,614941758.0,7.58,1826796
GECC,Great Elm Capital Corp. Common Stock,NASDAQ,Finance,Finance: Consumer Services,81671730.0,5.88,76698
GECCG,Great Elm Capital Corp. 7.75% Notes Due 2030,NASDAQ,Finance,Finance: Consumer Services,0.0,24.78,4289
GECCI,Great Elm Capital Corp. 8.50% NOTES DUE 2029,NASDAQ,Finance,Finance Companies,0.0,25.33,214
GEG,Great Elm Group Inc. Common Stock,NASDAQ,Technology,Computer Software: Prepackaged Software,69298988.0,2.21,2731
GEGGL,Great Elm Group Inc.  7.25% Notes due 2027,NASDAQ,Technology,Computer Software: Prepackaged Software,721440061.0,24.88,2146
GEHC,GE HealthCare Technologies Inc. Common Stock ,NASDAQ,Health Care,Medical Electronics,32417522306.0,71.77,2938762
GELS,Gelteq Limited Ordinary Shares,NASDAQ,Health Care,Biotechnology: Pharmaceutical Preparations,5975700.0,0.5579,11435
GEMI,Gemini Space Station Inc. Class A Common Stock,NASDAQ,Finance,Finance: Consumer Services,487895826.0,4.09,829806
GEN,Gen Digital Inc. Common Stock,NASDAQ,Technology,Computer Software: Prepackaged Software,17460492986.0,29.17,11321411
GENB,Generate Biomedicines Inc. Common Stock,NASDAQ,Health Care,Biotechnology: Pharmaceutical Preparations,1839562145.0,14.35,505833
GENK,GEN Restaurant Group Inc. Class A Common Stock,NASDAQ,Consumer Discretionary,Restaurants,64610651.0,1.96,8117
GEOS,Geospace Technologies Corporation Common Stock (Texas),NASDAQ,Industrials,Industrial Machinery/Components,75673278.0,5.85,438606
GERN,Geron Corporation Common Stock,NASDAQ,Health Care,Biotechnology: Pharmaceutical Preparations,950860645.0,1.48,8884964
GEVO,Gevo Inc. Common Stock,NASDAQ,Industrials,Major Chemicals,382155787.0,1.57,5081224
GFAI,Guardforce AI Co. Limited Ordinary Shares,NASDAQ,Consumer Discretionary,Diversified Commercial Services,11047315.0,0.3519,169438
GFS,GlobalFoundries Inc. Ordinary Shares,NASDAQ,Technology,Semiconductors,30007582616.0,53.93,5712536
GFUZ,General Fusion Group Ltd. Common Shares,NASDAQ,Utilities,Electric Utilities: Central,587789326.0,9.25,111044
GGAL,Grupo Financiero Galicia S.A. American Depositary Shares,NASDAQ,Finance,Commercial Banks,7417679725.0,46.18,714858
GGR,Gogoro Inc. Ordinary Shares,NASDAQ,Industrials,Auto Manufacturing,37672458.0,2.55,14620
GGRP,The Glimpse Group Inc. Common Stock,NASDAQ,Technology,EDP Services,18151087.0,0.8612,77380
GH,Guardant Health Inc. Common Stock,NASDAQ,Health Care,Medical Specialities,22609370722.0,168.48,2189505
GHRS,GH Research PLC Ordinary Shares,NASDAQ,Health Care,Biotechnology: Pharmaceutical Preparations,2075225657.0,30.27,337206
GIBO,GIBO Holdings Limited Class A Ordinary Shares,NASDAQ,Technology,Computer Software: Prepackaged Software,76317857.0,29.3,7280
GIFT,Giftify Inc. Common Stock,NASDAQ,Consumer Discretionary,Catalog/Specialty Distribution,31085592.0,0.8775,40211
GIGM,GigaMedia Limited Ordinary Shares,NASDAQ,Technology,Computer Software: Programming Data Processing,16302047.0,1.475,3374
GIII,G-III Apparel Group LTD. Common Stock,NASDAQ,Consumer Discretionary,Apparel,1496077719.0,35.46,447001
GILD,Gilead Sciences Inc. Common Stock,NASDAQ,Health Care,Biotechnology: Biological Products (No Diagnostic Substances),165389522916.0,133.21,8201754
GILT,Gilat Satellite Networks Ltd. Ordinary Shares,NASDAQ,Technology,Radio And Television Broadcasting And Communications Equipment,847538746.0,11.23,523616
GIPR,Generation Income Properties Inc. Common Stock,NASDAQ,Real Estate,Real Estate Investment Trusts,742817.0,0.7209,25829
GITS,Global Interactive Technologies Inc. Common Stock,NASDAQ,Technology,Computer Software: Programming Data Processing,12540400.0,2.14,59796
GLAD,Gladstone Capital Corporation Common Stock,NASDAQ,Consumer Discretionary,Textiles,445761251.0,19.73,184203
GLBE,Global-E Online Ltd. Ordinary Shares,NASDAQ,Technology,Computer Software: Prepackaged Software,7091489948.0,42.32,1232757
GLBS,Globus Maritime Limited Common Stock,NASDAQ,Consumer Discretionary,Marine Transportation,68847540.0,3.19,132592
GLE,Global Engine Group Holding Limited Class A Ordinary Shares,NASDAQ,Technology,EDP Services,6472710.0,0.3537,469725
GLIBA,Liberty Capital Corporation Series A GCI Group Common Stock,NASDAQ,Telecommunications,Cable & Other Pay Television Services,981662852.0,24.6,24958
GLIBK,Liberty Capital Corporation Series C GCI Group Common Stock,NASDAQ,Telecommunications,Cable & Other Pay Television Services,957719856.0,24.0,345173
GLMD,Galmed Pharmaceuticals Ltd. Ordinary Shares,NASDAQ,Health Care,Biotechnology: Pharmaceutical Preparations,4625044.0,0.6019,21890
GLND,Greenland Energy Company Common Stock,NASDAQ,Energy,Oil & Gas Production,102328654.0,2.34,559866
GLNG,Golar Lng Ltd,NASDAQ,Consumer Discretionary,Marine Transportation,5123146785.0,50.43,599302
GLOO,Gloo Holdings Inc. Class A Common Stock,NASDAQ,Technology,EDP Services,294777259.0,3.59,201431
GLPI,Gaming and Leisure Properties Inc. Common Stock,NASDAQ,Real Estate,Real Estate Investment Trusts,12841210698.0,44.14,1402604
GLRE,Greenlight Capital Re Ltd. Class A Ordinary Shares,NASDAQ,Finance,Property-Casualty Insurers,506267245.0,15.51,157744
GLSI,Greenwich LifeSciences Inc. Common Stock,NASDAQ,Health Care,Biotechnology: Pharmaceutical Preparations,210779067.0,14.36,88496
GLUE,Monte Rosa Therapeutics Inc. Common Stock,NASDAQ,Health Care,Biotechnology: Biological Products (No Diagnostic Substances),1341533158.0,15.88,1031400
GLXG,Galaxy Payroll Group Limited Class A Ordinary Shares,NASDAQ,Industrials,Diversified Commercial Services,6676897.0,1.12,4843116
GLXY,Galaxy Digital Inc. Class A Common Stock,NASDAQ,Finance,Investment Bankers/Brokers/Service,7878610356.0,20.17,6391330
GMAB,Genmab A/S ADS,NASDAQ,Health Care,Biotechnology: Pharmaceutical Preparations,4014900500.0,31.25,3507479
GMEX,GMEX ROBOTICS CORPORATION Class A Ordinary Shares,NASDAQ,Consumer Discretionary,Recreational Games/Products/Toys,1121507.0,1.24,156663
GMHS,Gamehaus Holdings Inc. Class A Ordinary Shares,NASDAQ,Technology,EDP Services,41157338.0,0.7683,18840
GMM,Global Mofy AI Limited Class A Ordinary Shares,NASDAQ,Technology,Computer Software: Programming Data Processing,5723462.0,2.93,69339
GNLN,Greenlane Holdings Inc. Class A Common Stock,NASDAQ,Consumer Discretionary,Durable Goods,1231345.0,1.95,6535
GNLX,Genelux Corporation Common Stock,NASDAQ,Health Care,Biotechnology: Pharmaceutical Preparations,119275507.0,2.66,246824
GNPX,Genprex Inc. Common Stock,NASDAQ,Health Care,Biotechnology: Pharmaceutical Preparations,2156077.0,4.27,77628
GNSS,Genasys Inc. Common Stock,NASDAQ,Consumer Staples,Consumer Electronics/Appliances,79243096.0,1.74,54780
GNTA,Genenta Science S.p.A. American Depositary Shares,NASDAQ,Health Care,Biotechnology: Biological Products (No Diagnostic Substances),62681915.0,1.3,53571
GNTX,Gentex Corporation Common Stock,NASDAQ,Consumer Discretionary,Auto Parts:O.E.M.,5073254610.0,24.08,1461089
GO,Grocery Outlet Holding Corp. Common Stock,NASDAQ,Consumer Staples,Food Chains,980323680.0,9.91,2443635
GOAI,Eva Live Inc. Common Stock,NASDAQ,Technology,Computer Software: Programming Data Processing,69476369.0,1.77,47384
GOGO,Gogo Inc. Common Stock,NASDAQ,Consumer Discretionary,Telecommunications Equipment,491592031.0,3.635,2386535
GOOD,Gladstone Commercial Corporation Real Estate Investment Trust,NASDAQ,Real Estate,Real Estate,626877138.0,12.95,458685
GOODN,Gladstone Commercial Corporation 6.625% Series E Cumulative Redeemable Preferred Stock,NASDAQ,Real Estate,Real Estate,1157181311.0,23.905,2640
GOODO,Gladstone Commercial Corporation 6.00% Series G Cumulative Redeemable Preferred Stock par value $0.001 per share,NASDAQ,Real Estate,Real Estate,999614896.0,20.65,3876
GOOG,Alphabet Inc. Class C Capital Stock,NASDAQ,Technology,Computer Software: Programming Data Processing,4322938100000.0,353.47,14480329
GOOGL,Alphabet Inc. Class A Common Stock,NASDAQ,Technology,Computer Software: Programming Data Processing,4333089000000.0,354.3,19804653
GOOGM,Alphabet Inc. Depositary Shares representing a 1/20th Interest in a Share of Series A Mandatory Convertible Preferred Stock,NASDAQ,Technology,Computer Software: Programming Data Processing,615780500000.0,50.35,542760
GOOGN,Alphabet Inc. Depositary Shares representing a 1/20th Interest in a Share of Series B Mandatory Convertible Preferred Stock,NASDAQ,Technology,Computer Software: Programming Data Processing,612478400000.0,50.08,808313
GOSS,Gossamer Bio Inc. Common Stock,NASDAQ,Health Care,Biotechnology: Pharmaceutical Preparations,87014717.0,0.178,10898648
GOVX,GeoVax Labs Inc. Common Stock,NASDAQ,Health Care,Biotechnology: Pharmaceutical Preparations,5673580.0,0.7699,108628
GP,GreenPower Motor Company Inc. Common Shares,NASDAQ,Consumer Discretionary,Construction/Ag Equipment/Trucks,10908531.0,1.55,435011
GPCR,Structure Therapeutics Inc. American Depositary Shares,NASDAQ,Health Care,Biotechnology: Pharmaceutical Preparations,3776899780.0,53.14,329493
GPRE,Green Plains Inc. Common Stock,NASDAQ,Industrials,Major Chemicals,1026981994.0,14.65,1290178
GPRO,GoPro Inc. Class A Common Stock,NASDAQ,Consumer Discretionary,Industrial Machinery/Components,125561299.0,0.7258,3932529
GRAB,Grab Holdings Limited Class A Ordinary Shares,NASDAQ,Consumer Discretionary,Business Services,15007763326.0,3.66,30835768
GRAL,GRAIL Inc. Common Stock ,NASDAQ,Health Care,Medical Specialities,3103409938.0,69.48,1643777
GRAN,Grande Group Limited Class A Ordinary Shares,NASDAQ,Finance,Finance: Consumer Services,34124053.0,1.3701,4952
GRCE,Grace Therapeutics Inc. Common Stock,NASDAQ,Health Care,Biotechnology: Pharmaceutical Preparations,28577646.0,2.13,120385
GRDX,GridAI Technologies Corp. Common Stock,NASDAQ,Health Care,Biotechnology: Pharmaceutical Preparations,18942280.0,2.74,37975
GREEL,Vulcan Infrastructure and Power Inc. 8.50% Senior Notes due 2026,NASDAQ,Finance,Finance: Consumer Services,389043989.0,24.8219,554
GRFS,Grifols S.A. American Depositary Shares,NASDAQ,Health Care,Biotechnology: Pharmaceutical Preparations,5459185970.0,7.94,400488
GRI,GRI Bio Inc. Common Stock,NASDAQ,Health Care,Biotechnology: Pharmaceutical Preparations,2603132.0,1.47,32638
GRML,Greenland Mines Ltd. Common Stock,NASDAQ,Health Care,Biotechnology: Biological Products (No Diagnostic Substances),23520300.0,0.194,3141684
GRNQ,Greenpro Capital Corp. Common Stock,NASDAQ,Consumer Discretionary,Professional Services,20421759.0,11.2654,10762
GROW,U.S. Global Investors Inc. Class A Common Stock,NASDAQ,Finance,Investment Managers,38453008.0,3.1,8761
GRPN,Groupon Inc. Common Stock,NASDAQ,Consumer Discretionary,Advertising,950739019.0,25.03,2576476
GRRR,Gorilla Technology Group Inc. Ordinary shares,NASDAQ,Technology,Computer Software: Prepackaged Software,365010783.0,13.15,1107781
GRSD,Grandstand Limited Ordinary Shares,NASDAQ,Consumer Discretionary,Services-Misc. Amusement & Recreation,66684661.0,1.9,109661
GRVY,GRAVITY Co. Ltd. American Depository Shares,NASDAQ,Technology,EDP Services,473359068.0,68.12,247292
GRWG,GrowGeneration Corp. Common Stock,NASDAQ,Consumer Discretionary,RETAIL: Building Materials,90737267.0,1.51,180942
GSAT,Globalstar Inc. Common Stock,NASDAQ,Consumer Discretionary,Telecommunications Equipment,10740996845.0,83.4,1030746
GSBC,Great Southern Bancorp Inc. Common Stock,NASDAQ,Finance,Major Banks,878536822.0,80.65,105471
GSHD,Goosehead Insurance Inc. Class A Common Stock,NASDAQ,Finance,Specialty Insurers,2315637006.0,65.2,429591
GSIT,GSI Technology Common Stock,NASDAQ,Technology,Semiconductors,257860331.0,6.72,462607
GSIW,Garden Stage Limited Class A Ordinary Shares,NASDAQ,Finance,Investment Bankers/Brokers/Service,178361443.0,16.65,893
GSM,Ferroglobe PLC Ordinary Shares,NASDAQ,Basic Materials,Metal Mining,839003721.0,4.49,2931670
GSUN,Golden Sun Technology Group Limited Class A Ordinary Shares,NASDAQ,Real Estate,Other Consumer Services,4715575.0,0.4702,329168
GT,The Goodyear Tire & Rubber Company Common Stock,NASDAQ,Consumer Discretionary,Automotive Aftermarket,1851104784.0,6.44,11121370
GTBP,GT Biopharma Inc. Common Stock,NASDAQ,Health Care,Biotechnology: Pharmaceutical Preparations,14192777.0,0.3201,570661
GTEC,Greenland Technologies Holding Corporation Class A Ordinary Shares,NASDAQ,Industrials,Industrial Machinery/Components,11046475.0,0.538,28694
GTIM,Good Times Restaurants Inc. Common Stock,NASDAQ,Consumer Discretionary,Restaurants,15520107.0,1.47,162348
GTLB,GitLab Inc. Class A Common Stock,NASDAQ,Technology,Computer Software: Prepackaged Software,6582033000.0,38.97,10193271
GTM,ZoomInfo Technologies Inc Common Stock,NASDAQ,Technology,Computer Software: Prepackaged Software,1216839992.0,4.18,11372715
GTX,Garrett Motion Inc. Common Stock,NASDAQ,Consumer Discretionary,Auto Parts:O.E.M.,5566828408.0,29.85,2871755
GURE,Gulf Resources Inc. (NV) Common Stock,NASDAQ,Industrials,Major Chemicals,4849523.0,3.15,12699
GUTS,Fractyl Health Inc. Common Stock,NASDAQ,Health Care,Medical/Dental Instruments,110990815.0,0.6996,1055157
GVH,Globavend Holdings Limited Ordinary Shares,NASDAQ,Industrials,Integrated Freight & Logistics,2383928.0,0.9869,273228
GWAV,Greenwave Technology Solutions Inc. Common Stock,NASDAQ,Industrials,Metal Fabrications,3467858.0,4.18,21499
GWRS,Global Water Resources Inc. Common Stock,NASDAQ,Utilities,Water Supply,218603618.0,7.6,73192
GXAI,Gaxos.ai Inc. Common Stock,NASDAQ,Technology,Computer Software: Prepackaged Software,8686944.0,0.85,143652
GYGY,Game Your Game Inc. Common Stock,NASDAQ,Technology,Computer Software: Prepackaged Software,43883400.0,3.05,161843
GYRE,Gyre Therapeutics Inc. Common Stock,NASDAQ,Health Care,Biotechnology: Pharmaceutical Preparations,743630623.0,6.67,67906
GYRO,Gyrodyne LLC Common Stock,NASDAQ,Real Estate,Building operators,11876263.0,5.4,20
HAFC,Hanmi Financial Corporation Common Stock,NASDAQ,Finance,Major Banks,949846941.0,31.91,166506
HAIN,Hain Celestial Group Inc. (The) Common Stock,NASDAQ,Consumer Staples,Packaged Foods,53745949.0,0.5955,438178
HALO,Halozyme Therapeutics Inc. Common Stock,NASDAQ,Health Care,Biotechnology: Biological Products (No Diagnostic Substances),12231372560.0,103.12,7690980
HAO,Haoxi Health Technology Limited Class A Ordinary Shares,NASDAQ,Consumer Discretionary,Advertising,1131331.0,0.1545,846933
HAPN,Happen Inc. Common Stock,NASDAQ,Finance,Finance: Consumer Services,2235442578.0,19.37,1137351
HAS,Hasbro Inc. Common Stock,NASDAQ,Consumer Discretionary,Recreational Games/Products/Toys,13190478554.0,93.52,1028709
HBAN,Huntington Bancshares Incorporated Common Stock,NASDAQ,Finance,Major Banks,35458280196.0,17.55,21905944
HBANL,Huntington Bancshares Incorporated Depositary Shares Each Representing a 1/40th Interest in a Share of 6.875% Series J Non-Cumulative Perpetual Preferred Stock,NASDAQ,Finance,Major Banks,50813432874.0,25.15,16857
HBANM,Huntington Bancshares Incorporated Depositary Shares each representing a 1/1000th interest in a share of Huntington Series I Preferred Stock,NASDAQ,Finance,Major Banks,42205859591.0,20.8897,5177
HBANP,Huntington Bancshares Incorporated Depositary Shares 4.500% Series H Non-Cumulative Perpetual Preferred Stock,NASDAQ,Finance,Major Banks,32629699440.0,16.15,25016
HBANZ,Huntington Bancshares Incorporated Depositary Shares Each Representing a 1/1000th Interest in a Share of 5.50% Series L Non-Cumulative Perpetual Preferred Stock,NASDAQ,Finance,Major Banks,39499109848.0,19.55,5360
HBCP,Home Bancorp Inc. Common Stock,NASDAQ,Finance,Banks,565749510.0,71.88,106402
HBIO,Harvard Bioscience Inc. Common Stock,NASDAQ,Industrials,Biotechnology: Laboratory Analytical Instruments,29180878.0,6.47,13972
HBNB,Hotel101 Global Holdings Corp. Class A Ordinary Shares,NASDAQ,Consumer Discretionary,Hotels/Resorts,1289518447.0,5.51,60733
HBNC,Horizon Bancorp Inc. Common Stock,NASDAQ,Finance,Major Banks,1048153781.0,20.42,641342
HBT,HBT Financial Inc. Common Stock,NASDAQ,Finance,Major Banks,1322452185.0,36.35,108485
HCAC,Hall Chadwick Acquisition Corp Class A Ordinary Shares,NASDAQ,Consumer Discretionary,Auto Parts:O.E.M.,0.0,10.08,109
HCAI,Huachen AI Parking Management Technology Holding Co. Ltd. Class A Ordinary Shares,NASDAQ,Consumer Discretionary,Miscellaneous manufacturing industries,5141680.0,4.42,114086
HCAT,Health Catalyst Inc Common Stock,NASDAQ,Technology,Computer Software: Programming Data Processing,127836655.0,1.73,3051006
HCKT,Hackett Group Inc (The). Common Stock,NASDAQ,Consumer Discretionary,Professional Services,286841876.0,11.53,481104
HCM,HUTCHMED (China) Limited American Depositary Shares,NASDAQ,Health Care,Biotechnology: Pharmaceutical Preparations,2182563705.0,12.51,43360
HCMA,HCM III Acquisition Corp. Class A Ordinary Share,NASDAQ,Consumer Discretionary,Hotels/Resorts,398992500.0,10.28,148
HCSG,Healthcare Services Group Inc. Common Stock,NASDAQ,Health Care,Hospital/Nursing Management,1525693850.0,22.23,786261
HCTI,Healthcare Triangle Inc. Common Stock,NASDAQ,Technology,EDP Services,18305403.0,1.25,218043
HCWB,HCW Biologics Inc. Common Stock,NASDAQ,Health Care,Biotechnology: Pharmaceutical Preparations,6190961.0,3.41,51608
HDL,SUPER HI INTERNATIONAL HOLDING LTD. American Depositary Shares,NASDAQ,Consumer Discretionary,Restaurants,832382720.0,12.8,116
HDRN,Hadron Energy Inc. Common Stock  ,NASDAQ,Utilities,Electric Utilities: Central,122978008.0,1.72,46747
HDSN,Hudson Technologies Inc. Common Stock,NASDAQ,Consumer Discretionary,Industrial Specialties,235374869.0,5.595,791413
HELE,Helen of Troy Limited Common Stock,NASDAQ,Consumer Discretionary,Home Furnishings,693404656.0,29.77,195580
HELP,Cybin Inc. Common Stock,NASDAQ,Health Care,Biotechnology: Pharmaceutical Preparations,719635146.0,11.61,1733720
HEPS,D-Market Electronic Services & Trading American Depositary Shares,NASDAQ,Consumer Discretionary,Catalog/Specialty Distribution,989513804.0,2.77,175743
HERE,Here Group Limited American Depositary Shares,NASDAQ,Consumer Discretionary,Recreational Games/Products/Toys,102786922.0,1.89,15105
HERZ,Herzfeld Credit Income Fund Inc. Common Stock,NASDAQ,Finance,Investment Managers,0.0,15.78,12756
HFBL,Home Federal Bancorp Inc. of Louisiana Common Stock,NASDAQ,Finance,Savings Institutions,71766392.0,23.5,6632
HFFG,HF Foods Group Inc. Common Stock,NASDAQ,Consumer Discretionary,Food Distributors,83421651.0,1.56,180666
HFWA,Heritage Financial Corporation Common Stock,NASDAQ,Finance,Banks,1215955102.0,29.5,455158
HGBL,Heritage Global Inc. Common Stock,NASDAQ,Consumer Discretionary,Business Services,36826046.0,1.06,204887
HHS,Harte Hanks Inc. Common Stock,NASDAQ,Consumer Discretionary,Advertising,16916392.0,2.28,2688
HIFS,Hingham Institution for Savings Common Stock,NASDAQ,Finance,Banks,647591418.0,301.57,42131
HIHO,Highway Holdings Limited Common Stock,NASDAQ,Industrials,Metal Fabrications,5089344.0,1.1,351277
HIMX,Himax Technologies Inc. American Depositary Shares,NASDAQ,Technology,Semiconductors,2548362604.0,14.61,2074194
HIND,Vyome Holdings Inc. Common Stock,NASDAQ,Health Care,Biotechnology: Pharmaceutical Preparations,15160020.0,2.16,15220
HIT,Health In Tech Inc. Class A Common Stock,NASDAQ,Finance,Specialty Insurers,73425053.0,1.12,18038
HITI,High Tide Inc. Common Shares,NASDAQ,Consumer Discretionary,Other Specialty Stores,202165117.0,2.3,323946
HIVE,HIVE Digital Technologies Ltd. Common Shares,NASDAQ,Finance,Finance: Consumer Services,759503532.0,2.84,12497046
HKIT,Hitek Global Inc. Class A Ordinary Share,NASDAQ,Technology,Computer Software: Prepackaged Software,27335254.0,3.04,70152
HKPD,Cellyan Biotechnology Co. Ltd Class A Ordinary Shares,NASDAQ,Health Care,Other Pharmaceuticals,17359226.0,0.42,17813
HLIT,Harmonic Inc. Common Stock,NASDAQ,Technology,Radio And Television Broadcasting And Communications Equipment,1284597802.0,11.84,760922
HLMN,Hillman Solutions Corp. Common Stock,NASDAQ,Consumer Discretionary,Industrial Machinery/Components,1793704891.0,9.22,1338014
HLNE,Hamilton Lane Incorporated Class A Common Stock,NASDAQ,Finance,Investment Managers,5567827757.0,101.03,829245
HLP,Hongli Group Inc. Class A Ordinary Shares,NASDAQ,Industrials,Industrial Machinery/Components,97160375.0,1.3,40316
HMH,HMH Holding Inc. Class A Common Stock,NASDAQ,Consumer Discretionary,Oil and Gas Field Machinery,863308543.0,19.65,189773
HMR,Heidmar Maritime Holdings Corp. Common Stock,NASDAQ,Consumer Discretionary,Marine Transportation,74624876.0,1.265,64797
HNNA,Hennessy Advisors Inc. Common Stock,NASDAQ,Finance,Investment Managers,78490791.0,9.93,1290
HNRG,Hallador Energy Company Common Stock,NASDAQ,Utilities,Electric Utilities: Central,695644586.0,14.76,555459
HNST,The Honest Company Inc. Common Stock,NASDAQ,Consumer Discretionary,Catalog/Specialty Distribution,585772709.0,5.46,6757849
HNVR,Hanover Bancorp Inc. Common Stock,NASDAQ,Finance,Major Banks,192872014.0,26.95,44027
HODO,House of Doge Inc. Common Stock,NASDAQ,Finance,Finance: Consumer Services,41480981.0,0.5465,131333
HOFT,Hooker Furnishings Corporation Common Stock,NASDAQ,Consumer Discretionary,Home Furnishings,165743660.0,15.43,24547
HOLO,MicroCloud Hologram Inc. Ordinary Shares,NASDAQ,Technology,Computer Software: Programming Data Processing,37003461.0,1.615,280194
HON,Honeywell International Inc. Common Stock,NASDAQ,Industrials,Aerospace,78033799862.0,246.21,2837416
HONA,Honeywell Aerospace Inc. Common Stock ,NASDAQ,Industrials,Aerospace,53409703690.0,168.51,8040074
HOOD,Robinhood Markets Inc. Class A Common Stock,NASDAQ,Finance,Investment Bankers/Brokers/Service,83875385248.0,93.29,14825779
HOPE,Hope Bancorp Inc. Common Stock,NASDAQ,Finance,Major Banks,1788465973.0,13.99,988458
HOUR,Hour Loop Inc. Common Stock,NASDAQ,Consumer Discretionary,Catalog/Specialty Distribution,68272267.0,1.94,21343
HOVNP,Hovnanian Enterprises Inc Dep Shr Srs A Pfd,NASDAQ,Consumer Discretionary,Homebuilding,115727041.0,19.75,3640
HOVR,New Horizon Aircraft Ltd. Class A Ordinary Share,NASDAQ,Industrials,Aerospace,134319932.0,2.01,1553808
HOWL,Werewolf Therapeutics Inc. Common Stock,NASDAQ,Health Care,Biotechnology: Pharmaceutical Preparations,19298689.0,0.3971,391144
HPAI,Helport AI Limited Ordinary Shares,NASDAQ,Technology,Computer Software: Prepackaged Software,17769342.0,0.472,33781
HPK,HighPeak Energy Inc. Common Stock,NASDAQ,Energy,Oil & Gas Production,909778349.0,7.2,360983
HQ,Horizon Quantum Holdings Ltd. Class A Ordinary Shares,NASDAQ,Technology,EDP Services,762625490.0,14.13,238798
HQI,HireQuest Inc. Common Stock (DE),NASDAQ,Consumer Discretionary,Professional Services,184592000.0,13.28,10566
HQY,HealthEquity Inc. Common Stock,NASDAQ,Consumer Discretionary,Business Services,8747293687.0,104.63,537596
HRMY,Harmony Biosciences Holdings Inc. Common Stock,NASDAQ,Health Care,Biotechnology: Pharmaceutical Preparations,2236859855.0,38.41,994549
HROW,Harrow Inc. Common Stock,NASDAQ,Health Care,Biotechnology: Pharmaceutical Preparations,1507405327.0,40.44,322903
HRTX,Heron Therapeutics Inc. Common Stock,NASDAQ,Health Care,Biotechnology: Pharmaceutical Preparations,92898314.0,0.4908,2102765
HRZN,Horizon Technology Finance Corporation Common Stock,NASDAQ,Finance,Finance: Consumer Services,311037338.0,4.64,562108
HSAI,Hesai Group American Depositary Share,NASDAQ,Industrials,Industrial Machinery/Components,377534155.0,19.22,1685336
HSCS,HeartSciences Inc. Common Stock,NASDAQ,Health Care,Industrial Specialties,7876972.0,2.02,169456
HSDT,Solana Company Class A Common Stock (DE),NASDAQ,Health Care,Biotechnology: Electromedical & Electrotherapeutic Apparatus,98673481.0,1.69,64248
HSIC,Henry Schein Inc. Common Stock,NASDAQ,Health Care,Medical Specialities,9821783746.0,88.13,649756
HST,Host Hotels & Resorts Inc. Common Stock,NASDAQ,Real Estate,Real Estate Investment Trusts,15950838454.0,23.29,10609036
HSTM,HealthStream Inc. Common Stock,NASDAQ,Technology,Computer Software: Programming Data Processing,839060199.0,28.72,178823
HTCO,High-Trend International Group Class A Ordinary Shares,NASDAQ,Consumer Discretionary,Marine Transportation,21617037.0,3.2,174339
HTCR,Heartcore Enterprises Inc. Common Stock,NASDAQ,Technology,EDP Services,3949888.0,2.74,88358
HTFL,Heartflow Inc. Common Stock,NASDAQ,Health Care,Medical/Dental Instruments,2485460663.0,28.82,746229
HTHT,H World Group Limited American Depositary Shares,NASDAQ,Consumer Discretionary,Hotels/Resorts,13029784211.0,42.37,1239291
HTLD,Heartland Express Inc. Common Stock,NASDAQ,Industrials,Trucking Freight/Courier Services,956222849.0,12.34,688558
HTLM,HomesToLife Ltd Ordinary Shares,NASDAQ,Consumer Discretionary,Other Specialty Stores,165921875.0,1.85,2917
HTO,H2O America Common Stock,NASDAQ,Utilities,Water Supply,2622747339.0,62.66,281523
HTOO,Fusion Fuel Green PLC Class A Ordinary Shares,NASDAQ,Technology,Industrial Machinery/Components,17356341.0,2.43,7293
HTZ,Hertz Global Holdings Inc Common Stock,NASDAQ,Consumer Discretionary,Rental/Leasing Companies,716785467.0,2.27,225722631
HUBC,Hub Cyber Security Ltd. Ordinary Shares,NASDAQ,Telecommunications,Computer Communications Equipment,29749282.0,0.89,294893
HUBCZ,Hub Cyber Security Ltd. Warrant ,NASDAQ,Telecommunications,Computer Communications Equipment,200557.0,0.006,50839
HUBG,Hub Group Inc. Class A Common Stock,NASDAQ,Industrials,Integrated Freight & Logistics,2923137778.0,47.8,898921
HUDI,Huadi International Group Co. Ltd. Ordinary Shares,NASDAQ,Industrials,Steel/Iron Ore,10331159.0,0.7225,20299925
HUHU,HUHUTECH International Group Inc. Ordinary Shares,NASDAQ,Telecommunications,Metal Fabrications,133842182.0,5.25,22541
HUIZ,Huize Holding Limited American Depositary Shares,NASDAQ,Finance,Specialty Insurers,16776086.0,1.66,28468778
HUMA,Humacyte Inc. Common Stock,NASDAQ,Health Care,Biotechnology: Biological Products (No Diagnostic Substances),159454123.0,0.7182,2270227
HURA,TuHURA Biosciences Inc. Common Stock,NASDAQ,Health Care,Biotechnology: Pharmaceutical Preparations,135643785.0,2.13,66743
HURC,Hurco Companies Inc. Common Stock,NASDAQ,Industrials,Industrial Machinery/Components,142867663.0,22.06,13062
HURN,Huron Consulting Group Inc. Common Stock,NASDAQ,Consumer Discretionary,Professional Services,2419126448.0,152.05,181304
HUT,Hut 8 Corp. Common Stock,NASDAQ,Finance,Finance: Consumer Services,10919556270.0,88.59,6831651
HWBK,Hawthorn Bancshares Inc. Common Stock,NASDAQ,Finance,Major Banks,278001341.0,40.31,12420
HWC,Hancock Whitney Corporation Common Stock,NASDAQ,Finance,Major Banks,6297858317.0,77.6,609756
HWCPZ,Hancock Whitney Corporation 6.25% Subordinated Notes due 2060,NASDAQ,Finance,Major Banks,1877331238.0,22.1501,4242
HWH,HWH International Inc. Common Stock,NASDAQ,Health Care,Other Pharmaceuticals,11512336.0,1.49,149433
HWKN,Hawkins Inc. Common Stock,NASDAQ,Consumer Discretionary,Specialty Chemicals,2711886449.0,129.91,131162
HXHX,Haoxin Holdings Limited Class A Ordinary Shares,NASDAQ,Industrials,Trucking Freight/Courier Services,6345625.0,0.4615,3651
HYFM,Hydrofarm Holdings Group Inc. Common Stock,NASDAQ,Consumer Discretionary,Consumer Specialties,7623379.0,1.6,582334
HYFT,MindWalk Holdings Corp. Common Stock,NASDAQ,Health Care,Biotechnology: Pharmaceutical Preparations,61192544.0,1.31,112860
HYMC,Hycroft Mining Holding Corporation Class A Common Stock,NASDAQ,Basic Materials,Precious Metals,2473041814.0,26.54,2235585
HYNE,Hoyne Bancorp Inc. Common Stock,NASDAQ,Finance,Banks,131332334.0,16.22,6918
HYPD,Hyperion DeFi Inc. Common Stock,NASDAQ,Health Care,Biotechnology: Pharmaceutical Preparations,40925917.0,2.7,114367
HYPR,Hyperfine Inc. Class A Common Stock,NASDAQ,Health Care,Biotechnology: Electromedical & Electrotherapeutic Apparatus,94803171.0,0.955,904701
IART,Integra LifeSciences Holdings Corporation Common Stock,NASDAQ,Health Care,Medical/Dental Instruments,1341575729.0,17.25,637415
IBCP,Independent Bank Corporation Common Stock,NASDAQ,Finance,Major Banks,844239189.0,38.03,186851
IBEX,IBEX Limited Common Shares,NASDAQ,Technology,EDP Services,498744571.0,37.25,131904
IBG,Innovation Beverage Group Limited Ordinary Shares,NASDAQ,Consumer Staples,Beverages (Production/Distribution),1834040.0,1.01,61455
IBIO,iBio Inc. Common Stock,NASDAQ,Health Care,Biotechnology: Pharmaceutical Preparations,70046771.0,1.41,436299
IBKR,Interactive Brokers Group Inc. Class A Common Stock,NASDAQ,Finance,Investment Bankers/Brokers/Service,149425986948.0,87.83,7784973
IBOC,International Bancshares Corporation Common Stock,NASDAQ,Finance,Major Banks,4573430496.0,73.55,402500
IBRX,ImmunityBio Inc. Common Stock,NASDAQ,Health Care,Biotechnology: Biological Products (No Diagnostic Substances),8097149126.0,7.64,9379514
ICCC,ImmuCell Corporation Common Stock,NASDAQ,Health Care,Biotechnology: In Vitro & In Vivo Diagnostic Substances,99514789.0,11.0,9709
ICCM,IceCure Medical Ltd. Ordinary Shares,NASDAQ,Health Care,Medical/Dental Instruments,10553235.0,3.08,44929
ICFI,ICF International Inc. Common Stock,NASDAQ,Consumer Discretionary,Professional Services,1719897100.0,95.0,464483
ICG,Intchains Group Limited American Depositary Shares,NASDAQ,Technology,Semiconductors,105322691.0,0.872,65040
ICHR,Ichor Holdings Ordinary Shares,NASDAQ,Technology,Semiconductors,2558872925.0,68.32,837512
ICLR,ICON plc Ordinary Shares,NASDAQ,Health Care,Biotechnology: Commercial Physical & Biological Resarch,12596090636.0,164.51,388409
ICMB,Investcorp Credit Management BDC Inc. Common Stock,NASDAQ,Finance,Finance: Consumer Services,12079979.0,0.837,47682
ICON,Icon Energy Corp. Common stock,NASDAQ,Consumer Discretionary,Marine Transportation,3406913.0,1.06,18161
ICU,SeaStar Medical Holding Corporation Common Stock,NASDAQ,Health Care,Medical/Dental Instruments,13110167.0,3.28,62381
ICUI,ICU Medical Inc. Common Stock,NASDAQ,Health Care,Medical/Dental Instruments,4612816048.0,184.56,931357
IDAI,T Stamp Inc. Class A Common Stock,NASDAQ,Technology,Computer Software: Prepackaged Software,18087884.0,3.23,30724
IDCC,InterDigital Inc. Common Stock,NASDAQ,Miscellaneous,Multi-Sector Companies,8891717772.0,344.56,174316
IDN,Intellicheck Inc. Common Stock,NASDAQ,Technology,Computer Software: Prepackaged Software,79587299.0,3.93,183214
IDXX,IDEXX Laboratories Inc. Common Stock,NASDAQ,Health Care,Biotechnology: In Vitro & In Vivo Diagnostic Substances,46218517324.0,586.67,594846
IDYA,IDEAYA Biosciences Inc. Common Stock,NASDAQ,Health Care,Biotechnology: Pharmaceutical Preparations,3572040698.0,37.02,602346
IEP,Icahn Enterprises L.P. Common Stock,NASDAQ,Energy,Integrated oil Companies,5299872018.0,7.455,1727506
IESC,IES Holdings Inc. Common Stock,NASDAQ,Industrials,Engineering & Construction,15196505565.0,762.71,120839
IFBD,Infobird Co. Ltd Ordinary Shares,NASDAQ,Technology,Computer Software: Prepackaged Software,8843660.0,1.08,587
IFRX,InflaRx N.V. Common Stock,NASDAQ,Health Care,Biotechnology: Pharmaceutical Preparations,133018861.0,1.84,1167419
IGIC,International General Insurance Holdings Ltd. Ordinary Share,NASDAQ,Finance,Property-Casualty Insurers,1159310365.0,27.06,163320
IHRT,iHeartMedia Inc. Class A Common Stock,NASDAQ,Consumer Discretionary,Broadcasting,583448252.0,3.86,344318
III,Information Services Group Inc. Common Stock,NASDAQ,Consumer Discretionary,Professional Services,248285832.0,5.19,463772
IIIV,i3 Verticals Inc. Class A Common Stock,NASDAQ,Technology,Computer Software: Prepackaged Software,487963550.0,17.47,1754991
IKT,Inhibikase Therapeutics Inc. Common Stock,NASDAQ,Health Care,Biotechnology: Biological Products (No Diagnostic Substances),326120611.0,2.47,386753
ILAG,Intelligent Living Application Group Inc. Ordinary Shares,NASDAQ,Consumer Discretionary,Office Equipment/Supplies/Services,6937006.0,3.34,702
ILLR,Triller Group Inc. Common Stock,NASDAQ,Finance,Investment Managers,23103638.0,1.17,158140
ILMN,Illumina Inc. Common Stock,NASDAQ,Health Care,Medical Specialities,28381960000.0,187.96,1825119
ILPT,Industrial Logistics Properties Trust Common Shares of Beneficial Interest,NASDAQ,Real Estate,Real Estate Investment Trusts,586028835.0,8.78,234834
IMA,ImageneBio Inc. Common Stock,NASDAQ,Health Care,Biotechnology: Biological Products (No Diagnostic Substances),64589785.0,5.69,32308
IMCC,IM Cannabis Corp. Common Shares,NASDAQ,Health Care, Medicinal Chemicals and Botanical Products ,776048.0,0.1247,531970
IMCR,Immunocore Holdings plc American Depositary Shares,NASDAQ,Health Care,Biotechnology: Biological Products (No Diagnostic Substances),1635003764.0,34.0,492098
IMDX,Insight Molecular Diagnostics Inc. Common Stock,NASDAQ,Health Care,Biotechnology: In Vitro & In Vivo Diagnostic Substances,155961507.0,4.83,41991
IMKTA,Ingles Markets Incorporated Class A Common Stock,NASDAQ,Consumer Staples,Food Chains,1673594469.0,88.11,141639
IMMP,Immutep Limited American Depositary Shares,NASDAQ,Health Care,Biotechnology: Pharmaceutical Preparations,56786687.0,0.3858,64960
IMMR,Immersion Corporation Common Stock,NASDAQ,Technology,Computer peripheral equipment,252258448.0,7.6,667616
IMMX,Immix Biopharma Inc. Common Stock,NASDAQ,Health Care,Biotechnology: Pharmaceutical Preparations,678364788.0,9.72,1604693
IMNM,Immunome Inc. Common Stock,NASDAQ,Health Care,Biotechnology: Pharmaceutical Preparations,2834657362.0,25.03,881164
IMNN,Imunon Inc. Common Stock,NASDAQ,Health Care,Biotechnology: Pharmaceutical Preparations,6765410.0,1.61,21714
IMOS,ChipMOS TECHNOLOGIES INC. American Depositary Shares,NASDAQ,Technology,Semiconductors,1838855656.0,52.54,65047
IMPP,Imperial Petroleum Inc. Common Shares,NASDAQ,Consumer Discretionary,Marine Transportation,208434963.0,4.61,422130
IMPPP,Imperial Petroleum Inc. 8.75% Series A Cumulative Redeemable Perpetual Preferred Shares,NASDAQ,Consumer Discretionary,Marine Transportation,1162370805.0,25.7084,16
IMRN,Immuron Limited American Depositary Shares,NASDAQ,Health Care,Biotechnology: Pharmaceutical Preparations,8321409.0,1.031,8420
IMRX,Immuneering Corporation Class A Common Stock,NASDAQ,Health Care,Biotechnology: Pharmaceutical Preparations,291785283.0,4.51,720309
IMSR,Terrestrial Energy Inc. Common Stock  ,NASDAQ,Industrials,Metal Fabrications,616543178.0,5.82,1358664
IMTE,Integrated Media Technology Limited Ordinary Shares,NASDAQ,Consumer Staples,Consumer Electronics/Appliances,1660147.0,0.4817,2628
IMTX,Immatics N.V. Ordinary Shares,NASDAQ,Health Care,Biotechnology: Biological Products (No Diagnostic Substances),1294031958.0,9.65,309347
IMUX,Immunic Inc. Common Stock,NASDAQ,Health Care,Biotechnology: Pharmaceutical Preparations,194787822.0,14.3,175502
IMVT,Immunovant Inc. Common Stock,NASDAQ,Health Care,Biotechnology: Biological Products (No Diagnostic Substances),8245773403.0,39.95,906196
IMXI,International Money Express Inc. Common Stock,NASDAQ,Consumer Discretionary,Business Services,366851857.0,12.19,271426
INAB,IN8bio Inc. Common Stock,NASDAQ,Health Care,Biotechnology: Biological Products (No Diagnostic Substances),9636361.0,0.9786,36587
INBK,First Internet Bancorp Common Stock,NASDAQ,Finance,Major Banks,255107697.0,29.21,24163
INBKZ,First Internet Bancorp 6.0% Fixed-to-Floating Rate Subordinated Notes Due 2029,NASDAQ,Finance,Major Banks,222108093.0,25.4913,1785
INBS,Intelligent Bio Solutions Inc. Common Stock,NASDAQ,Health Care,Medical/Dental Instruments,4735855.0,1.98,36459
INBX,Inhibrx Biosciences Inc. Common Stock,NASDAQ,Health Care,Biotechnology: Biological Products (No Diagnostic Substances),1300747351.0,88.66,407721
INCR,Intercure Ltd. Ordinary Shares,NASDAQ,Health Care,Biotechnology: Pharmaceutical Preparations,58043985.0,0.98,80212
INCY,Incyte Corp. Common Stock,NASDAQ,Health Care,Biotechnology: Commercial Physical & Biological Resarch,24437240258.0,120.56,1540695
INDB,Independent Bank Corp. Common Stock,NASDAQ,Finance,Major Banks,4046428920.0,83.73,195839
INDI,indie Semiconductor Inc. Class A Common Stock,NASDAQ,Technology,Semiconductors,916691102.0,4.04,9416429
INDP,Indaptus Therapeutics Inc. Common Stock,NASDAQ,Health Care,Biotechnology: Pharmaceutical Preparations,157225942.0,1.18,130807
INDV,Indivior Pharmaceuticals Inc. Common Stock,NASDAQ,Health Care,Biotechnology: Pharmaceutical Preparations,4843564412.0,38.82,1687068
INEO,INNEOVA Holdings Limited Class A Ordinary Shares,NASDAQ,Consumer Discretionary,Motor Vehicles,9652245.0,0.5969,44467
INGN,Inogen Inc Common Stock,NASDAQ,Health Care,Industrial Specialties,163800822.0,6.05,599125
INHD,Inno Holdings Inc. Common Stock,NASDAQ,Industrials,Steel/Iron Ore,12968389.0,5.145,1846848
INIO,INNIO N.V. Ordinary Shares,NASDAQ,Consumer Discretionary,Metal Fabrications,20512500000.0,27.35,3377174
INKT,MiNK Therapeutics Inc. Common Stock,NASDAQ,Health Care,Biotechnology: Biological Products (No Diagnostic Substances),54551794.0,10.95,4836
INLF,INLIF LIMITED Class A Ordinary Shares,NASDAQ,Industrials,Industrial Machinery/Components,4917244.0,4.51,297989
INM,InMed Pharmaceuticals Inc. Common Shares,NASDAQ,Health Care,Biotechnology: Pharmaceutical Preparations,4122153.0,1.47,54204
INMB,INmune Bio Inc. Common stock,NASDAQ,Health Care,Biotechnology: Biological Products (No Diagnostic Substances),55430263.0,2.085,952709
INMD,InMode Ltd. Ordinary Shares,NASDAQ,Health Care,Biotechnology: Electromedical & Electrotherapeutic Apparatus,970022463.0,15.31,397228
INNV,InnovAge Holding Corp. Common Stock,NASDAQ,Health Care,Medical/Nursing Services,1517532874.0,11.18,336382
INO,Inovio Pharmaceuticals Inc. Common Stock,NASDAQ,Health Care,Biotechnology: Pharmaceutical Preparations,69021680.0,0.668,3044642
INOD,Innodata Inc. Common Stock,NASDAQ,Technology,EDP Services,2035408464.0,62.33,4779053
INSE,Inspired Entertainment Inc. Common Stock,NASDAQ,Technology,Computer Software: Prepackaged Software,175283174.0,6.65,113340
INSG,Inseego Corp. Common Stock,NASDAQ,Telecommunications,Telecommunications Equipment,89684656.0,5.51,844516
INSM,Insmed Incorporated Common Stock,NASDAQ,Health Care,Biotechnology: Pharmaceutical Preparations,28416246326.0,131.1,4904085
INTA,Intapp Inc. Common Stock,NASDAQ,Technology,Computer Software: Prepackaged Software,2907533979.0,37.73,842415
INTC,Intel Corporation Common Stock,NASDAQ,Technology,Semiconductors,512722600000.0,101.65,76609508
INTG,Intergroup Corporation (The) Common Stock,NASDAQ,Real Estate,Building operators,67386744.0,31.36,86049
INTJ,Intelligent Group Limited Class A Ordinary Shares ,NASDAQ,Consumer Discretionary,Professional Services,5189056.0,3.375,29698
INTR,Inter & Co. Inc. Class A Common Shares,NASDAQ,Finance,Commercial Banks,2325765164.0,5.27,10933767
INTS,Intensity Therapeutics Inc. Common stock,NASDAQ,Health Care,Biotechnology: Biological Products (No Diagnostic Substances),11243731.0,4.16,22355
INTU,Intuit Inc. Common Stock,NASDAQ,Technology,Computer Software: Prepackaged Software,88967909250.0,325.25,2975824
INTZ,Intrusion Inc. Common Stock,NASDAQ,Telecommunications,Computer Communications Equipment,17268069.0,0.7588,201734
INVA,Innoviva Inc. Common Stock,NASDAQ,Health Care,Biotechnology: Pharmaceutical Preparations,1481754897.0,20.51,1143309
INVE,Identiv Inc. Common Stock,NASDAQ,Technology,Computer peripheral equipment,61936027.0,2.58,119280
INVZ,Innoviz Technologies Ltd. Ordinary shares,NASDAQ,Consumer Discretionary,Auto Parts:O.E.M.,137587613.0,0.3879,9725546
IOND,Ionic Digital Inc. Class A Common Stock,NASDAQ,Finance,Finance: Consumer Services,2835440472.0,63.12,768429
IONR,ioneer Ltd American Depositary Shares,NASDAQ,Industrials,Mining & Quarrying of Nonmetallic Minerals (No Fuels),265397444.0,3.5,65177
IONS,Ionis Pharmaceuticals Inc. Common Stock,NASDAQ,Health Care,Biotechnology: Pharmaceutical Preparations,9399385252.0,56.56,2009227
IOSP,Innospec Inc. Common Stock,NASDAQ,Industrials,Major Chemicals,2276893985.0,92.44,162925
IOTR,iOThree Limited Ordinary Shares,NASDAQ,Consumer Discretionary,Telecommunications Equipment,5256907.0,2.87,14924
IOVA,Iovance Biotherapeutics Inc. Common Stock,NASDAQ,Health Care,Biotechnology: Biological Products (No Diagnostic Substances),2830825191.0,6.34,30927435
IPAR,Interparfums Inc. Common Stock,NASDAQ,Consumer Discretionary,Package Goods/Cosmetics,3938210290.0,122.97,319243
IPDN,Professional Diversity Network Inc. Common Stock,NASDAQ,Technology,Computer Software: Programming Data Processing,5388736.0,0.42,45163
IPEX,Inflection Point Acquisition Corp. V Class A Ordinary Shares,NASDAQ,Health Care,Biotechnology: Pharmaceutical Preparations,0.0,10.56,27290
IPGP,IPG Photonics Corporation Common Stock,NASDAQ,Technology,Semiconductors,3837891454.0,90.23,351422
IPHA,Innate Pharma S.A. ADS,NASDAQ,Health Care,Biotechnology: Biological Products (No Diagnostic Substances),162256774.0,1.73,5017
IPM,Intelligent Protection Management Corp. Common Stock ,NASDAQ,Technology,Computer Software: Programming Data Processing,16716099.0,1.85,7679
IPSC,Century Therapeutics Inc. Common Stock,NASDAQ,Health Care,Biotechnology: Biological Products (No Diagnostic Substances),360709618.0,2.0,522587
IPST,IP Strategy Holdings Inc. Common Stock,NASDAQ,Consumer Staples,Beverages (Production/Distribution),1522530.0,2.11,9395
IPW,iPower Inc. Common Stock,NASDAQ,Consumer Discretionary,RETAIL: Building Materials,11372434.0,3.71,567620
IPWR,Ideal Power Inc. Common Stock,NASDAQ,Technology,Semiconductors,74225270.0,4.52,136522
IPX,IperionX Limited American Depositary Share,NASDAQ,Basic Materials,Other Metals and Minerals,851514632.0,25.09,181627
IQ,iQIYI Inc. American Depositary Shares,NASDAQ,Consumer Discretionary,Consumer Electronics/Video Chains,1283482898.0,1.33,5073808
IQMX,IQM Quantum Computers Oyj American Depositary Shares,NASDAQ,Technology,Computer Software: Prepackaged Software,2461137070.0,9.35,110116
IQST,iQSTEL Inc. Common Stock,NASDAQ,Telecommunications,Telecommunications Equipment,10209612.0,1.06,576518
IRD,Opus Genetics Inc. Common Stock,NASDAQ,Health Care,Biotechnology: Pharmaceutical Preparations,302190956.0,3.66,915176
IRDM,Iridium Communications Inc Common Stock,NASDAQ,Consumer Discretionary,Telecommunications Equipment,5290601923.0,49.93,829521
IREN,IREN Limited Ordinary Shares,NASDAQ,Finance,Finance: Consumer Services,14734722729.0,41.23,32290651
IRIX,IRIDEX Corporation Common Stock,NASDAQ,Health Care,Biotechnology: Electromedical & Electrotherapeutic Apparatus,14456113.0,0.8305,25284
IRMD,iRadimed Corporation Common Stock,NASDAQ,Health Care,Medical/Dental Instruments,1182732733.0,92.495,88238
IRON,Disc Medicine Inc. Common Stock,NASDAQ,Health Care,Biotechnology: Pharmaceutical Preparations,2973141839.0,77.44,307563
IRTC,iRhythm Holdings Inc. Common Stock,NASDAQ,Health Care,Medical/Dental Instruments,4201130239.0,127.84,1827629
IRWD,Ironwood Pharmaceuticals Inc. Class A Common Stock,NASDAQ,Health Care,Biotechnology: Pharmaceutical Preparations,711129914.0,4.32,1842597
ISBA,Isabella Bank Corporation Common stock,NASDAQ,Finance,Major Banks,293023690.0,39.77,36127
ISPC,iSpecimen Inc. Common Stock,NASDAQ,Health Care,Biotechnology: Commercial Physical & Biological Resarch,3379637.0,2.22,61645
ISPR,Ispire Technology Inc. Common Stock,NASDAQ,Health Care, Medicinal Chemicals and Botanical Products ,98152967.0,1.71,16935
ISRG,Intuitive Surgical Inc. Common Stock,NASDAQ,Health Care,Industrial Specialties,133825253575.0,378.81,2465736
ISSC,Innovative Solutions and Support Inc. Common Stock,NASDAQ,Technology,EDP Services,360896707.0,20.17,148683
ISTR,Investar Holding Corporation Common Stock,NASDAQ,Finance,Major Banks,414635165.0,30.06,87739
ITG,ITG Inc. Class A Common Stock,NASDAQ,Industrials,Water Sewer Pipeline Comm & Power Line Construction,1649945608.0,13.61,90021
ITIC,Investors Title Company Common Stock,NASDAQ,Finance,Specialty Insurers,547216761.0,289.84,127817
ITOC,iTonic Holdings Ltd Class A Ordinary Shares,NASDAQ,Health Care,Biotechnology: Electromedical & Electrotherapeutic Apparatus,4912105.0,0.2881,94871
ITRI,Itron Inc. Common Stock,NASDAQ,Industrials,Electrical Products,4542875624.0,103.75,371206
ITRN,Ituran Location and Control Ltd. Ordinary Shares,NASDAQ,Technology,Electronic Components,1053365061.0,52.95,205903
IVA,Inventiva S.A. American Depository Shares,NASDAQ,Health Care,Biotechnology: Pharmaceutical Preparations,1134144970.0,4.8,579083
IVDA,Iveda Solutions Inc. Common Stock,NASDAQ,Technology,Computer Software: Prepackaged Software,3397621.0,0.305,230291
IVF,INVO Fertility Inc. Common Stock,NASDAQ,Health Care,Medical/Dental Instruments,2432737.0,1.06,60536
IVVD,Invivyd Inc. Common Stock,NASDAQ,Health Care,Biotechnology: Biological Products (No Diagnostic Substances),218009514.0,0.74,3506198
IXHL,Incannex Healthcare Inc. Common Stock,NASDAQ,Health Care,Biotechnology: Pharmaceutical Preparations,37748168.0,3.155,101617
IZEA,IZEA Worldwide Inc. Common Stock,NASDAQ,Consumer Discretionary,Advertising,61296729.0,3.5,36064
IZM,ICZOOM Group Inc. Class A Ordinary Shares,NASDAQ,Consumer Discretionary,Consumer Electronics/Video Chains,3040582.0,0.253,195236
JACK,Jack In The Box Inc. Common Stock,NASDAQ,Consumer Discretionary,Restaurants,335314169.0,17.58,607986
JAGX,Jaguar Health Inc. Common Stock,NASDAQ,Health Care,Biotechnology: Pharmaceutical Preparations,4665373.0,0.9501,44383
JAKK,JAKKS Pacific Inc. Common Stock,NASDAQ,Consumer Discretionary,Recreational Games/Products/Toys,293335658.0,25.63,186938
JANX,Janux Therapeutics Inc. Common Stock,NASDAQ,Health Care,Biotechnology: Pharmaceutical Preparations,966602011.0,15.85,689044
JAZZ,Jazz Pharmaceuticals plc Common Stock (Ireland),NASDAQ,Health Care,Biotechnology: Pharmaceutical Preparations,16654483875.0,256.56,970821
JBHT,J.B. Hunt Transport Services Inc. Common Stock,NASDAQ,Industrials,Trucking Freight/Courier Services,25218039420.0,268.52,599572
JBIO,Jade Biosciences Inc. Common Stock,NASDAQ,Health Care,Biotechnology: Pharmaceutical Preparations,1083942855.0,21.96,480845
JBLU,JetBlue Airways Corporation Common Stock,NASDAQ,Consumer Discretionary,Air Freight/Delivery Services,2290284939.0,6.07,22719449
JBSS,John B. Sanfilippo & Son Inc. Common Stock,NASDAQ,Consumer Staples,Specialty Foods,972105057.0,83.16,155895
JCAP,Jefferson Capital Inc. Common Stock,NASDAQ,Finance,Finance Companies,1175979870.0,21.22,458340
JCSE,JE Cleantech Holdings Limited Ordinary Shares,NASDAQ,Consumer Discretionary,Miscellaneous manufacturing industries,7616444.0,1.45,3464
JCTC,Jewett-Cameron Trading Company Common Shares,NASDAQ,Consumer Discretionary,RETAIL: Building Materials,11053155.0,3.14,87694
JD,JD.com Inc. American Depositary Shares,NASDAQ,Consumer Discretionary,Other Specialty Stores,45031109534.0,32.97,4201895
JDZG,JIADE LIMITED Class A Ordinary Shares,NASDAQ,Real Estate,Other Consumer Services,5897369.0,3.22,178596
JEM,707 Cayman Holdings Limited Ordinary Shares,NASDAQ,Consumer Discretionary,Clothing/Shoe/Accessory Stores,3059527.0,4.56,49854
JF,J and Friends Holdings Limited American Depositary Shares,NASDAQ,Technology,Computer Software: Programming Data Processing,17698249.0,0.965,35424
JFB,JFB Construction Holdings Class A Common Stock,NASDAQ,Consumer Discretionary,General Bldg Contractors - Nonresidential Bldgs,68527782.0,4.47,171868
JFIN,Jiayin Group Inc. American Depositary Shares,NASDAQ,Finance,Finance: Consumer Services,136580115.0,2.61,19137
JFU,9F Inc. American Depositary Shares,NASDAQ,Finance,Finance: Consumer Services,29037749.0,2.4664,437
JG,Aurora Mobile Limited American Depositary Shares,NASDAQ,Technology,Computer Software: Programming Data Processing,29807915.0,5.0,5506
JJSF,J & J Snack Foods Corp. Common Stock,NASDAQ,Consumer Staples,Specialty Foods,1723626465.0,91.91,315754
JKHY,Jack Henry & Associates Inc. Common Stock,NASDAQ,Technology,EDP Services,11080369141.0,155.95,873624
JL,J-Long Group Limited Class A Ordinary Shares,NASDAQ,Consumer Discretionary,Clothing/Shoe/Accessory Stores,19608606.0,5.5,52065
JLHL,Julong Holding Limited Class A Ordinary Shares,NASDAQ,Consumer Discretionary,Military/Government/Technical,189820393.0,8.85,888737
JMSB,John Marshall Bancorp Inc. Common Stock,NASDAQ,Finance,Major Banks,329097040.0,23.32,16143
JOUT,Johnson Outdoors Inc. Class A Common Stock,NASDAQ,Consumer Discretionary,Recreational Games/Products/Toys,505089648.0,48.22,77309
JOYY,JOYY Inc. American Depositary Shares,NASDAQ,Technology,EDP Services,3850185084.0,74.44,159014
JRSH,Jerash Holdings (US) Inc. Common Stock,NASDAQ,Consumer Discretionary,Apparel,63499700.0,5.0,149833
JRVR,James River Group Holdings Inc. Common Stock,NASDAQ,Finance,Property-Casualty Insurers,217313223.0,4.7,157227
JSM,Navient Corporation 6% Senior Notes due December 15 2043,NASDAQ,Finance,Investment Bankers/Brokers/Service,1765895235.0,17.76,9844
JSPR,Jasper Therapeutics Inc. Common Stock,NASDAQ,Health Care,Biotechnology: Biological Products (No Diagnostic Substances),19872955.0,0.7095,758512
JTAI,Jet.AI Inc. Common Stock,NASDAQ,Consumer Discretionary,Transportation Services,2772356.0,1.95,117899
JUNS,Jupiter Neurosciences Inc. Common Stock,NASDAQ,Health Care,Biotechnology: Pharmaceutical Preparations,288252729.0,5.1,118634
JVA,Coffee Holding Co. Inc. Common Stock,NASDAQ,Consumer Staples,Packaged Foods,19980097.0,3.5,22872
JWEL,Jowell Global Ltd. Ordinary Shares,NASDAQ,Consumer Discretionary,Other Consumer Services,3683003.0,1.55,42126
JXG,JX Luxventure Group Inc. Common Stock,NASDAQ,Industrials,Office Equipment/Supplies/Services,96056920.0,7.965,1454
JYD,Jayud Global Logistics Limited Class A Ordinary Shares,NASDAQ,Industrials,Integrated Freight & Logistics,7726276.0,0.931,160467
JYNT,The Joint Corp. Common Stock,NASDAQ,Miscellaneous,Multi-Sector Companies,118747449.0,8.33,104776
JZ,Jianzhi Education Technology Group Company Limited American Depositary Shs,NASDAQ,Real Estate,Other Consumer Services,6634902.0,2.755,449092
JZXN,Jiuzi Holdings Inc. Ordinary Shares,NASDAQ,Consumer Discretionary,Retail-Auto Dealers and Gas Stations,789646.0,1.54,268104
KALA,KALA BIO Inc. Common Stock,NASDAQ,Health Care,Biotechnology: Pharmaceutical Preparations,14462292.0,0.7478,43153
KALU,Kaiser Aluminum Corporation Common Stock,NASDAQ,Industrials,Metal Fabrications,3020494747.0,184.75,373260
KARD,Kardigan Inc. Common Stock,NASDAQ,Health Care,Biotechnology: Pharmaceutical Preparations,1797285328.0,20.5,159600
KARO,Karooooo Ltd. Ordinary Shares,NASDAQ,Technology,Computer Software: Prepackaged Software,2002194773.0,64.81,65922
KAZR,Skyline Builders Group Holding Limited Class A Ordinary Shares,NASDAQ,Consumer Discretionary,Engineering & Construction,56985929.0,2.3,165659
KBSX,FST Corp. Ordinary Shares,NASDAQ,Consumer Discretionary,Recreational Games/Products/Toys,42080043.0,0.94,7301
KC,Kingsoft Cloud Holdings Limited American Depositary Shares,NASDAQ,Technology,Computer Software: Prepackaged Software,3691227957.0,12.33,739306
KDK,Kodiak AI Inc. Common Stock ,NASDAQ,Technology,EDP Services,893314966.0,4.48,1357040
KDP,Keurig Dr Pepper Inc. Common Stock,NASDAQ,Consumer Staples,Beverages (Production/Distribution),40830389725.0,30.01,12391748
KE,Kimball Electronics Inc. Common Stock,NASDAQ,Technology,Electrical Products,628398410.0,26.13,161821
KEEL,Keel Infrastructure Corp. Common Stock,NASDAQ,Finance,Finance: Consumer Services,2339062412.0,3.88,25958645
KELYA,Kelly Services Inc. Class A Common Stock,NASDAQ,Consumer Discretionary,Professional Services,526624996.0,15.19,341599
KELYB,Kelly Services Inc. Class B Common Stock,NASDAQ,Consumer Discretionary,Professional Services,813339197.0,23.46,291
KEQU,Kewaunee Scientific Corporation Common Stock,NASDAQ,Industrials,Medical Specialities,106434803.0,37.08,1819
KFFB,Kentucky First Federal Bancorp Common Stock,NASDAQ,Finance,Savings Institutions,44881268.0,5.55,583
KG,Kestrel Group Ltd.,NASDAQ,Finance,Property-Casualty Insurers,74790716.0,8.82,24334
KGEI,Kolibri Global Energy Inc. Common stock,NASDAQ,Energy,Oil & Gas Production,182014318.0,5.09,123747
KHC,The Kraft Heinz Company Common Stock,NASDAQ,Consumer Staples,Packaged Foods,30025057553.0,25.32,14250136
KIDS,OrthoPediatrics Corp. Common Stock,NASDAQ,Health Care,Medical/Dental Instruments,594519873.0,22.77,196281
KIDZ,KIDZ AI Inc. Class B Common Stock,NASDAQ,Real Estate,Other Consumer Services,4396538.0,0.3999,2725753
KINS,Kingstone Companies Inc. Common Stock,NASDAQ,Finance,Property-Casualty Insurers,275646524.0,19.03,181001
KITT,Nauticus Robotics Inc. Common stock,NASDAQ,Industrials,Industrial Machinery/Components,7387388.0,1.08,245949
KLAC,KLA Corporation Common Stock,NASDAQ,Technology,Electronic Components,258786181853.0,198.11,8970699
KLIC,Kulicke and Soffa Industries Inc. Common Stock,NASDAQ,Technology,Semiconductors,4778514999.0,91.31,1044685
KLRA,Kailera Therapeutics Inc. Common Stock,NASDAQ,Health Care,Biotechnology: Pharmaceutical Preparations,2417694245.0,18.66,276248
KLRS,Kalaris Therapeutics Inc. Common Stock,NASDAQ,Health Care,Biotechnology: Biological Products (No Diagnostic Substances),96834571.0,4.07,58837
KLTR,Kaltura Inc. Common Stock,NASDAQ,Technology,Computer Software: Prepackaged Software,266964640.0,1.75,719557
KLXE,KLX Energy Services Holdings Inc. Common Stock,NASDAQ,Energy,Oilfield Services/Equipment,41018224.0,2.06,137938
KMB,Kimberly-Clark Corporation Common Stock,NASDAQ,Consumer Discretionary,Containers/Packaging,36477268888.0,109.68,2705234
KMDA,Kamada Ltd. Ordinary Shares,NASDAQ,Health Care,Biotechnology: Pharmaceutical Preparations,419377627.0,7.27,17727
KMRK,K-Tech Solutions Company Limited Class A Ordinary Shares,NASDAQ,Consumer Discretionary,Recreational Games/Products/Toys,26199870.0,1.2417,54723
KMTS,Kestra Medical Technologies Ltd. Common Stock,NASDAQ,Health Care,Medical/Dental Instruments,1547122394.0,26.4,275745
KNDI,Kandi Technologies Group Inc. Ordinary Shares,NASDAQ,Industrials,Auto Manufacturing,65490901.0,0.6522,106411
KNSA,Kiniksa Pharmaceuticals International plc Class A Ordinary Shares,NASDAQ,Health Care,Biotechnology: Pharmaceutical Preparations,5934506429.0,76.06,219841
KOD,Kodiak Sciences Inc Common Stock,NASDAQ,Health Care,Biotechnology: Biological Products (No Diagnostic Substances),2839183868.0,45.37,510735
KOPN,Kopin Corporation Common Stock,NASDAQ,Technology,Semiconductors,781069724.0,4.27,2725694
KOSS,Koss Corporation Common Stock,NASDAQ,Consumer Staples,Consumer Electronics/Appliances,35215149.0,3.72,7576
KPLT,Katapult Holdings Inc. Common Stock,NASDAQ,Consumer Discretionary,Diversified Commercial Services,33165941.0,6.67,16538
KPRX,Kiora Pharmaceuticals Inc.  Common Stock,NASDAQ,Health Care,Biotechnology: Pharmaceutical Preparations,11700322.0,2.64,23547
KPTI,Karyopharm Therapeutics Inc. Common Stock,NASDAQ,Health Care,Biotechnology: Pharmaceutical Preparations,48045439.0,2.12,1788203
KRKR,36Kr Holdings Inc. American Depositary Shares,NASDAQ,Consumer Discretionary,Business Services,6256978.0,3.17,23971
KRMD,KORU Medical Systems Inc. Common Stock (DE),NASDAQ,Health Care,Medical/Dental Instruments,163910252.0,3.55,396925
KRNT,Kornit Digital Ltd. Ordinary Shares,NASDAQ,Industrials,Industrial Machinery/Components,791495347.0,17.08,115220
KRNY,Kearny Financial Corp Common Stock,NASDAQ,Finance,Savings Institutions,616316718.0,9.52,294852
KROS,Keros Therapeutics Inc. Common Stock,NASDAQ,Health Care,Biotechnology: Pharmaceutical Preparations,221073146.0,11.15,319648
KRRO,Korro Bio Inc. Common Stock,NASDAQ,Health Care,Biotechnology: Pharmaceutical Preparations,191099066.0,13.25,120216
KRT,Karat Packaging Inc. Common Stock,NASDAQ,Industrials,Plastic Products,940092093.0,47.09,380748
KRUS,Kura Sushi USA Inc. Class A Common Stock,NASDAQ,Consumer Discretionary,Restaurants,593276492.0,48.83,125258
KRYS,Krystal Biotech Inc. Common Stock,NASDAQ,Health Care,Biotechnology: Biological Products (No Diagnostic Substances),9662540012.0,326.45,160163
KSCP,Knightscope Inc. Class A Common Stock,NASDAQ,Telecommunications,Telecommunications Equipment,31630597.0,1.57,825161
KTCC,Key Tronic Corporation Common Stock,NASDAQ,Technology,Electrical Products,44685892.0,4.115,9125
KTOS,Kratos Defense & Security Solutions Inc. Common Stock,NASDAQ,Industrials,Military/Government/Technical,11407825042.0,60.77,4780066
KTTA,Pasithea Therapeutics Corp. Common Stock,NASDAQ,Health Care,Biotechnology: Pharmaceutical Preparations,16931101.0,0.5067,375775
KTWO,K2 Capital Acquisition Corporation Class A Ordinary Share,NASDAQ,Health Care,Medical/Dental Instruments,201012835.0,10.03,331
KURA,Kura Oncology Inc. Common Stock,NASDAQ,Health Care,Biotechnology: Pharmaceutical Preparations,849570673.0,9.57,749076
KUST,Kustom Entertainment Inc. Common Stock,NASDAQ,Technology,Radio And Television Broadcasting And Communications Equipment,758501.0,1.21,555003
KVHI,KVH Industries Inc. Common Stock,NASDAQ,Consumer Discretionary,Telecommunications Equipment,156566941.0,8.03,240531
KWM,K Wave Media Ltd. Ordinary Shares,NASDAQ,Consumer Discretionary,Movies/Entertainment,6673733.0,2.55,144057
KXIN,Kaixin Holdings Ordinary Shares,NASDAQ,Consumer Discretionary,Retail-Auto Dealers and Gas Stations,106179585.0,5.3,61584
KYIV,Kyivstar Group Ltd. Common Shares,NASDAQ,Telecommunications,Telecommunications Equipment,3088955289.0,13.38,215521
KYMR,Kymera Therapeutics Inc. Common Stock,NASDAQ,Health Care,Biotechnology: Biological Products (No Diagnostic Substances),8940354447.0,107.52,463602
KYNB,Kyntra Bio Inc. Common Stock,NASDAQ,Health Care,Biotechnology: Pharmaceutical Preparations,29429774.0,7.27,5207
KYTX,Kyverna Therapeutics Inc. Common Stock,NASDAQ,Health Care,Biotechnology: Biological Products (No Diagnostic Substances),483929888.0,7.96,431413
KZIA,Kazia Therapeutics Limited American Depositary Shares,NASDAQ,Health Care,Biotechnology: Pharmaceutical Preparations,158662493.0,13.885,295178
LAB,Standard BioTools Inc. Common Stock,NASDAQ,Industrials,Biotechnology: Laboratory Analytical Instruments,314063046.0,0.8,728970
LABT,Lakewood-Amedex Biotherapeutics Inc. Common Stock,NASDAQ,Health Care,Biotechnology: Pharmaceutical Preparations,5260707.0,2.22,43894
LAES,SEALSQ Corp Ordinary Shares,NASDAQ,Technology,Semiconductors,572529177.0,2.57,13995172
LAKE,Lakeland Industries Inc. Common Stock,NASDAQ,Health Care,Industrial Specialties,118726043.0,12.03,68387
LAMR,Lamar Advertising Company Class A Common Stock,NASDAQ,Real Estate,Real Estate Investment Trusts,16330388004.0,160.93,589481
LAND,Gladstone Land Corporation Common Stock,NASDAQ,Real Estate,Real Estate Investment Trusts,359759019.0,8.34,512715
LANDO,Gladstone Land Corporation 6.00% Series B Cumulative Redeemable Preferred Stock,NASDAQ,Real Estate,Real Estate Investment Trusts,951161435.0,22.05,7394
LANDP,Gladstone Land Corporation 6.00% Series C Cumulative Redeemable Preferred Stock,NASDAQ,Real Estate,Real Estate Investment Trusts,924848125.0,21.44,12774
LARK,Landmark Bancorp Inc. Common Stock,NASDAQ,Finance,Major Banks,195024402.0,31.98,8513
LASE,Laser Photonics Corporation Common Stock,NASDAQ,Miscellaneous,Industrial Machinery/Components,54318289.0,1.14,1352547
LASR,nLIGHT Inc. Common Stock,NASDAQ,Technology,Semiconductors,3167631054.0,56.155,5449389
LAUR,Laureate Education Inc. Common Stock,NASDAQ,Real Estate,Other Consumer Services,5281310462.0,38.34,645985
LBGJ,Li Bang International Corporation Class A Ordinary Shares,NASDAQ,Industrials,Industrial Machinery/Components,2012606.0,3.36,561744
LBRDA,Liberty Broadband Corporation Class A Common Stock,NASDAQ,Telecommunications,Cable & Other Pay Television Services,5155873439.0,35.93,146885
LBRDK,Liberty Broadband Corporation Class C Common Stock,NASDAQ,Telecommunications,Cable & Other Pay Television Services,5148698552.0,35.88,1916817
LBRDP,Liberty Broadband Corporation Series A Cumulative Redeemable Preferred Stock,NASDAQ,Telecommunications,Cable & Other Pay Television Services,3126815537.0,21.79,4985
LBRX,LB Pharmaceuticals Inc Common Stock,NASDAQ,Health Care,Biotechnology: Pharmaceutical Preparations,1376479296.0,48.0,269191
LBTYA,Liberty Global Ltd. Class A Common Shares,NASDAQ,Telecommunications,Cable & Other Pay Television Services,3598473821.0,10.55,1855285
LBTYB,Liberty Global Ltd. Class B Common Shares,NASDAQ,Telecommunications,Cable & Other Pay Television Services,4331812088.0,12.7,2369
LBTYK,Liberty Global Ltd. Class C Common Shares,NASDAQ,Telecommunications,Cable & Other Pay Television Services,3492736676.0,10.24,1288817
LCFY,Locafy Limited Ordinary Share,NASDAQ,Technology,Computer Software: Programming Data Processing,4354688.0,2.38,20096
LCID,Lucid Group Inc. Common Stock,NASDAQ,Industrials,Auto Manufacturing,2774254039.0,7.04,7312372
LCNB,LCNB Corporation Common Stock,NASDAQ,Finance,Major Banks,283246612.0,19.87,43133
LCUT,Lifetime Brands Inc. Common Stock,NASDAQ,Consumer Discretionary,Industrial Machinery/Components,210037524.0,9.19,205285
LE,Lands' End Inc. Common Stock,NASDAQ,Consumer Discretionary,Clothing/Shoe/Accessory Stores,403320175.0,13.12,154668
LECO,Lincoln Electric Holdings Inc. Common Shares,NASDAQ,Industrials,Industrial Machinery/Components,15368443244.0,281.96,272644
LEDS,SemiLEDS Corporation Common Stock,NASDAQ,Technology,Semiconductors,18284221.0,2.21,36287
LEE,Lee Enterprises Incorporated Common Stock,NASDAQ,Consumer Discretionary,Newspapers/Magazines,182063176.0,8.19,35409
LEGH,Legacy Housing Corporation Common Stock (TX),NASDAQ,Consumer Discretionary,Homebuilding,694422749.0,29.2,287329
LEGN,Legend Biotech Corporation American Depositary Shares,NASDAQ,Health Care,Biotechnology: Pharmaceutical Preparations,3854100684.0,20.75,2610903
LENZ,LENZ Therapeutics Inc. Common Stock,NASDAQ,Health Care,Biotechnology: Biological Products (No Diagnostic Substances),168059552.0,5.36,452677
LESL,Leslie's Inc. Common Stock,NASDAQ,Consumer Discretionary,Other Specialty Stores,10950554.0,1.17,3724796
LEXX,Lexaria Bioscience Corp. Common Stock,NASDAQ,Health Care,Biotechnology: Pharmaceutical Preparations,8708770.0,5.27,20913
LFCR,Lifecore Biomedical Inc. Common Stock,NASDAQ,Health Care,Biotechnology: Pharmaceutical Preparations,189643831.0,5.01,159890
LFMD,LifeMD Inc. Common Stock,NASDAQ,Health Care,Medical/Nursing Services,171594980.0,3.56,1265006
LFMDP,LifeMD Inc. 8.875% Series A Cumulative Perpetual Preferred Stock,NASDAQ,Health Care,Medical/Nursing Services,1130791636.0,23.46,731
LFS,LEIFRAS Co. Ltd. American Depositary Shares  ,NASDAQ,Real Estate,Other Consumer Services,60692636.0,2.32,119922
LFST,LifeStance Health Group Inc. Common Stock,NASDAQ,Health Care,Medical/Nursing Services,4204125243.0,10.84,3793110
LFTO,Liftoff Mobile Inc. Common Stock,NASDAQ,Technology,EDP Services,4436198557.0,25.73,764282
LFUS,Littelfuse Inc. Common Stock,NASDAQ,Energy,Electrical Products,11595797943.0,456.55,137869
LFVN,Lifevantage Corporation Common Stock (Delaware),NASDAQ,Health Care,Biotechnology: Pharmaceutical Preparations,85282957.0,6.76,50191
LFWD,Lifeward Ltd. Ordinary Shares,NASDAQ,Health Care,Industrial Specialties,21735962.0,7.685,6973
LGCL,Lucas GC Limited Ordinary Shares,NASDAQ,Technology,Computer Software: Programming Data Processing,52204293.0,1.22,113010
LGHL,Lion Group Holding Ltd. American Depositary Share,NASDAQ,Finance,Investment Bankers/Brokers/Service,830590.0,0.9,25401337
LGIH,LGI Homes Inc. Common Stock,NASDAQ,Consumer Discretionary,Homebuilding,1395826251.0,60.04,266744
LGN,Legence Corp. Class A Common stock,NASDAQ,Consumer Discretionary,Engineering & Construction,6951160545.0,64.34,419925
LGND,Ligand Pharmaceuticals Incorporated Common Stock,NASDAQ,Health Care,Biotechnology: Pharmaceutical Preparations,5875037032.0,293.15,313686
LGO,Largo Inc. Common Shares,NASDAQ,Industrials,Mining & Quarrying of Nonmetallic Minerals (No Fuels),72193654.0,0.7,242215
LGVN,Longeveron Inc. Class A Common Stock,NASDAQ,Health Care,Biotechnology: Pharmaceutical Preparations,24204031.0,0.766,416540
LHAI,Linkhome Holdings Inc. Common stock,NASDAQ,Finance,Real Estate,13341060.0,0.822,84628
LHSW,Lianhe Sowell International Group Ltd Class A Ordinary Shares,NASDAQ,Technology,Computer Software: Prepackaged Software,10175000.0,2.96,111074
LI,Li Auto Inc. American Depositary Shares,NASDAQ,Industrials,Auto Manufacturing,13833908764.0,12.95,2071106
LICN,Lichen International Limited Class A Ordinary Shares,NASDAQ,Consumer Discretionary,Professional Services,19888558.0,1.21,55579
LIDR,AEye Inc. Class A Common Stock,NASDAQ,Consumer Discretionary,Auto Parts:O.E.M.,61135562.0,1.32,2218595
LIEN,Chicago Atlantic BDC Inc. Common Stock,NASDAQ,Finance,Finance: Consumer Services,216795605.0,9.5,18942
LIF,Life360 Inc. Common Stock,NASDAQ,Technology,EDP Services,5120797713.0,63.195,669552
LIFE,Ethos Technologies Inc. Class A Common Stock,NASDAQ,Finance,Specialty Insurers,2015436341.0,31.61,1539521
LILA,Liberty Latin America Ltd. Class A Common Stock,NASDAQ,Telecommunications,Cable & Other Pay Television Services,1667109000.0,8.51,421540
LILAK,Liberty Latin America Ltd. Class C Common Stock,NASDAQ,Telecommunications,Cable & Other Pay Television Services,1643601000.0,8.39,1032240
LILAP,Liberty Latin America Ltd. 9.0% Fixed Rate Cumulative Perpetual Redeemable Series A Preference Shares,NASDAQ,Telecommunications,Cable & Other Pay Television Services,4008114000.0,20.46,219046
LIME,Neutron Holdings Inc. Common Stock,NASDAQ,Technology,Computer Software: Prepackaged Software,2450912830.0,38.28,544212
LIMN,Liminatus Pharma Inc. Class A Common Stock,NASDAQ,Health Care,Biotechnology: Biological Products (No Diagnostic Substances),6917517.0,0.103,2479133
LIN,Linde plc Ordinary Shares,NASDAQ,Basic Materials,Major Chemicals,225871060267.0,489.98,1731261
LINC,Lincoln Educational Services Corporation Common Stock,NASDAQ,Real Estate,Other Consumer Services,1300232641.0,40.99,1208988
LIND,Lindblad Expeditions Holdings Inc. Common Stock,NASDAQ,Consumer Discretionary,Transportation Services,2227788442.0,33.95,487859
LINE,Lineage Inc. Common Stock,NASDAQ,Real Estate,Real Estate Investment Trusts,9645796108.0,42.36,1277920
LINK,Interlink Electronics Inc. Common Stock,NASDAQ,Technology,Computer peripheral equipment,80325036.0,5.1,34937
LIQT,LiqTech International Inc. Common Stock,NASDAQ,Technology,Industrial Machinery/Components,6336775.0,0.637,306549
LITE,Lumentum Holdings Inc. Common Stock,NASDAQ,Telecommunications,Telecommunications Equipment,69255226000.0,890.17,5810036
LITS,Lite Strategy Inc. Common Stock,NASDAQ,Health Care,Biotechnology: Pharmaceutical Preparations,30877869.0,0.9075,167165
LIVE,Live Ventures Incorporated Common Stock,NASDAQ,Consumer Discretionary,Other Specialty Stores,29580047.0,9.63,9722
LIVN,LivaNova PLC Ordinary Shares,NASDAQ,Health Care,Biotechnology: Electromedical & Electrotherapeutic Apparatus,4199227104.0,76.22,745028
LKFN,Lakeland Financial Corporation Common Stock,NASDAQ,Finance,Major Banks,1534474463.0,61.73,82638
LKFT,Lakefront Biotherapeutics American Depositary Shares,NASDAQ,Health Care,Biotechnology: Pharmaceutical Preparations,1779220917.0,27.0,139066
LKQ,LKQ Corporation Common Stock,NASDAQ,Consumer Discretionary,Motor Vehicles,6289631858.0,24.86,3381073
LLYVA,Liberty Live Holdings Inc. Series A Liberty Live Group Common Stock,NASDAQ,Consumer Discretionary,Services-Misc. Amusement & Recreation,9088197497.0,98.78,83940
LLYVK,Liberty Live Holdings Inc. Series C Liberty Live Group Common Stock,NASDAQ,Consumer Discretionary,Services-Misc. Amusement & Recreation,9458055301.0,102.8,148908
LMAT,LeMaitre Vascular Inc. Common Stock,NASDAQ,Health Care,Medical/Dental Instruments,1862700983.0,81.45,394805
LMB,Limbach Holdings Inc. Common Stock,NASDAQ,Consumer Discretionary,Engineering & Construction,580747159.0,48.7,586979
LMNR,Limoneira Co Common Stock,NASDAQ,Consumer Staples,Farming/Seeds/Milling,251309617.0,13.86,62963
LMRI,Lumexa Imaging Holdings Inc. Common Stock,NASDAQ,Health Care,Medical Specialities,1112614911.0,11.58,445958
LNAI,Lunai Bioworks Inc. Common Stock,NASDAQ,Health Care,Biotechnology: Pharmaceutical Preparations,10926675.0,2.41,37642
LNKS,Linkers Industries Limited Class A Ordinary Shares,NASDAQ,Technology,Electrical Products,1638745.0,1.02,143734
LNSR,LENSAR Inc. Common Stock,NASDAQ,Health Care,Medical/Dental Instruments,74180749.0,6.04,45978
LNT,Alliant Energy Corporation Common Stock,NASDAQ,Utilities,Power Generation,17986579570.0,69.37,2152361
LNTH,Lantheus Holdings Inc. Common Stock,NASDAQ,Health Care,Biotechnology: In Vitro & In Vivo Diagnostic Substances,6572458978.0,100.95,2079653
LNZA,LanzaTech Global Inc. Common Stock,NASDAQ,Industrials,Major Chemicals,63460835.0,6.29,56453
LOAN,Manhattan Bridge Capital Inc,NASDAQ,Real Estate,Real Estate Investment Trusts,47073097.0,4.12,22553
LOBO,LOBO TECHNOLOGIES LTD. Class A Ordinary Shares,NASDAQ,Consumer Discretionary,Motor Vehicles,9491417.0,0.6857,32496
LOCO,El Pollo Loco Holdings Inc. Common Stock,NASDAQ,Consumer Discretionary,Restaurants,461702318.0,15.16,473335
LOGI,Logitech International S.A. Ordinary Shares,NASDAQ,Technology,Computer peripheral equipment,15225215342.0,106.33,937129
LONA,LeonaBio Inc. Common Stock,NASDAQ,Health Care,Biotechnology: Biological Products (No Diagnostic Substances),72142188.0,7.68,34993
LOOP,Loop Industries Inc. Common Stock,NASDAQ,Industrials,Major Chemicals,32903490.0,0.6801,24320
LOPE,Grand Canyon Education Inc. Common Stock,NASDAQ,Real Estate,Other Consumer Services,3975700094.0,152.53,282807
LOT,Lotus Technology Inc. American Depositary Shares,NASDAQ,Industrials,Auto Manufacturing,609728545.0,0.9496,84897
LOVE,The Lovesac Company Common Stock,NASDAQ,Consumer Discretionary,Other Specialty Stores,260856609.0,17.82,139578
LPCN,Lipocine Inc. Common Stock,NASDAQ,Health Care,Biotechnology: Pharmaceutical Preparations,17560259.0,2.13,33859
LPLA,LPL Financial Holdings Inc. Common Stock,NASDAQ,Finance,Investment Bankers/Brokers/Service,28554316623.0,362.63,688742
LPSN,LivePerson Inc. Common Stock,NASDAQ,Technology,Computer Software: Prepackaged Software,31901191.0,2.62,907214
LPTH,LightPath Technologies Inc. Class A Common Stock,NASDAQ,Technology,Semiconductors,820029655.0,13.06,2317997
LQDA,Liquidia Corporation Common Stock,NASDAQ,Health Care,Biotechnology: Pharmaceutical Preparations,8023093092.0,90.22,562174
LQDT,Liquidity Services Inc. Common Stock,NASDAQ,Consumer Discretionary,Business Services,1311482576.0,42.06,314995
LRCX,Lam Research Corporation Common Stock,NASDAQ,Technology,Industrial Machinery/Components,389365280850.0,311.35,6709756
LRE,Lead Real Estate Co. Ltd American Depositary Shares,NASDAQ,Consumer Discretionary,Homebuilding,18143727.0,1.33,9764
LRHC,La Rosa Holdings Corp. Common Stock,NASDAQ,Finance,Real Estate,1766947.0,0.8381,45828
LRMR,Larimar Therapeutics Inc. Common Stock,NASDAQ,Health Care,Biotechnology: Pharmaceutical Preparations,432153018.0,4.16,631099
LSAK,Lesaka Technologies Inc. Common Stock,NASDAQ,Finance,Investment Bankers/Brokers/Service,419546323.0,4.89,239071
LSBK,Lake Shore Bancorp Inc. Common Stock,NASDAQ,Finance,Savings Institutions,134060570.0,17.05,5708
LSCC,Lattice Semiconductor Corporation Common Stock,NASDAQ,Technology,Semiconductors,18468196268.0,130.03,1441538
LSE,Leishen Energy Holding Co. Ltd. Class A Ordinary Shares,NASDAQ,Consumer Discretionary,Oil and Gas Field Machinery,75080250.0,4.41,3639
LSTA,Lisata Therapeutics Inc. Common Stock,NASDAQ,Health Care,Biotechnology: Pharmaceutical Preparations,9652774.0,1.06,23494
LSTR,Landstar System Inc. Common Stock,NASDAQ,Industrials,Trucking Freight/Courier Services,6210117906.0,182.99,447744
LTBR,Lightbridge Corporation Common Stock,NASDAQ,Basic Materials,Major Chemicals,332842668.0,9.47,1067501
LTRN,Lantern Pharma Inc. Common Stock,NASDAQ,Health Care,Biotechnology: Pharmaceutical Preparations,36490374.0,2.86,61224
LTRX,Lantronix Inc. Common Stock,NASDAQ,Telecommunications,Computer Communications Equipment,237707072.0,5.97,337175
LUCD,Lucid Diagnostics Inc. Common Stock,NASDAQ,Health Care,Medical/Dental Instruments,196385886.0,0.9671,459291
LUCY,Innovative Eyewear Inc. Common Stock,NASDAQ,Health Care,Ophthalmic Goods,6197376.0,0.7201,83374
LULU,lululemon athletica inc. Common Stock,NASDAQ,Consumer Discretionary,Apparel,13942952511.0,128.58,2787397
LUNG,Pulmonx Corporation Common Stock,NASDAQ,Health Care,Medical/Dental Instruments,87614469.0,2.04,447087
LUNR,Intuitive Machines Inc. Class A Common Stock,NASDAQ,Industrials,Industrial Machinery/Components,3574898207.0,16.4,11976679
LVLU,Lulu's Fashion Lounge Holdings Inc. Common Stock,NASDAQ,Consumer Discretionary,Catalog/Specialty Distribution,52304035.0,18.26,48179
LVO,LiveOne Inc. Common Stock,NASDAQ,Consumer Discretionary,Restaurants,58151448.0,4.22,8460
LWAY,Lifeway Foods Inc. Common Stock,NASDAQ,Consumer Staples,Packaged Foods,481379472.0,31.5,65518
LWLG,Lightwave Logic Inc. Common Stock,NASDAQ,Industrials,Containers/Packaging,1249952469.0,8.11,2926944
LX,LexinFintech Holdings Ltd. American Depositary Shares,NASDAQ,Finance,Finance: Consumer Services,240590880.0,1.46,1865389
LXEH,Lixiang Education Holding Co. Ltd. American Depositary Shares,NASDAQ,Real Estate,Other Consumer Services,3277501.0,1.71,1670209
LXEO,Lexeo Therapeutics Inc. Common Stock,NASDAQ,Health Care,Biotechnology: Biological Products (No Diagnostic Substances),377689060.0,4.81,1080256
LXRX,Lexicon Pharmaceuticals Inc. Common Stock,NASDAQ,Health Care,Biotechnology: Pharmaceutical Preparations,1097165083.0,2.47,3085765
LYEL,Lyell Immunopharma Inc. Common Stock,NASDAQ,Health Care,Biotechnology: Pharmaceutical Preparations,360459106.0,14.71,110983
LYFT,Lyft Inc. Class A Common Stock,NASDAQ,Consumer Discretionary,Business Services,6629257009.0,17.46,23954212
LYTS,LSI Industries Inc. Common Stock,NASDAQ,Consumer Discretionary,Building Products,924051209.0,25.17,138198
LZ,LegalZoom.com Inc. Common Stock,NASDAQ,Technology,EDP Services,988197965.0,5.77,6628027
LZMH,LZ Technology Holdings Limited Class B Ordinary Shares,NASDAQ,Technology,EDP Services,10774200.0,1.2,6765446
MAAS,Maase Inc. Class A Ordinary Shares,NASDAQ,Finance,Investment Managers,8290792088.0,18.75,41875
MAKO,Mako Mining Corp Common Stock,NASDAQ,Basic Materials,Precious Metals,835366732.0,9.54,468059
MAMA,Mama's Creations Inc. Common Stock,NASDAQ,Consumer Staples,Specialty Foods,733266474.0,17.91,463213
MAMO,Massimo Group Common Stock,NASDAQ,Consumer Discretionary,Industrial Specialties,44139407.0,1.06,20480
MANH,Manhattan Associates Inc. Common Stock,NASDAQ,Technology,Computer Software: Prepackaged Software,11382879684.0,195.23,594301
MAR,Marriott International Class A Common Stock,NASDAQ,Consumer Discretionary,Hotels/Resorts,92287796986.0,353.91,2278652
MARA,MARA Holdings Inc. Common Stock,NASDAQ,Finance,Finance: Consumer Services,3847019375.0,10.09,56466319
MARPS,Marine Petroleum Trust Units of Beneficial Interest,NASDAQ,Energy,Oil & Gas Production,9620000.0,4.81,8004
MASK,3 E Network Technology Group Ltd Class A Ordinary Shares,NASDAQ,Technology,EDP Services,5711029.0,1.63,219383
MASS,908 Devices Inc. Common Stock,NASDAQ,Industrials,Industrial Machinery/Components,335784954.0,8.88,322947
MAT,Mattel Inc. Common Stock,NASDAQ,Consumer Discretionary,Recreational Games/Products/Toys,4297974000.0,14.79,3424257
MATH,Metalpha Technology Holding Limited Ordinary Shares,NASDAQ,Finance,Finance: Consumer Services,42076831.0,0.8931,12049
MATW,Matthews International Corporation Class A Common Stock,NASDAQ,Telecommunications,Metal Fabrications,739497781.0,23.7,2208200
MAYS,J. W. Mays Inc. Common Stock,NASDAQ,Real Estate,Building operators,78192106.0,38.79,61
MAZE,Maze Therapeutics Inc. Common Stock,NASDAQ,Health Care,Biotechnology: Biological Products (No Diagnostic Substances),1585641728.0,28.65,480743
MB,MasterBeef Group Ordinary Shares,NASDAQ,Consumer Discretionary,Restaurants,153022600.0,8.92,31888233
MBAI,Check-Cap Ltd. Ordinary Share,NASDAQ,Health Care,Medical Electronics,9898908.0,1.41,70855
MBBC,Marathon Bancorp Inc. Common Stock,NASDAQ,Finance,Banks,44556265.0,15.1,283
MBIN,Merchants Bancorp Common Stock,NASDAQ,Finance,Major Banks,2491995884.0,54.25,140994
MBINL,Merchants Bancorp Depositary Shares Each Representing a 1/40thInterest in a Share of 7.25% Fixed Rate Series E Non-CumulativePerpetual Preferred Stock without par value,NASDAQ,Finance,Major Banks,1146088430.0,24.95,6427
MBINM,Merchants Bancorp Depositary Shares Each Representing a 1/40th Interest in a Share of 8.25% Fixed-Rate Reset Series D Non-Cumulative Perpetual Preferred Stock,NASDAQ,Finance,Major Banks,1172501289.0,25.525,5100
MBINN,Merchants Bancorp Depositary Shares Preferred Series C,NASDAQ,Finance,Major Banks,921004930.0,20.05,4245
MBIO,Mustang Bio Inc. Common Stock,NASDAQ,Health Care,Biotechnology: Pharmaceutical Preparations,4551808.0,0.6007,73464
MBLY,Mobileye Global Inc. Class A Common Stock,NASDAQ,Technology,Computer Software: Prepackaged Software,7422137731.0,8.73,3672251
MBNKO,Medallion Bank Fixed-Rate Reset Non-Cumulative Perpetual Preferred Stock Series G par value $1.00 per share,NASDAQ,Finance,Commercial Banks,25830000.0,25.83,491
MBOT,Microbot Medical Inc. Common Stock,NASDAQ,Health Care,Medical/Dental Instruments,126941474.0,1.89,631576
MBRX,Moleculin Biotech Inc. Common Stock,NASDAQ,Health Care,Biotechnology: Pharmaceutical Preparations,7975987.0,0.4095,993672
MBUU,Malibu Boats Inc. Class A Common Stock,NASDAQ,Industrials,Marine Transportation,567118091.0,28.88,173402
MBWM,Mercantile Bank Corporation Common Stock,NASDAQ,Finance,Major Banks,1049255890.0,60.7,177487
MBX,MBX Biosciences Inc. Common Stock,NASDAQ,Health Care,Biotechnology: Pharmaceutical Preparations,3228064892.0,67.82,545552
MCBS,MetroCity Bankshares Inc. Common Stock,NASDAQ,Finance,Major Banks,1024309901.0,35.74,63624
MCFT,MasterCraft Boat Holdings Inc. Common Stock,NASDAQ,Industrials,Marine Transportation,396578120.0,24.36,398371
MCGA,Yorkville Acquisition Corp. Class A Ordinary Share,NASDAQ,Utilities,Electric Utilities: Central,0.0,10.23,165521
MCHB,Mechanics Bancorp Class A Common Stock,NASDAQ,Finance,Major Banks,3684113971.0,16.64,416850
MCHP,Microchip Technology Incorporated Common Stock,NASDAQ,Technology,Semiconductors,45987378855.0,84.69,19079401
MCHPP,Microchip Technology Incorporated Depositary Shares Each Representing a 1/20th Interest in a Share of 7.50% Series A Mandatory Convertible Preferred Stock,NASDAQ,Technology,Semiconductors,39210634398.0,72.21,74888
MCHX,Marchex Inc. Class B Common Stock,NASDAQ,Technology,Computer Software: Prepackaged Software,79745038.0,1.8,3840
MCRB,Seres Therapeutics Inc. Common Stock,NASDAQ,Health Care,Biotechnology: Pharmaceutical Preparations,48413941.0,4.87,62317
MCRI,Monarch Casino & Resort Inc. Common Stock,NASDAQ,Consumer Discretionary,Hotels/Resorts,2229382387.0,124.39,89737
MDAI,Spectral AI Inc. Class A Common Stock,NASDAQ,Health Care,Medical/Dental Instruments,55691974.0,1.75,254007
MDB,MongoDB Inc. Class A Common Stock,NASDAQ,Technology,Computer Software: Prepackaged Software,32076252488.0,398.8,1709159
MDBH,MDB Capital Holdings LLC Class A common,NASDAQ,Finance,Finance: Consumer Services,15881349.0,2.9201,1443
MDCX,Medicus Pharma Ltd. Common Stock  ,NASDAQ,Health Care,Biotechnology: Pharmaceutical Preparations,16527274.0,0.2996,1226644
MDGL,Madrigal Pharmaceuticals Inc. Common Stock,NASDAQ,Health Care,Biotechnology: Pharmaceutical Preparations,11784028425.0,510.04,347594
MDIA,Mediaco Holding Inc. Class A Common Stock ,NASDAQ,Consumer Discretionary,Broadcasting,77985752.0,0.9473,58656
MDLN,Medline Inc. Class A Common Stock,NASDAQ,Health Care,Medical/Dental Instruments,46317144943.0,35.23,8337534
MDLZ,Mondelez International Inc. Class A Common Stock,NASDAQ,Consumer Staples,Packaged Foods,79909647449.0,62.61,5293615
MDRR,Medalist Diversified Inc. Common Stock,NASDAQ,Real Estate,Real Estate Investment Trusts,19818845.0,12.17,33
MDWD,MediWound Ltd. Ordinary Shares,NASDAQ,Health Care, Medicinal Chemicals and Botanical Products ,184849105.0,14.39,58614
MDXG,MiMedx Group Inc Common Stock,NASDAQ,Health Care,Medical/Dental Instruments,632600431.0,4.34,1361869
MDXH,MDxHealth SA Ordinary Shares,NASDAQ,Health Care,Medical Specialities,23679044.0,0.461,509258
MEDP,Medpace Holdings Inc. Common Stock,NASDAQ,Health Care,Biotechnology: Commercial Physical & Biological Resarch,16486577259.0,590.67,136580
MEDS,DataMeds AI Inc. Common Stock,NASDAQ,Health Care,Other Pharmaceuticals,5665924.0,1.99,195136
MEGL,Magic Empire Global Limited Class A Ordinary Shares,NASDAQ,Finance,Finance: Consumer Services,6076860.0,1.2,4835
MELI,MercadoLibre Inc. Common Stock,NASDAQ,Consumer Discretionary,Business Services,92303852296.0,1820.69,491820
MENS,Jyong Biotech Ltd. Ordinary Shares,NASDAQ,Health Care,Biotechnology: Pharmaceutical Preparations,154336164.0,2.03,38875
MEOH,Methanex Corporation Common Stock,NASDAQ,Industrials,Major Chemicals,4121194290.0,53.27,552300
MERC,Mercer International Inc. Common Stock,NASDAQ,Basic Materials,Paper,39774212.0,0.5938,890983
MESO,Mesoblast Limited American Depositary Shares,NASDAQ,Health Care,Biotechnology: Biological Products (No Diagnostic Substances),2057538691.0,15.94,80943
META,Meta Platforms Inc. Class A Common Stock,NASDAQ,Technology,Computer Software: Programming Data Processing,1508378435823.0,592.1,11226966
METC,Ramaco Resources Inc. Class A Common Stock,NASDAQ,Energy,Coal Mining,649095567.0,10.24,2551613
METCB,Ramaco Resources Inc. Class B Common Stock,NASDAQ,Energy,Coal Mining,408220259.0,6.44,148343
METCI,Ramaco Resources Inc. 8.250% Senior Notes due 2030,NASDAQ,Energy,Coal Mining,0.0,25.23,1059
METCZ,Ramaco Resources Inc. 8.375% Senior Notes due 2029,NASDAQ,Energy,Coal Mining,0.0,25.34,6364
MF,MindForge Inc. Class A Ordinary Shares,NASDAQ,Technology,Computer Software: Programming Data Processing,17818884.0,9.81,139093
MFI,mF International Limited Class A Ordinary Shares,NASDAQ,Technology,EDP Services,401913645.0,8.01,4040
MFIC,MidCap Financial Investment Corporation Common Stock,NASDAQ,Finance,Finance/Investors Services,803956849.0,9.76,2009990
MFICL,MidCap Financial Investment Corporation 8.00% Notes due 2028,NASDAQ,Finance,Finance/Investors Services,2372711107.0,25.43,2195
MFIN,Medallion Financial Corp. Common Stock,NASDAQ,Finance,Finance: Consumer Services,250266714.0,10.9,56912
MFP,Midera Food Processing Inc. Common Stock,NASDAQ,Industrials,Industrial Machinery/Components,2076043200.0,45.92,637966
MGEE,MGE Energy Inc,NASDAQ,Energy,Electric Utilities: Central,3080908338.0,81.54,199516
MGIH,Millennium Group International Holdings Limited Ordinary Shares,NASDAQ,Consumer Discretionary,Publishing,17156250.0,1.525,634280
MGN,Megan Holdings Limited Class A Ordinary Shares,NASDAQ,Consumer Staples,Farming/Seeds/Milling,1690000.0,0.104,2296180
MGNI,Magnite Inc. Common Stock,NASDAQ,Technology,Computer Software: Programming Data Processing,3545445161.0,24.72,4030955
MGNX,MacroGenics Inc. Common Stock,NASDAQ,Health Care,Biotechnology: Pharmaceutical Preparations,256795017.0,4.04,296666
MGPI,MGP Ingredients Inc.,NASDAQ,Consumer Staples,Beverages (Production/Distribution),375388752.0,17.53,133758
MGRC,McGrath RentCorp Common Stock,NASDAQ,Consumer Discretionary,Diversified Commercial Services,2924973144.0,119.75,100891
MGRT,Mega Fortune Company Limited Ordinary Shares,NASDAQ,Technology,EDP Services,1304187500.0,94.85,16905
MGRX,Mangoceuticals Inc. Common Stock,NASDAQ,Health Care,Misc Health and Biotechnology Services,9629128.0,0.4921,3904833
MGTX,MeiraGTx Holdings plc Ordinary Shares,NASDAQ,Health Care,Biotechnology: Biological Products (No Diagnostic Substances),1210406374.0,13.07,392291
MGX,Metagenomi Therapeutics Inc. Common Stock,NASDAQ,Health Care,Biotechnology: Biological Products (No Diagnostic Substances),46305635.0,1.23,142979
MGYR,Magyar Bancorp Inc. Common Stock,NASDAQ,Finance,Savings Institutions,123114987.0,19.05,3275
MIDD,Middleby Corporation (The) Common Stock,NASDAQ,Industrials,Industrial Machinery/Components,6081349712.0,134.5,467110
MIMI,Mint Incorporation Limited Class A Ordinary Shares,NASDAQ,Consumer Discretionary,Business Services,14409552.0,2.04,157961
MIND,MIND Technology Inc. Common Stock (DE),NASDAQ,Industrials,Industrial Machinery/Components,46172399.0,5.08,56172
MIRA,MIRA Pharmaceuticals Inc. Common Stock,NASDAQ,Health Care,Biotechnology: Pharmaceutical Preparations,31096344.0,0.74,156268
MIRM,Mirum Pharmaceuticals Inc. Common Stock,NASDAQ,Health Care,Biotechnology: Pharmaceutical Preparations,6535426232.0,100.65,850795
MIST,Milestone Pharmaceuticals Inc. Common Shares,NASDAQ,Health Care,Biotechnology: Pharmaceutical Preparations,151887536.0,1.22,987237
MITK,Mitek Systems Inc. Common Stock,NASDAQ,Technology,Computer peripheral equipment,834987155.0,18.49,2077580
MKDW,MKDWELL Tech Inc. Ordinary Share,NASDAQ,Technology,Consumer Electronics/Appliances,49541616.0,11.8,2531
MKSI,MKS Inc. Common Stock,NASDAQ,Industrials,Industrial Machinery/Components,20600283904.0,304.99,1269504
MKTW,MarketWise Inc. Class A Common Stock,NASDAQ,Technology,Computer Software: Prepackaged Software,316417469.0,20.25,38018
MKTX,MarketAxess Holdings Inc. Common Stock,NASDAQ,Finance,Investment Bankers/Brokers/Service,5776227296.0,162.53,805804
MKZR,MacKenzie Realty Capital Inc. Common Stock,NASDAQ,Real Estate,Real Estate Investment Trusts,3217620.0,1.6363,30659
MLAB,Mesa Laboratories Inc. Common Stock,NASDAQ,Industrials,Industrial Machinery/Components,574406817.0,102.65,103049
MLCI,Mount Logan Capital Inc. Common Stock,NASDAQ,Finance,Investment Managers,33901967.0,3.03,3349
MLCIL,Mount Logan Capital Inc. 8.00% Notes Due 2031,NASDAQ,Finance,Investment Managers,0.0,22.52,10
MLCO,Melco Resorts & Entertainment Limited American Depositary Shares,NASDAQ,Consumer Discretionary,Hotels/Resorts,2245491868.0,5.52,2184369
MLGO,MicroAlgo Inc. Class A Ordinary Shares,NASDAQ,Technology,EDP Services,51864212.0,4.17,46840
MLKN,MillerKnoll Inc. Common Stock,NASDAQ,Consumer Discretionary,Office Equipment/Supplies/Services,1668338099.0,24.49,497759
MLTX,MoonLake Immunotherapeutics Class A Ordinary Shares,NASDAQ,Health Care,Biotechnology: Pharmaceutical Preparations,1344217131.0,18.26,902078
MLYS,Mineralys Therapeutics Inc. Common Stock,NASDAQ,Health Care,Biotechnology: Pharmaceutical Preparations,2256323062.0,27.35,386178
MMED,MiniMed Group Inc. Common Stock,NASDAQ,Health Care,Medical/Dental Instruments,5504519762.0,19.6,1629910
MMLP,Martin Midstream Partners L.P. Limited Partnership,NASDAQ,Energy,Oil Refining/Marketing,95855481.0,2.45,48496
MMSI,Merit Medical Systems Inc. Common Stock,NASDAQ,Health Care,Medical/Dental Instruments,5316615797.0,89.04,1097028
MMYT,MakeMyTrip Limited Ordinary Shares,NASDAQ,Consumer Discretionary,Transportation Services,5644460307.0,60.01,489296
MNDO,MIND C.T.I. Ltd. Ordinary Shares,NASDAQ,Technology,EDP Services,20588869.0,1.02,32730
MNDR,Mobile-health Network Solutions Class A Ordinary Shares,NASDAQ,Technology,Computer Software: Prepackaged Software,2114330.0,1.77,768221
MNDY,monday.com Ltd. Ordinary Shares,NASDAQ,Technology,Computer Software: Prepackaged Software,4327096489.0,93.13,2471071
MNKD,MannKind Corporation Common Stock,NASDAQ,Health Care,Biotechnology: Pharmaceutical Preparations,1321532018.0,4.11,5040690
MNOV,Medicinova Inc Common Stock,NASDAQ,Health Care,Biotechnology: Pharmaceutical Preparations,65956470.0,1.34,11388
MNPR,Monopar Therapeutics Inc. Common Stock,NASDAQ,Health Care,Biotechnology: Pharmaceutical Preparations,798595181.0,119.21,223323
MNRO,Monro Inc. Common Stock,NASDAQ,Consumer Discretionary,Automotive Aftermarket,397991484.0,12.73,600466
MNSB,MainStreet Bancshares Inc. Common Stock,NASDAQ,Finance,Major Banks,171530256.0,24.1,29050
MNSBP,MainStreet Bancshares Inc. Depositary Shares,NASDAQ,Finance,Major Banks,179715310.0,25.25,143
MNST,Monster Beverage Corporation,NASDAQ,Consumer Staples,Beverages (Production/Distribution),88372812820.0,90.36,8504322
MNTK,Montauk Renewables Inc. Common Stock,NASDAQ,Utilities,Natural Gas Distribution,254790639.0,1.79,146500
MNTS,Momentus Inc. Class A Common Stock,NASDAQ,Industrials,Military/Government/Technical,92672210.0,4.92,1708278
MNY,MoneyHero Limited Class A Ordinary Shares,NASDAQ,Consumer Discretionary,Business Services,40878561.0,0.92,2304
MOB,Mobilicom Limited Ordinary Shares,NASDAQ,Industrials,Aerospace,74663223.0,5.91,100056
MOBI,Mobia Medical Inc. Common Stock,NASDAQ,Health Care,Medical/Dental Instruments,406967833.0,12.24,69415
MOBX,Mobix Labs Inc. Class A Common Stock,NASDAQ,Technology,Semiconductors,25989739.0,1.71,273242
MODD,Modular Medical Inc. Common Stock,NASDAQ,Health Care,Medical/Dental Instruments,13165332.0,2.2,137112
MOLN,Molecular Partners AG American Depositary Shares,NASDAQ,Health Care,Biotechnology: Biological Products (No Diagnostic Substances),163474571.0,4.0501,145
MOMO,Hello Group Inc. American Depositary Shares,NASDAQ,Technology,Computer Software: Prepackaged Software,865799770.0,5.86,355363
MORN,Morningstar Inc. Common Stock,NASDAQ,Finance,Investment Managers,7527473157.0,200.66,184728
MOVE,Corvex Inc. Common Stock,NASDAQ,Technology,EDP Services,358159255.0,12.96,93828
MPAA,Motorcar Parts  of America Inc. Common Stock,NASDAQ,Consumer Discretionary,Auto Parts:O.E.M.,258059611.0,13.63,100746
MPB,Mid Penn Bancorp Common Stock,NASDAQ,Finance,Major Banks,952969819.0,37.6,152728
MPLT,MapLight Therapeutics Inc. Common Stock,NASDAQ,Health Care,Biotechnology: Pharmaceutical Preparations,551856877.0,12.17,432523
MPWR,Monolithic Power Systems Inc. Common Stock,NASDAQ,Technology,Semiconductors,68875880220.0,1401.54,605759
MQ,Marqeta Inc. Class A Common Stock,NASDAQ,Technology,Computer Software: Prepackaged Software,1661417391.0,15.96,1309825
MRAM,Everspin Technologies Inc. Common Stock,NASDAQ,Technology,Semiconductors,405184150.0,16.64,1595834
MRBK,Meridian Corporation Common Stock,NASDAQ,Finance,Major Banks,234238477.0,19.7,45725
MRCY,Mercury Systems Inc Common Stock,NASDAQ,Technology,Electrical Products,6523102265.0,108.64,413133
MRDN,Meridian Holdings Inc. Common Stock,NASDAQ,Technology,Computer Software: Prepackaged Software,182693887.0,14.42,60553
MREO,Mereo BioPharma Group plc American Depositary Shares,NASDAQ,Health Care,Biotechnology: Pharmaceutical Preparations,45969643.0,0.2963,393454
MRKR,Marker Therapeutics Inc. Common Stock,NASDAQ,Health Care,Biotechnology: Pharmaceutical Preparations,18673902.0,1.12,40094
MRLN,Merlin Inc. Common Stock,NASDAQ,Technology,EDP Services,428566791.0,4.44,1165671
MRM,MEDIROM Healthcare Technologies Inc. American Depositary Share,NASDAQ,Consumer Discretionary,Other Consumer Services,7585872.0,0.96,75353
MRNA,Moderna Inc. Common Stock,NASDAQ,Health Care,Biotechnology: Biological Products (No Diagnostic Substances),23622787552.0,59.17,6811490
MRNO,Murano Global Investments PLC Ordinary Shares,NASDAQ,Consumer Discretionary,Hotels/Resorts,16799489.0,0.212,59235
MRTN,Marten Transport Ltd. Common Stock,NASDAQ,Industrials,Trucking Freight/Courier Services,1219757568.0,14.95,639813
MRVI,Maravai LifeSciences Holdings Inc. Class A Common Stock,NASDAQ,Health Care,Biotechnology: Pharmaceutical Preparations,1608525220.0,6.23,4077185
MRVL,Marvell Technology Inc. Common Stock,NASDAQ,Technology,Semiconductors,191547632039.0,218.72,19619567
MRX,Marex Group Limited Ordinary Shares,NASDAQ,Finance,Investment Bankers/Brokers/Service,4508017818.0,60.81,661208
MSAI,MultiSensor AI Holdings Inc. Common Stock,NASDAQ,Technology,Electronic Components,10743389.0,5.32,44055
MSBI,Midland States Bancorp Inc. Common Stock,NASDAQ,Finance,Major Banks,694988231.0,33.49,223130
MSBIP,Midland States Bancorp Inc. Depositary Shares Each Representing a 1/40th Interest in a Share of 7.750% Fixed-Rate Reset Non-Cumulative Perpetual Preferred Stock Series A,NASDAQ,Finance,Major Banks,525856443.0,25.3399,2346
MSEX,Middlesex Water Company Common Stock,NASDAQ,Utilities,Water Supply,1097094536.0,58.22,187657
MSFT,Microsoft Corporation Common Stock,NASDAQ,Technology,Computer Software: Prepackaged Software,3712698490045.0,499.99,28818072
MSGM,Motorsport Games Inc. Class A Common Stock,NASDAQ,Technology,Computer Software: Prepackaged Software,17113626.0,4.1,29800
MSGY,Masonglory Limited Ordinary Shares,NASDAQ,Consumer Discretionary,Engineering & Construction,3775800.0,0.2697,476407
MSLE,Satellos Bioscience Inc. Common Stock,NASDAQ,Health Care,Biotechnology: Pharmaceutical Preparations,208936836.0,10.03,18165
MSS,Maison Solutions Inc. Class A Common Stock,NASDAQ,Consumer Staples,Food Chains,1086281.0,1.27,327984
MSTR,Strategy Inc Common Stock Class A,NASDAQ,Technology,Computer Software: Prepackaged Software,38426417358.0,100.01,28949223
MTC,MMTec Inc. Common Shares,NASDAQ,Technology,Computer Software: Prepackaged Software,298763433.0,3.0,18023
MTCH,Match Group Inc. Common Stock,NASDAQ,Technology,Computer Software: Programming Data Processing,8553069701.0,37.26,3267485
MTEK,Maris-Tech Ltd. Ordinary Shares,NASDAQ,Telecommunications,Telecommunications Equipment,11395886.0,1.175,51248
MTEN,Mingteng International Corporation Inc. Class A Ordinary Shares,NASDAQ,Industrials,Building Products,6740296.0,0.8811,448605
MTEX,Mannatech Incorporated Common Stock,NASDAQ,Health Care, Medicinal Chemicals and Botanical Products ,9244470.0,4.7907,530
MTLS,Materialise NV American Depositary Shares,NASDAQ,Technology,Computer Software: Prepackaged Software,404610224.0,6.85,58662
MTRX,Matrix Service Company Common Stock,NASDAQ,Consumer Discretionary,Engineering & Construction,335074154.0,11.91,107827
MTSI,MACOM Technology Solutions Holdings Inc. Common Stock,NASDAQ,Technology,Semiconductors,23714252475.0,310.82,1977067
MTVA,MetaVia Inc. Common Stock,NASDAQ,Health Care,Biotechnology: Pharmaceutical Preparations,7694911.0,1.49,107041
MU,Micron Technology Inc. Common Stock,NASDAQ,Technology,Semiconductors,991121547523.0,877.57,34442753
MVBF,MVB Financial Corp. Common Stock,NASDAQ,Finance,Major Banks,388636185.0,29.97,46898
MVIS,MicroVision Inc. Common Stock,NASDAQ,Technology,Industrial Machinery/Components,79039831.0,3.385,771829
MVST,Microvast Holdings Inc. Common Stock,NASDAQ,Miscellaneous,Industrial Machinery/Components,301840590.0,0.906,9181897
MWC,Micware Co. Ltd. American Depositary Shares,NASDAQ,Technology,EDP Services,83781374.0,1.41,311962
MWH,SOLV Energy Inc. Class A Common Stock,NASDAQ,Industrials,Military/Government/Technical,5875542323.0,29.03,1261961
MWYN,Marwynn Holdings Inc. Common stock,NASDAQ,Consumer Discretionary,Food Distributors,14245415.0,0.7054,9503
MXCT,MaxCyte Inc. Common Stock,NASDAQ,Health Care,Biotechnology: Commercial Physical & Biological Resarch,126403573.0,1.18,464229
MXL,MaxLinear Inc. Common Stock,NASDAQ,Technology,Semiconductors,6800175461.0,74.98,2012394
MYFW,First Western Financial Inc. Common Stock,NASDAQ,Finance,Major Banks,306039143.0,31.34,24202
MYGN,Myriad Genetics Inc. Common Stock,NASDAQ,Health Care,Biotechnology: In Vitro & In Vivo Diagnostic Substances,311817843.0,3.26,1440815
MYPS,PLAYSTUDIOS Inc.  Class A Common Stock,NASDAQ,Technology,Computer Software: Prepackaged Software,90144035.0,0.7003,201841
MYRG,MYR Group Inc. Common Stock,NASDAQ,Industrials,Water Sewer Pipeline Comm & Power Line Construction,5253376335.0,337.42,194935
MYSE,Myseum.AI Inc. Common Stock,NASDAQ,Telecommunications,Telecommunications Equipment,13146968.0,2.53,90763
MYSZ,My Size Inc. Common Stock,NASDAQ,Technology,Computer Software: Prepackaged Software,1984083.0,0.39,26252
MZTI,The Marzetti Company Common Stock,NASDAQ,Consumer Staples,Packaged Foods,3111848560.0,113.48,223035
NA,Nano Labs Ltd Class A Ordinary Shares,NASDAQ,Technology,Semiconductors,43178207.0,1.86,3622
NAAS,NaaS Technology Inc. American Depositary Shares,NASDAQ,Consumer Discretionary,Other Specialty Stores,59096829.0,3.465,17236
NAGE,Niagen Bioscience Inc. Common Stock,NASDAQ,Health Care, Medicinal Chemicals and Botanical Products ,246873126.0,3.12,889878
NAII,Natural Alternatives International Inc. Common Stock,NASDAQ,Health Care, Medicinal Chemicals and Botanical Products ,14871665.0,2.3699,4359
NAKA,Nakamoto Inc. Common Stock,NASDAQ,Health Care,Medical/Nursing Services,86662657.0,4.98,133874
NAMI,Jinxin Technology Holding Company American Depositary Shares,NASDAQ,Real Estate,Other Consumer Services,13948195.0,4.41,49795655
NAMM,Namib Minerals Ordinary Shares,NASDAQ,Basic Materials,Precious Metals,75400748.0,1.35,773224
NAMS,NewAmsterdam Pharma Company N.V. Ordinary Shares,NASDAQ,Health Care,Biotechnology: Pharmaceutical Preparations,3342259245.0,27.96,572009
NATH,Nathan's Famous Inc. Common Stock,NASDAQ,Consumer Discretionary,Restaurants,401292634.0,98.01,13815
NATR,Nature's Sunshine Products Inc. Common Stock,NASDAQ,Health Care,Biotechnology: Pharmaceutical Preparations,288040187.0,16.38,768050
NAUT,Nautilus Biotechnology Inc. Common Stock,NASDAQ,Industrials,Biotechnology: Laboratory Analytical Instruments,114542426.0,0.9001,915248
NAVI,Navient Corporation Common Stock,NASDAQ,Finance,Investment Bankers/Brokers/Service,853338255.0,9.08,3910197
NAVN,Navan Inc. Class A Common Stock,NASDAQ,Technology,Computer Software: Prepackaged Software,7395953099.0,29.08,2514658
NB,NioCorp Developments Ltd. Common Stock,NASDAQ,Basic Materials,Metal Mining,780346577.0,5.36,4625087
NBBK,NB Bancorp Inc. Common Stock,NASDAQ,Finance,Banks,1009465161.0,22.58,220335
NBIS,Nebius Group N.V. Class A Ordinary Shares,NASDAQ,Technology,Computer Software: Programming Data Processing,47725243526.0,187.97,22706107
NBIX,Neurocrine Biosciences Inc. Common Stock,NASDAQ,Health Care,Biotechnology: Biological Products (No Diagnostic Substances),16610492667.0,163.41,971135
NBN,Northeast Bank Common Stock,NASDAQ,Finance,Major Banks,1084867200.0,133.44,97887
NBP,NovaBridge Biosciences American Depositary Shares,NASDAQ,Health Care,Biotechnology: Pharmaceutical Preparations,201917961.0,1.75,178173
NBTB,NBT Bancorp Inc. Common Stock,NASDAQ,Finance,Major Banks,2738858817.0,52.66,259420
NBTX,Nanobiotix S.A. American Depositary Shares,NASDAQ,Health Care,Biotechnology: Pharmaceutical Preparations,1850232799.0,38.22,107405
NCEL,NewcelX Ltd. Ordinary Shares,NASDAQ,Health Care,Biotechnology: Pharmaceutical Preparations,17820613.0,3.31,4459
NCEW,New Century Logistics (BVI) Limited Ordinary Shares,NASDAQ,Industrials,Integrated Freight & Logistics,51584000.0,16.12,807
NCI,Neo-Concept International Group Holdings Limited Class A Ordinary Shares,NASDAQ,Consumer Discretionary,Apparel,27662099.0,11.7,234942
NCMI,National CineMedia Inc. Common Stock,NASDAQ,Consumer Discretionary,Advertising,377934565.0,4.03,186695
NCNA,NuCana plc American Depositary Share,NASDAQ,Health Care,Biotechnology: Pharmaceutical Preparations,6118097.0,1.47,206032
NCNO,nCino Inc. Common Stock,NASDAQ,Technology,Computer Software: Prepackaged Software,2100130052.0,19.17,1120966
NCPL,Netcapital Inc. Common Stock,NASDAQ,Finance,Finance: Consumer Services,3227841.0,0.4113,35948
NCRA,Nocera Inc. Common Stock,NASDAQ,Consumer Staples,Farming/Seeds/Milling,4208895.0,1.97,138804
NCSM,NCS Multistage Holdings Inc. Common Stock,NASDAQ,Energy,Oilfield Services/Equipment,125320973.0,47.75,5307
NCT,Intercont (Cayman) Limited Class A Ordinary shares,NASDAQ,Consumer Discretionary,Restaurants,33755183.0,3.5,2190357
NCTY,The9 Limited American Depository Shares,NASDAQ,Finance,Finance: Consumer Services,71936617.0,4.71,285986
NDAQ,Nasdaq Inc. Common Stock,NASDAQ,Finance,Investment Bankers/Brokers/Service,52873669617.0,94.59,2139358
NDLS,Noodles & Company Class A Common Stock,NASDAQ,Consumer Discretionary,Restaurants,107101547.0,17.95,34593
NDRA,ENDRA Life Sciences Inc. Common Stock,NASDAQ,Health Care,Biotechnology: Electromedical & Electrotherapeutic Apparatus,5707455.0,4.6,3893
NDSN,Nordson Corporation Common Stock,NASDAQ,Industrials,Industrial Machinery/Components,17278692854.0,310.11,243249
NECB,NorthEast Community Bancorp Inc. Common Stock,NASDAQ,Finance,Banks,368595059.0,26.68,55567
NEGG,Newegg Commerce Inc. Common Shares,NASDAQ,Consumer Discretionary,Other Specialty Stores,359065002.0,17.12,130424
NEO,NeoGenomics Inc. Common Stock,NASDAQ,Health Care,Precision Instruments,2128838041.0,16.57,1346314
NEOG,Neogen Corporation Common Stock,NASDAQ,Health Care,Biotechnology: In Vitro & In Vivo Diagnostic Substances,2501102504.0,11.47,1520362
NEON,Neonode Inc. Common Stock,NASDAQ,Technology,Industrial Machinery/Components,16229086.0,0.967,94135
NEOV,NeoVolta Inc. Common Stock,NASDAQ,Miscellaneous,Industrial Machinery/Components,121086538.0,2.835,739038
NEPH,Nephros Inc. Common Stock,NASDAQ,Health Care,Medical/Dental Instruments,45706059.0,4.21,67370
NERV,Minerva Neurosciences Inc Common Stock,NASDAQ,Health Care,Biotechnology: Pharmaceutical Preparations,198933787.0,4.27,171015
NESR,National Energy Services Reunited Corp Ordinary Shares,NASDAQ,Energy,Oilfield Services/Equipment,2926587340.0,29.02,1576401
NEUP,Neuphoria Therapeutics Inc. Common Stock,NASDAQ,Health Care,Biotechnology: Pharmaceutical Preparations,20645385.0,3.82,9558
NEWT,NewtekOne Inc. Common Stock,NASDAQ,Finance,Major Banks,390897260.0,13.53,498316
NEWTG,NewtekOne Inc. 8.50% Fixed Rate Senior Notes due 2029,NASDAQ,Finance,Major Banks,673181365.0,25.575,727
NEWTH,NewtekOne Inc. 8.625% Fixed Rate Senior Notes due 2029,NASDAQ,Finance,Major Banks,0.0,25.2,3642
NEWTI,NewtekOne Inc. 8.00% Fixed Rate Senior Notes due 2028,NASDAQ,Finance,Major Banks,673444583.0,25.585,7
NEWTP,NewtekOne Inc. Depositary Shares Non-Cumulative Perpetual Preferred Stock Series B,NASDAQ,Finance,Major Banks,720978648.0,24.955,1538
NEXM,NexMetals Mining Corp. Common Shares,NASDAQ,Basic Materials,Metal Mining,83416704.0,2.34,31051
NEXN,Nexxen International Ltd. Ordinary Shares,NASDAQ,Technology,Computer Software: Programming Data Processing,714633103.0,10.9,626387
NEXR,Nexera Technologies Ltd Ordinary Shares,NASDAQ,Consumer Discretionary,Other Specialty Stores,1588772.0,2.85,643036
NEXT,NextDecade Corporation Common Stock,NASDAQ,Utilities,Oil & Gas Production,1783442401.0,6.7,1876795
NFE,New Fortress Energy Inc. Class A Common Stock,NASDAQ,Utilities,Oil/Gas Transmission,101114666.0,0.354,1662266
NFLX,Netflix Inc. Common Stock,NASDAQ,Consumer Discretionary,Consumer Electronics/Video Chains,308714487579.0,74.14,24783556
NGEN,NervGen Pharma Corp. Common stock,NASDAQ,Health Care,Biotechnology: Pharmaceutical Preparations,140550263.0,1.71,277425
NGNE,Neurogene Inc. Common Stock ,NASDAQ,Health Care,Biotechnology: Pharmaceutical Preparations,682242402.0,35.69,103231
NHP,National Healthcare Properties Inc. Class A Common Stock,NASDAQ,Real Estate,Real Estate Investment Trusts,1235737648.0,16.95,1069811
NHPAP,National Healthcare Properties Inc. 7.375% Series A Cumulative Redeemable Perpetual Preferred Stock,NASDAQ,Real Estate,Real Estate Investment Trusts,1834286680.0,25.16,68373
NHPBP,National Healthcare Properties Inc. 7.125% Series B Cumulative Redeemable Perpetual Preferred Stock,NASDAQ,Real Estate,Real Estate Investment Trusts,1834286680.0,25.16,135333
NHTC,Natural Health Trends Corp. Common Stock,NASDAQ,Consumer Discretionary,Consumer Specialties,14753899.0,1.72,58775
NICE,NICE Ltd American Depositary Shares,NASDAQ,Technology,Computer Software: Prepackaged Software,6050254623.0,101.85,553056
NICM,Nicola Mining Inc. American Depositary Shares,NASDAQ,Basic Materials,Metal Mining,119353366.0,6.24,13773
NIKI,Niki BioSolutions Inc. Common Stock,NASDAQ,Industrials,Industrial Machinery/Components,26729823.0,8.99,11557
NIPG,NIP Group Inc. American Depositary Shares,NASDAQ,Consumer Discretionary,Services-Misc. Amusement & Recreation,76779490.0,9.01,27843
NIU,Niu Technologies American Depositary Shares,NASDAQ,Industrials,Auto Manufacturing,192952776.0,2.46,210276
NIVF,NewGenIvf Group Limited Class A Ordinary Shares,NASDAQ,Health Care,Misc Health and Biotechnology Services,3711100.0,0.629,231858
NIXX,Nixxy Inc. Common Stock,NASDAQ,Technology,EDP Services,16343361.0,0.5612,387205
NKLR,Terra Innovatum Global N.V. Ordinary shares,NASDAQ,Industrials,Metal Fabrications,635380221.0,5.75,291394
NKSH,National Bankshares Inc. Common Stock,NASDAQ,Finance,Major Banks,268173745.0,42.11,38184
NKTR,Nektar Therapeutics  Common Stock,NASDAQ,Health Care,Biotechnology: Pharmaceutical Preparations,2583955727.0,76.48,899131
NKTX,Nkarta Inc. Common Stock,NASDAQ,Health Care,Biotechnology: Pharmaceutical Preparations,172424313.0,2.41,531241
NMAD,Nomad Power Solutions Inc. Common Stock,NASDAQ,Health Care,Biotechnology: Pharmaceutical Preparations,68294192.0,3.6,393399
NMFC,New Mountain Finance Corporation Common Stock,NASDAQ,Finance,Finance/Investors Services,732006023.0,7.75,668585
NMIH,NMI Holdings Inc. Common Stock,NASDAQ,Finance,Property-Casualty Insurers,3356972690.0,44.63,504368
NMRA,Neumora Therapeutics Inc. Common Stock,NASDAQ,Health Care,Biotechnology: Biological Products (No Diagnostic Substances),302013318.0,1.63,687288
NMRK,Newmark Group Inc. Class A Common Stock,NASDAQ,Finance,Real Estate,2629185489.0,14.81,1324931
NMTC,NeuroOne Medical Technologies Corporation Common Stock,NASDAQ,Health Care,Medical/Dental Instruments,14050398.0,1.63,156627
NN,NextNav Inc. Common Stock,NASDAQ,Industrials,Industrial Machinery/Components,2225286475.0,16.31,2783217
NNBR,NN Inc. Common Stock,NASDAQ,Industrials,Industrial Machinery/Components,311329857.0,3.77,5140323
NNDM,Nano Dimension Ltd. American Depositary Shares,NASDAQ,Technology,Electrical Products,341010003.0,1.63,3390178
NNE,Nano Nuclear Energy Inc. Common Stock,NASDAQ,Utilities,Electric Utilities: Central,1012210052.0,18.85,1839512
NNNN,Anbio Biotechnology Class A Ordinary Shares,NASDAQ,Health Care,Biotechnology: In Vitro & In Vivo Diagnostic Substances,1526685632.0,10.61,50209
NNOX,NANO-X IMAGING LTD Ordinary Shares,NASDAQ,Health Care,Medical Electronics,73765642.0,1.06,669395
NODK,NI Holdings Inc. Common Stock,NASDAQ,Finance,Property-Casualty Insurers,319920046.0,15.62,38979
NOMA,NOMADAR Corp. Class A Common Stock,NASDAQ,Consumer Discretionary,Services-Misc. Amusement & Recreation,45254603.0,3.17,13862
NOVT,Novanta Inc. Common Stock,NASDAQ,Miscellaneous,Industrial Machinery/Components,6291742395.0,166.37,448924
NPCE,Neuropace Inc. Common Stock,NASDAQ,Health Care,Medical/Dental Instruments,505610238.0,14.83,201354
NPT,Texxon Holding Limited Ordinary shares,NASDAQ,Consumer Discretionary,Specialty Chemicals,93177000.0,4.2,86986
NRC,NRC Health Common Stock,NASDAQ,Health Care,Biotechnology: Commercial Physical & Biological Resarch,449911972.0,20.34,139276
NRDS,NerdWallet Inc. Class A Common Stock,NASDAQ,Technology,EDP Services,652065940.0,9.91,1903167
NRIM,Northrim BanCorp Inc Common Stock,NASDAQ,Finance,Savings Institutions,586594479.0,26.37,155966
NRIX,Nurix Therapeutics Inc. Common stock,NASDAQ,Health Care,Biotechnology: Pharmaceutical Preparations,2649546367.0,25.53,729515
NRSN,NeuroSense Therapeutics Ltd. Ordinary Shares,NASDAQ,Health Care,Biotechnology: Pharmaceutical Preparations,18879272.0,0.4999,97616
NRXP,NRX Pharmaceuticals Inc. Common Stock,NASDAQ,Health Care,Biotechnology: Pharmaceutical Preparations,129699791.0,3.58,5651994
NSIT,Insight Enterprises Inc. Common Stock,NASDAQ,Consumer Discretionary,Catalog/Specialty Distribution,4510048886.0,149.32,547913
NSLR,Neostellar Capital Corp. Common Stock,NASDAQ,Finance,Finance: Consumer Services,254142931.0,9.6,383751
NSLRL,Neostellar Capital Corp. 6.00% Notes due 2026,NASDAQ,Finance,Finance: Consumer Services,667787025.0,25.225,1235
NSPR,InspireMD Inc. Common Stock,NASDAQ,Health Care,Medical/Dental Instruments,34738319.0,0.7408,50096
NSSC,NAPCO Security Technologies Inc. Common Stock,NASDAQ,Telecommunications,Telecommunications Equipment,1477682658.0,41.36,247235
NSTS,NSTS Bancorp Inc. Common Stock,NASDAQ,Finance,Savings Institutions,72635463.0,13.805,8912
NSYS,Nortech Systems Incorporated Common Stock,NASDAQ,Technology,Industrial Machinery/Components,43105687.0,15.425,35838
NTAP,NetApp Inc. Common Stock,NASDAQ,Technology,Electronic Components,37190317903.0,189.52,1740197
NTCL,NETCLASS TECHNOLOGY INC Class A Ordinary Shares,NASDAQ,Technology,Computer Software: Prepackaged Software,6045957.0,2.84,25148
NTCT,NetScout Systems Inc. Common Stock,NASDAQ,Technology,EDP Services,2794657077.0,38.44,763759
NTES,NetEase Inc. American Depositary Shares,NASDAQ,Technology,Computer Software: Prepackaged Software,84373298043.0,132.22,502944
NTGR,NETGEAR Inc. Common Stock,NASDAQ,Utilities,Telecommunications Equipment,635300504.0,23.67,716210
NTHI,NeOnc Technologies Holdings Inc. Common Stock,NASDAQ,Health Care,Biotechnology: Pharmaceutical Preparations,90766778.0,3.5,51100
NTIC,Northern Technologies International Corporation Common Stock,NASDAQ,Industrials,Industrial Specialties,79960016.0,8.42,823
NTLA,Intellia Therapeutics Inc. Common Stock,NASDAQ,Health Care,Biotechnology: In Vitro & In Vivo Diagnostic Substances,1668283987.0,11.94,4924772
NTNX,Nutanix Inc. Class A Common Stock,NASDAQ,Technology,Computer Software: Prepackaged Software,16940986299.0,62.67,2115911
NTRA,Natera Inc. Common Stock,NASDAQ,Health Care,Medical Specialities,46129674542.0,322.1,3386099
NTRB,Nutriband Inc. Common Stock,NASDAQ,Health Care,Industrial Specialties,37805107.0,3.11,6460
NTRP,NextTrip Inc. Common Stock,NASDAQ,Consumer Discretionary,Transportation Services,25065626.0,1.67,41323
NTRS,Northern Trust Corporation Common Stock,NASDAQ,Finance,Major Banks,33938273632.0,185.5,775778
NTRSO,Northern Trust Corporation Depositary Shares Each Representing a 1/1000th Interest in a Share of Series E Non-Cumulative Perpetual Preferred Stock,NASDAQ,Finance,Major Banks,3364554459.0,18.39,16247
NTSK,Netskope Inc. Class A Common Stock,NASDAQ,Technology,Computer Software: Prepackaged Software,6006344661.0,14.87,5377373
NTWK,NetSol Technologies Inc. Common  Stock,NASDAQ,Technology,Computer Software: Prepackaged Software,50593524.0,4.26,2812
NUAI,New Era Energy & Digital Inc. Common Stock,NASDAQ,Energy,Oil & Gas Production,534816100.0,5.28,3888553
NUCL,Eagle Nuclear Energy Corp. Common stock,NASDAQ,Basic Materials,Other Metals and Minerals,229835030.0,7.77,591961
NUTX,Nutex Health Inc. Common Stock,NASDAQ,Consumer Discretionary,Business Services,1115258612.0,162.07,294815
NUWE,Nuwellis Inc. Common Stock,NASDAQ,Health Care,Biotechnology: Electromedical & Electrotherapeutic Apparatus,4808632.0,1.49,637337
NVAX,Novavax Inc. Common Stock,NASDAQ,Health Care,Biotechnology: Biological Products (No Diagnostic Substances),1307283046.0,7.95,5698135
NVCR,NovoCure Limited Ordinary Shares,NASDAQ,Health Care,Medical/Dental Instruments,1908547318.0,16.39,1529247
NVCT,Nuvectis Pharma Inc. Common Stock,NASDAQ,Health Care,Biotechnology: Pharmaceutical Preparations,617420050.0,18.95,170921
NVDA,NVIDIA Corporation Common Stock,NASDAQ,Technology,Semiconductors,5419832000000.0,223.96,105469840
NVEC,NVE Corporation Common Stock,NASDAQ,Technology,Semiconductors,609192686.0,125.94,154267
NVMI,Nova Ltd. Ordinary Shares,NASDAQ,Technology,Electronic Components,12491343655.0,393.02,461245
NVNI,Nvni Group Limited Ordinary Shares,NASDAQ,Technology,Computer Software: Prepackaged Software,12276740.0,1.05,48945
NVNO,enVVeno Medical Corporation Common Stock,NASDAQ,Health Care,Medical/Dental Instruments,7246616.0,10.6143,2106
NVTS,Navitas Semiconductor Corporation Common Stock,NASDAQ,Technology,Semiconductors,3626588548.0,13.89,17898342
NVX,NOVONIX Limited American Depository Shares,NASDAQ,Miscellaneous,Industrial Machinery/Components,85477509.0,0.407,333114
NWBI,Northwest Bancshares Inc. Common Stock,NASDAQ,Finance,Major Banks,2277439347.0,15.55,839134
NWE,NorthWestern Energy Group Inc. Common Stock,NASDAQ,Utilities,Power Generation,4434821807.0,72.09,469451
NWFL,Norwood Financial Corp. Common Stock,NASDAQ,Finance,Major Banks,368432347.0,33.83,25584
NWGL,CL Workshop Group Limited American Depositary Shares,NASDAQ,Basic Materials,Forest Products,5065268.0,0.306,898589
NWL,Newell Brands Inc. Common Stock,NASDAQ,Industrials,Plastic Products,2559659000.0,6.01,8189154
NWPX,NWPX Infrastructure Inc. Common Stock,NASDAQ,Industrials,Steel/Iron Ore,1153765823.0,119.72,113255
NWS,News Corporation Class B Common Stock,NASDAQ,Consumer Discretionary,Newspapers/Magazines,17764647362.0,32.45,830329
NWSA,News Corporation Class A Common Stock,NASDAQ,Consumer Discretionary,Newspapers/Magazines,15613181595.0,28.52,4543076
NWTG,Newton Golf Company Inc. Common Stock,NASDAQ,Consumer Discretionary,Recreational Games/Products/Toys,5740079.0,1.25,52750
NXGL,NexGel Inc Common Stock,NASDAQ,Health Care,Medical/Dental Instruments,3505592.0,0.38,171624
NXL,Nexalin Technology Inc. Common Stock,NASDAQ,Health Care,Biotechnology: Electromedical & Electrotherapeutic Apparatus,7767788.0,0.3529,203776
NXPI,NXP Semiconductors N.V. Common Stock,NASDAQ,Technology,Semiconductors,60446274150.0,239.71,3216833
NXPL,NextPlat Corp Common Stock,NASDAQ,Telecommunications,Telecommunications Equipment,17388615.0,6.42,17510
NXST,Nexstar Media Group Inc. Common Stock,NASDAQ,Industrials,Broadcasting,5917840638.0,193.78,463846
NXT,Nextpower Inc. Class A Common Stock,NASDAQ,Technology,Semiconductors,15667590235.0,103.26,2213116
NXTC,NextCure Inc. Common Stock,NASDAQ,Health Care,Biotechnology: Pharmaceutical Preparations,21094641.0,5.84,295432
NXTS,Nexentis Technologies Inc. Common Stock,NASDAQ,Industrials,Agricultural Chemicals,2746799.0,1.89,12981
NXTT,Next Technology Holding Inc. Ordinary Shares,NASDAQ,Technology,EDP Services,8852501.0,0.0601,15638618
NXXT,NextNRG Inc. Common Stock,NASDAQ,Consumer Discretionary,Retail-Auto Dealers and Gas Stations,48775513.0,0.2901,2404772
NYAX,Nayax Ltd. Ordinary Shares,NASDAQ,Technology,Computer Software: Prepackaged Software,2580026007.0,69.06,3516
NYXH,Nyxoah SA Ordinary Shares,NASDAQ,Health Care,Medical/Dental Instruments,64183732.0,1.47,82957
OABI,OmniAb Inc. Common Stock,NASDAQ,Health Care,Biotechnology: Commercial Physical & Biological Resarch,446515543.0,3.08,2675036
OBAI,Our Bond Inc. Common Stock,NASDAQ,Consumer Discretionary,Telecommunications Equipment,14360325.0,0.4791,236108
OBIO,Orchestra BioMed Holdings Inc. Ordinary Shares,NASDAQ,Health Care, Medicinal Chemicals and Botanical Products ,253894232.0,4.24,103919
OBT,Orange County Bancorp Inc. Common Stock,NASDAQ,Finance,Major Banks,517679173.0,38.61,32593
OBX,Obsidian Therapeutics Inc. Common Stock,NASDAQ,Health Care,Biotechnology: Pharmaceutical Preparations,1697498303.0,27.5,8861
OCC,Optical Cable Corporation Common Stock,NASDAQ,Industrials,Telecommunications Equipment,143440245.0,16.25,169755
OCCI,OFS Credit Company Inc. Common Stock,NASDAQ,Finance,Trusts Except Educational Religious and Charitable,29622101.0,2.55,163648
OCCIN,OFS Credit Company Inc. 5.25% Series E Term Preferred Stock Due 2026,NASDAQ,Finance,Trusts Except Educational Religious and Charitable,289367264.0,24.91,700
OCFC,OceanFirst Financial Corp. Common Stock,NASDAQ,Finance,Major Banks,1911242507.0,19.42,1142322
OCG,Oriental Culture Holding LTD Ordinary Shares,NASDAQ,Consumer Discretionary,Other Consumer Services,3217598.0,1.66,103975
OCGN,Ocugen Inc. Common Stock,NASDAQ,Health Care,Biotechnology: Biological Products (No Diagnostic Substances),434061313.0,1.28,4533230
OCS,Oculis Holding AG Ordinary shares,NASDAQ,Health Care,Biotechnology: Pharmaceutical Preparations,735242674.0,12.68,370899
OCSL,Oaktree Specialty Lending Corporation Common Stock,NASDAQ,Finance,Finance: Consumer Services,1141588378.0,12.96,1264135
OCTV,Octave Intelligence plc Class B Ordinary Shares,NASDAQ,Technology,Computer Software: Prepackaged Software,5282855668.0,19.68,830445
OCUL,Ocular Therapeutix Inc. Common Stock,NASDAQ,Health Care,Biotechnology: Pharmaceutical Preparations,2018269827.0,9.19,2015179
ODD,ODDITY Tech Ltd. Class A Ordinary Shares,NASDAQ,Consumer Discretionary,Package Goods/Cosmetics,799992392.0,14.12,667603
ODFL,Old Dominion Freight Line Inc. Common Stock,NASDAQ,Industrials,Trucking Freight/Courier Services,44863678736.0,216.36,1253460
ODTX,Odyssey Therapeutics Inc. Common Stock,NASDAQ,Health Care,Biotechnology: Biological Products (No Diagnostic Substances),1016823044.0,21.17,97826
ODYS,Odysight.ai Inc. Common Stock,NASDAQ,Technology,EDP Services,74622658.0,4.44,5858
OESX,Orion Energy Systems Inc. Common Stock,NASDAQ,Consumer Discretionary,Building Products,80558934.0,19.7,163816
OFAL,OFA Group Class A Ordinary Shares,NASDAQ,Consumer Discretionary,Military/Government/Technical,16242085.0,0.7175,84074
OFIX,Orthofix Medical Inc. Common Stock (DE),NASDAQ,Health Care,Medical/Dental Instruments,418731210.0,10.28,617764
OFLX,Omega Flex Inc. Common Stock,NASDAQ,Industrials,Industrial Specialties,312116436.0,30.92,21646
OFS,OFS Capital Corporation Common Stock,NASDAQ,Finance,Finance/Investors Services,51850562.0,3.87,118957
OFSSH,OFS Capital Corporation 4.95% Notes due 2028,NASDAQ,Finance,Finance Companies,316998525.0,23.66,1
OGI,Organigram Global Inc. Common Shares,NASDAQ,Health Care,Biotechnology: Pharmaceutical Preparations,139367272.0,0.99,355782
OIO,OIO Group Ordinary Shares,NASDAQ,Utilities,Environmental Services,640360679.0,1.84,116331
OKTA,Okta Inc. Class A Common Stock,NASDAQ,Technology,Computer Software: Prepackaged Software,25779108377.0,148.32,2119148
OKUR,OnKure Therapeutics Inc. Class A Common Stock,NASDAQ,Health Care,Biotechnology: Pharmaceutical Preparations,167654719.0,4.14,85014
OKYO,OKYO Pharma Limited Ordinary Shares,NASDAQ,Health Care,Biotechnology: Biological Products (No Diagnostic Substances),50421600.0,1.49,105351
OLB,The OLB Group Inc. Common Stock,NASDAQ,Consumer Discretionary,Business Services,4486002.0,0.3059,644456
OLED,Universal Display Corporation Common Stock,NASDAQ,Technology,Electrical Products,4191715684.0,91.19,650041
OLLI,Ollie's Bargain Outlet Holdings Inc. Common Stock,NASDAQ,Consumer Discretionary,Department/Specialty Retail Stores,4935406759.0,81.64,1143189
OLMA,Olema Pharmaceuticals Inc. Common Stock,NASDAQ,Health Care,Biotechnology: Pharmaceutical Preparations,1052537026.0,12.05,757211
OLOX,Olenox Industries Inc. Common Stock,NASDAQ,Consumer Discretionary,RETAIL: Building Materials,4524483.0,3.2,137898
OM,Outset Medical Inc. Common Stock,NASDAQ,Health Care,Biotechnology: Electromedical & Electrotherapeutic Apparatus,90832481.0,4.9,233269
OMAB,Grupo Aeroportuario del Centro Norte S.A.B. de C.V. ADS,NASDAQ,Consumer Discretionary,Aerospace,5331068898.0,110.44,24475
OMCL,Omnicell Inc. Common Stock ($0.001 par value),NASDAQ,Technology,Computer Manufacturing,1679083880.0,36.81,754946
OMDA,Omada Health Inc. Common Stock,NASDAQ,Health Care,Medical/Nursing Services,1407146161.0,23.67,4921541
OMER,Omeros Corporation Common Stock,NASDAQ,Health Care,Biotechnology: Pharmaceutical Preparations,958973454.0,13.25,1226959
OMEX,Odyssey Marine Exploration Inc. Common Stock,NASDAQ,Consumer Discretionary,Marine Transportation,51767803.0,0.8838,968743
OMH,Ohmyhome Limited Class A Ordinary Shares,NASDAQ,Finance,Real Estate,8071933.0,0.0956,6742375
OMSE,OMS Energy Technologies Inc. Ordinary Shares,NASDAQ,Consumer Discretionary,Oil and Gas Field Machinery,187198785.0,4.41,13662
ON,ON Semiconductor Corporation Common Stock,NASDAQ,Technology,Semiconductors,31600432394.0,81.17,9837549
ONB,Old National Bancorp Common Stock,NASDAQ,Finance,Major Banks,10161059200.0,26.56,3331845
ONBPO,Old National Bancorp Depositary Shares Each Representing a 1/40th Interest in a Share of Series C Preferred Stock,NASDAQ,Finance,Major Banks,9487736000.0,24.8,5092
ONBPP,Old National Bancorp Depositary Shares Each Representing a 1/40th Interest in a Share of Series A Preferred Stock,NASDAQ,Finance,Major Banks,9510690200.0,24.86,2884
ONC,BeOne Medicines Ltd. American Depositary Shares,NASDAQ,Health Care,Biotechnology: Pharmaceutical Preparations,39598952703.0,348.27,638115
ONCO,Onconetix Inc. Common Stock,NASDAQ,Health Care,Biotechnology: Pharmaceutical Preparations,3291334.0,0.8916,102493
ONCY,Oncolytics Biotech Inc. Common Stock,NASDAQ,Health Care,Biotechnology: Pharmaceutical Preparations,95781639.0,0.8025,566371
ONDS,Ondas Inc. Common Stock,NASDAQ,Technology,Radio And Television Broadcasting And Communications Equipment,5191412957.0,9.11,72604255
ONEG,OneConstruction Group Limited Ordinary Shares,NASDAQ,Consumer Discretionary,Homebuilding,16480000.0,1.03,187359
ONEW,OneWater Marine Inc. Class A Common Stock,NASDAQ,Consumer Discretionary,Auto & Home Supply Stores,200654053.0,12.04,41926
ONFO,Onfolio Holdings Inc. Common Stock,NASDAQ,Technology,EDP Services,302734.0,0.043,44550677
ONMD,OneMedNet Corp Class A Common Stock,NASDAQ,Health Care,Biotechnology: Commercial Physical & Biological Resarch,35566931.0,0.6245,2266691
OPAL,OPAL Fuels Inc. Class A Common Stock,NASDAQ,Utilities,Natural Gas Distribution,407182834.0,2.33,140091
OPBK,OP Bancorp Common Stock,NASDAQ,Finance,Major Banks,232796956.0,15.63,67141
OPCH,Option Care Health Inc. Common Stock,NASDAQ,Health Care,Medical/Nursing Services,3563390931.0,23.79,3898102
OPEN,Opendoor Technologies Inc Common Stock,NASDAQ,Finance,Real Estate,3384252309.0,3.485,28078041
OPENL,Opendoor Technologies Inc  Series A Warrants each whole warrant exercisable to purchase one share of Common Stock at an exercise price of $13.00 per warrant,NASDAQ,Finance,Real Estate,150519113.0,0.155,219211
OPENZ,Opendoor Technologies Inc  Series Z Warrants each whole warrant exercisable to purchase one share of Common Stock at an exercise price of $17.00 per warrant,NASDAQ,Finance,Real Estate,121580599.0,0.1252,290119
OPI,Office Properties Income Trust Common shares of beneficial interest,NASDAQ,Finance,Real Estate,1826794130.0,19.05,92309
OPK,OPKO Health Inc. Common Stock,NASDAQ,Health Care,Biotechnology: Pharmaceutical Preparations,1022469668.0,1.37,2696690
OPRA,Opera Limited American Depositary Shares,NASDAQ,Technology,Computer Software: Prepackaged Software,1794015039.0,19.96,274814
OPRT,Oportun Financial Corporation Common Stock,NASDAQ,Finance,Finance: Consumer Services,391714621.0,8.09,1108803
OPRX,OptimizeRx Corporation Common Stock,NASDAQ,Consumer Discretionary,Business Services,132856731.0,7.08,184030
OPTH,Optimi Health Corp. Common Shares,NASDAQ,Health Care,Biotechnology: Pharmaceutical Preparations,16290780.0,5.05,30203
OPTX,Syntec Optics Holdings Inc. Class A Common Stock,NASDAQ,Technology,Electronic Components,313780250.0,7.79,243404
OPXS,Optex Systems Holdings Inc. Common Stock,NASDAQ,Technology,Electronic Components,83448877.0,11.99,31494
ORBS,Eightco Holdings Inc. Common Stock,NASDAQ,Finance,Finance Companies,267378755.0,0.6891,5717201
ORGO,Organogenesis Holdings Inc. Class A Common Stock,NASDAQ,Health Care,Biotechnology: Pharmaceutical Preparations,239334659.0,1.86,4853595
ORIC,Oric Pharmaceuticals Inc. Common Stock,NASDAQ,Health Care,Biotechnology: Pharmaceutical Preparations,1399310856.0,13.5,1308136
ORIO,Orion Digital Corp. Common Shares,NASDAQ,Finance,Finance: Consumer Services,15507652.0,0.647,39820
ORKA,Oruka Therapeutics Inc. Common Stock,NASDAQ,Health Care,Biotechnology: In Vitro & In Vivo Diagnostic Substances,5960041821.0,98.82,308697
ORKT,Orangekloud Technology Inc. Class A Ordinary Shares,NASDAQ,Technology,Computer Software: Prepackaged Software,5839770.0,1.0,12840
ORLY,O'Reilly Automotive Inc. Common Stock,NASDAQ,Consumer Discretionary,Auto & Home Supply Stores,77509721339.0,93.53,4385304
ORMP,Oramed Pharmaceuticals Inc. Common Stock,NASDAQ,Health Care,Biotechnology: Pharmaceutical Preparations,178868622.0,4.3,110539
ORRF,Orrstown Financial Services Inc. Common Stock,NASDAQ,Finance,Major Banks,837389747.0,42.62,81402
OSBC,Old Second Bancorp Inc. Common Stock,NASDAQ,Finance,Major Banks,1308439544.0,25.44,460735
OSIS,OSI Systems Inc. Common Stock (DE),NASDAQ,Technology,Semiconductors,3893753105.0,236.23,93909
OSPN,OneSpan Inc. Common Stock,NASDAQ,Technology,EDP Services,618379463.0,16.78,406433
OSRH,OSR Health Inc. Common Stock,NASDAQ,Health Care,Medical/Dental Instruments,15557581.0,0.443,159676
OSS,One Stop Systems Inc. Common Stock,NASDAQ,Technology,Computer Manufacturing,330207321.0,13.24,762054
OSUR,OraSure Technologies Inc. Common Stock,NASDAQ,Health Care,Medical/Dental Instruments,278836640.0,4.05,524157
OSW,OneSpaWorld Holdings Limited Common Shares,NASDAQ,Consumer Discretionary,Hotels/Resorts,2660281242.0,26.21,850532
OTEX,Open Text Corporation Common Shares,NASDAQ,Technology,EDP Services,6250033258.0,24.94,3148595
OTLK,Outlook Therapeutics Inc. Common Stock,NASDAQ,Health Care,Biotechnology: Biological Products (No Diagnostic Substances),190736938.0,1.02,4541327
OTLY,Oatly Group AB American Depositary Shares,NASDAQ,Consumer Staples,Packaged Foods,437836180.0,13.72,71762
OTTR,Otter Tail Corporation Common Stock,NASDAQ,Utilities,Electric Utilities: Central,3937827548.0,93.79,164225
OUST,Ouster Inc. Common Stock,NASDAQ,Industrials,Industrial Machinery/Components,2911400768.0,43.4,3853291
OVBC,Ohio Valley Banc Corp. Common Stock,NASDAQ,Finance,Major Banks,205211204.0,43.56,20437
OVID,Ovid Therapeutics Inc. Common Stock,NASDAQ,Health Care,Biotechnology: Pharmaceutical Preparations,490863468.0,2.63,914897
OVLY,Oak Valley Bancorp (CA) Common Stock,NASDAQ,Finance,Major Banks,281430170.0,33.45,22470
OWLS,OBOOK Holdings Inc. Class A Common Shares,NASDAQ,Technology,Computer Software: Prepackaged Software,203500711.0,5.38,21022
OXBR,Oxbridge Re Holdings Limited Ordinary Shares,NASDAQ,Finance,Property-Casualty Insurers,10774827.0,1.33,5755
OXLC,Oxford Lane Capital Corp. Common Stock,NASDAQ,Finance,Investment Managers,1597120000.0,9.2,381772
OXLCG,Oxford Lane Capital Corp. 7.95% Notes due 2032,NASDAQ,Finance,Investment Managers,0.0,25.15,1548
OXLCL,Oxford Lane Capital Corp. 6.75% Notes due 2031,NASDAQ,Finance,Finance Companies,4265352000.0,24.57,856
OXLCM,Oxford Lane Capital Corp. Preferred Stock Shares 8.25% Series 2031,NASDAQ,Finance,Investment Managers,4366040000.0,25.15,7999
OXLCN,Oxford Lane Capital Corp. 7.125% Series 2029 Term Preferred Stock,NASDAQ,Finance,Investment Managers,4298336000.0,24.76,3355
OXLCO,Oxford Lane Capital Corp. Preferred Stock Shares 6.00% Series 2029,NASDAQ,Finance,Investment Managers,4177024320.0,24.0612,1327
OXLCZ,Oxford Lane Capital Corp. 5.00% Notes due 2027,NASDAQ,Finance,Finance Companies,4335660000.0,24.975,4117
OXSQG,Oxford Square Capital Corp. 5.50% Notes due 2028,NASDAQ,Consumer Discretionary,Other Consumer Services,1528913483.0,23.98,9
OZK,Bank OZK Common Stock,NASDAQ,Finance,Major Banks,5816328546.0,51.41,691733
OZKAP,Bank OZK 4.625% Series A Non-Cumulative Perpetual Preferred Stock,NASDAQ,Finance,Major Banks,1828279893.0,16.16,12112
PAA,Plains All American Pipeline L.P. Common Units representing Limited Partner Interests,NASDAQ,Energy,Natural Gas Distribution,16093177689.0,22.81,4416694
PAAC,Proem Acquisition Corp I Ordinary Shares,NASDAQ,Finance,Investment Managers,143801980.0,9.94,7
PACB,Pacific Biosciences of California Inc. Common Stock,NASDAQ,Industrials,Biotechnology: Laboratory Analytical Instruments,368063000.0,1.185,7354978
PAGP,Plains GP Holdings L.P. Class A Units representing Limited Partner Interests,NASDAQ,Energy,Natural Gas Distribution,4896148028.0,24.74,1950987
PAHC,Phibro Animal Health Corporation Class A Common Stock,NASDAQ,Health Care,Biotechnology: Pharmaceutical Preparations,1390964112.0,34.29,231356
PAL,Proficient Auto Logistics Inc. Common Stock,NASDAQ,Consumer Discretionary,Transportation Services,203832343.0,7.34,121869
PALI,Palisade Bio Inc. Common Stock,NASDAQ,Health Care,Biotechnology: Biological Products (No Diagnostic Substances),366253104.0,2.11,885988
PAMT,PAMT CORP Common Stock,NASDAQ,Industrials,Trucking Freight/Courier Services,296975101.0,14.18,20902
PANL,Pangaea Logistics Solutions Ltd. Common Shares,NASDAQ,Consumer Discretionary,Marine Transportation,485378729.0,7.42,287167
PANW,Palo Alto Networks Inc. Common Stock,NASDAQ,Technology,Computer peripheral equipment,296545900000.0,363.86,4808428
PARK,Park Dental Partners Inc. Common Stock,NASDAQ,Health Care,Misc Health and Biotechnology Services,95538543.0,21.16,17617
PASG,Passage Bio Inc. Common Stock,NASDAQ,Health Care,Biotechnology: Biological Products (No Diagnostic Substances),14114364.0,4.4,6838
PASW,Ping An Biomedical Co. Ltd. Class A Ordinary Shares,NASDAQ,Consumer Discretionary,Apparel,16141680.0,0.1296,152884
PATK,Patrick Industries Inc. Common Stock,NASDAQ,Consumer Discretionary,Auto Parts:O.E.M.,2922233931.0,88.84,478279
PAVM,PAVmed Inc. Common Stock,NASDAQ,Health Care,Medical/Dental Instruments,34472783.0,4.74,2117
PAVS,Paranovus Entertainment Technology Ltd. Class A Ordinary Shares,NASDAQ,Technology,EDP Services,3093997.0,6.15,582784
PAX,Patria Investments Limited Class A Common Shares,NASDAQ,Finance,Investment Managers,1871165893.0,11.53,1514097
PAYO,Payoneer Global Inc. Common Stock,NASDAQ,Consumer Discretionary,Business Services,2376928514.0,7.1,3933253
PAYP,PayPay Corporation American Depository Shares,NASDAQ,Consumer Discretionary,Business Services,10394147122.0,15.35,769799
PAYS,Paysign Inc. Common Stock,NASDAQ,Technology,EDP Services,722620342.0,12.48,1206637
PAYX,Paychex Inc. Common Stock,NASDAQ,Industrials,Diversified Commercial Services,42696170514.0,120.04,1918487
PBAM,Private Bancorp of America Inc. Common Stock,NASDAQ,Finance,Major Banks,489227781.0,85.81,18036
PBFS,Pioneer Bancorp Inc. Common Stock,NASDAQ,Finance,Banks,434330193.0,17.32,7412
PBHC,Pathfinder Bancorp Inc. Common Stock (MD),NASDAQ,Finance,Major Banks,80457515.0,16.5,10734
PBK,PowerBank Corporation Common Stock,NASDAQ,Utilities,Power Generation,23177870.0,0.4936,410249
PBLS,Parabilis Medicines Inc. Common Stock,NASDAQ,Health Care,Biotechnology: Pharmaceutical Preparations,4153900151.0,34.98,279798
PBM,Psyence Biomedical Ltd. Common Shares,NASDAQ,Health Care,Biotechnology: Pharmaceutical Preparations,13235718.0,3.47,60584
PBYI,Puma Biotechnology Inc Common Stock,NASDAQ,Health Care,Biotechnology: Pharmaceutical Preparations,453514153.0,8.91,683368
PCAR,PACCAR Inc. Common Stock,NASDAQ,Industrials,Auto Manufacturing,70064438894.0,133.11,3114677
PCB,PCB Bancorp Common Stock,NASDAQ,Finance,Major Banks,396721730.0,27.87,35014
PCLA,PicoCELA Inc. American Depositary Shares,NASDAQ,Consumer Discretionary,Building Products,77967959.0,8.11,335183
PCRX,Pacira BioSciences Inc. Common Stock,NASDAQ,Health Care,Biotechnology: Pharmaceutical Preparations,997344388.0,25.02,603226
PCSA,Processa Pharmaceuticals Inc. Common Stock,NASDAQ,Health Care,Biotechnology: Pharmaceutical Preparations,8548925.0,2.57,112992
PCT,PureCycle Technologies Inc. Common stock,NASDAQ,Industrials,Major Chemicals,1447173536.0,7.21,6704816
PCTY,Paylocity Holding Corporation Common Stock,NASDAQ,Technology,Computer Software: Prepackaged Software,7980828374.0,150.42,1300304
PCVX,Vaxcyte Inc. Common Stock,NASDAQ,Health Care,Biotechnology: Biological Products (No Diagnostic Substances),8641122493.0,58.07,1296311
PCYO,Pure Cycle Corporation Common Stock,NASDAQ,Utilities,Water Supply,260974517.0,10.83,133267
PDC,Perpetuals.com Ltd American Depositary Shares,NASDAQ,Technology,EDP Services,9029687.0,2.96,25046
PDD,PDD Holdings Inc. American Depositary Shares,NASDAQ,Consumer Discretionary,Business Services,130610859353.0,91.76,3743612
PDEX,Pro-Dex Inc. Common Stock,NASDAQ,Health Care,Medical/Dental Instruments,209317280.0,65.56,210521
PDFS,PDF Solutions Inc. Common Stock,NASDAQ,Technology,Computer Software: Prepackaged Software,1974097901.0,49.45,461909
PDLB,Ponce Financial Group Inc. Common Stock,NASDAQ,Finance,Savings Institutions,485451173.0,20.07,62296
PDSB,PDS Biotechnology Corporation Common Stock,NASDAQ,Health Care,Biotechnology: Pharmaceutical Preparations,43356176.0,0.7753,225625
PDYN,Palladyne AI Corp. Common Stock,NASDAQ,Technology,Computer Software: Prepackaged Software,282992908.0,5.99,676652
PEBK,Peoples Bancorp of North Carolina Inc. Common Stock,NASDAQ,Finance,Major Banks,235117145.0,43.05,24622
PEBO,Peoples Bancorp Inc. Common Stock,NASDAQ,Finance,Major Banks,1471118953.0,40.93,347161
PECO,Phillips Edison & Company Inc. Common Stock,NASDAQ,Real Estate,Real Estate Investment Trusts,5244525000.0,40.75,576402
PEGA,Pegasystems Inc. Common Stock,NASDAQ,Technology,EDP Services,5382617899.0,32.74,1341300
PENG,Penguin Solutions Inc. Common Stock,NASDAQ,Technology,Semiconductors,2994110903.0,58.43,2058848
PENN,PENN Entertainment Inc. Common Stock,NASDAQ,Consumer Discretionary,Hotels/Resorts,2700959227.0,20.18,2492876
PEP,PepsiCo Inc. Common Stock,NASDAQ,Consumer Staples,Beverages (Production/Distribution),189747224393.0,139.02,4731063
PEPG,PepGen Inc. Common Stock,NASDAQ,Health Care,Biotechnology: Pharmaceutical Preparations,197132263.0,2.85,3220268
PERI,Perion Network Ltd. Ordinary Shares,NASDAQ,Technology,EDP Services,385830429.0,9.81,313809
PESI,Perma-Fix Environmental Services Inc. Common Stock,NASDAQ,Industrials,Environmental Services,383360220.0,18.08,207719
PETS,PetMed Express Inc. Common Stock,NASDAQ,Consumer Staples,Retail-Drug Stores and Proprietary Stores,42316322.0,1.98,84641
PETZ,TDH Holdings Inc. Common Shares,NASDAQ,Finance,Real Estate,16362380.0,1.585,32449
PFAI,Pinnacle Food Group Limited Class A Common Shares,NASDAQ,Consumer Staples,Farming/Seeds/Milling,28871987.0,2.46,4945
PFBC,Preferred Bank Common Stock,NASDAQ,Finance,Major Banks,1518365650.0,105.76,45744
PFG,Principal Financial Group Inc Common Stock,NASDAQ,Finance,Accident &Health Insurance,24279466289.0,113.4,1276278
PFIS,Peoples Financial Services Corp. Common Stock,NASDAQ,Finance,Major Banks,707368851.0,70.66,70081
PFSA,Profusa Inc. Common Stock,NASDAQ,Health Care,Medical/Dental Instruments,703922.0,0.9628,49046
PFX,PhenixFIN Corporation Common Stock,NASDAQ,Finance,Finance: Consumer Services,89958696.0,46.58,2386
PFXNZ,PhenixFIN Corporation  5.25% Notes due 2028,NASDAQ,Finance,Finance: Consumer Services,48092856.0,24.0,10
PGC,Peapack-Gladstone Financial Corporation Common Stock,NASDAQ,Finance,Commercial Banks,811501712.0,45.8,102914
PGEN,Precigen Inc. Common Stock,NASDAQ,Health Care,Biotechnology: Pharmaceutical Preparations,2588594836.0,7.23,5754997
PGNY,Progyny Inc. Common Stock,NASDAQ,Health Care,Misc Health and Biotechnology Services,2201139597.0,28.1,3244371
PGY,Pagaya Technologies Ltd. Class A Ordinary Shares,NASDAQ,Finance,Finance: Consumer Services,1775301939.0,21.28,1739975
PHAR,Pharming Group N.V. ADS each representing 10 ordinary shares,NASDAQ,Health Care,Biotechnology: Pharmaceutical Preparations,773346269.0,10.95,6394
PHAT,Phathom Pharmaceuticals Inc. Common Stock,NASDAQ,Health Care,Biotechnology: Pharmaceutical Preparations,691702986.0,8.55,2310502
PHIO,Phio Pharmaceuticals Corp. Common Stock,NASDAQ,Health Care,Biotechnology: Pharmaceutical Preparations,12081940.0,1.04,86069
PHOE,Phoenix Asia Holdings Limited Ordinary Shares,NASDAQ,Consumer Discretionary,Engineering & Construction,417960000.0,19.35,12538
PHUN,Phunware Inc. Common Stock,NASDAQ,Technology,EDP Services,43553002.0,2.13,237539
PHVS,Pharvaris N.V. Ordinary Shares,NASDAQ,Health Care,Biotechnology: Pharmaceutical Preparations,2432055874.0,34.91,696534
PI,Impinj Inc. Common Stock,NASDAQ,Technology,Industrial Machinery/Components,5602457168.0,183.36,608575
PICS,PicS N.V. Class A Common Shares,NASDAQ,Finance,Finance: Consumer Services,1562825769.0,12.06,276684
PIII,P3 Health Partners Inc. Class A Common Stock,NASDAQ,Health Care,Medical/Nursing Services,83896892.0,11.58,43390
PKBK,Parke Bancorp Inc. Common Stock,NASDAQ,Finance,Major Banks,404594568.0,34.4,42255
PKOH,Park-Ohio Holdings Corp. Common Stock,NASDAQ,Industrials,Industrial Specialties,756047854.0,52.51,225151
PLAB,Photronics Inc. Common Stock,NASDAQ,Technology,Semiconductors,1925164740.0,32.65,852012
PLAY,Dave & Buster's Entertainment Inc. Common Stock,NASDAQ,Consumer Discretionary,Restaurants,357279887.0,10.27,1584213
PLBC,Plumas Bancorp,NASDAQ,Finance,Finance Companies,429023336.0,61.65,30296
PLBL,Polibeli Group Ltd Class A Ordinary Shares,NASDAQ,Consumer Discretionary,Consumer Electronics/Appliances,2088408579.0,5.7,63323
PLBY,Playboy Inc. Common Stock,NASDAQ,Consumer Discretionary,Other Specialty Stores,141479814.0,1.22,439446
PLCE,Children's Place Inc. (The) Common Stock,NASDAQ,Consumer Discretionary,Clothing/Shoe/Accessory Stores,59817710.0,2.69,212800
PLMR,Palomar Holdings Inc. Common stock,NASDAQ,Finance,Property-Casualty Insurers,3447616473.0,131.0,257611
PLPC,Preformed Line Products Company Common Stock,NASDAQ,Industrials,Water Sewer Pipeline Comm & Power Line Construction,2282143401.0,466.82,109397
PLRX,Pliant Therapeutics Inc. Common Stock,NASDAQ,Health Care,Biotechnology: Pharmaceutical Preparations,65016261.0,1.05,310279
PLRZ,Polyrizon Ltd. Ordinary Shares,NASDAQ,Health Care,Medical/Dental Instruments,21694718.0,11.59,11705
PLSE,Pulse Biosciences Inc Common Stock (DE),NASDAQ,Health Care,Medical/Dental Instruments,2935183886.0,42.41,734690
PLSM,Pulsenmore Ltd. Ordinary Shares,NASDAQ,Health Care,Medical/Dental Instruments,21524414.0,3.31,38863
PLTK,Playtika Holding Corp. Common Stock,NASDAQ,Technology,EDP Services,1118315862.0,2.94,2635563
PLTR,Palantir Technologies Inc. Class A Common Stock,NASDAQ,Technology,Computer Software: Prepackaged Software,413177219095.0,172.01,77408440
PLUG,Plug Power Inc. Common Stock,NASDAQ,Energy,Industrial Machinery/Components,3041250599.0,2.18,54252352
PLUR,Pluri Inc. Common Stock,NASDAQ,Health Care,Biotechnology: Biological Products (No Diagnostic Substances),19636974.0,1.82,2441
PLUS,ePlus inc. Common Stock,NASDAQ,Technology,Retail: Computer Software & Peripheral Equipment,2337179644.0,89.58,207699
PLUT,Plutus Financial Group Limited Ordinary Shares,NASDAQ,Finance,Investment Bankers/Brokers/Service,44822000.0,2.92,211
PLXS,Plexus Corp. Common Stock,NASDAQ,Technology,Electrical Products,7233598417.0,270.35,225653
PLYX,Polaryx Therapeutics Inc. Common Stock,NASDAQ,Health Care,Biotechnology: Pharmaceutical Preparations,112651944.0,2.26,69590
PMA,Ming Shing Group Holdings Limited Ordinary Shares,NASDAQ,Consumer Discretionary,Engineering & Construction,16867500.0,1.3,7628
PMAX,Powell Max Limited Class A Ordinary Shares,NASDAQ,Consumer Discretionary,Other Consumer Services,3256862.0,1.66,122954
PMCB,PharmaCyte  Biotech Inc. Common Stock,NASDAQ,Health Care,Biotechnology: Biological Products (No Diagnostic Substances),6335106.0,0.5901,63596
PMEC,Primech Holdings Ltd. Ordinary Shares,NASDAQ,Consumer Discretionary,Diversified Commercial Services,16066402.0,0.4182,19955
PMN,ProMIS Neurosciences Inc. Common Shares (ON),NASDAQ,Health Care,Biotechnology: Pharmaceutical Preparations,131914764.0,14.71,27675
PMTS,CPI Card Group Inc. Common Stock,NASDAQ,Consumer Discretionary,Publishing,318103854.0,27.72,218385
PMVP,PMV Pharmaceuticals Inc. Common Stock,NASDAQ,Health Care,Biotechnology: Pharmaceutical Preparations,63464802.0,1.19,118453
PN,PN Smart Energy Limited Class A Ordinary Shares,NASDAQ,Technology,Retail: Computer Software & Peripheral Equipment,45940718.0,3.21,2541666
PNBK,Patriot National Bancorp Inc. Common Stock,NASDAQ,Finance,Major Banks,136496796.0,1.16,141973
PNRG,PrimeEnergy Resources Corporation Common Stock,NASDAQ,Energy,Oil & Gas Production,298197400.0,184.3,36779
PNTG,The Pennant Group Inc. Common Stock ,NASDAQ,Health Care,Medical/Nursing Services,1362233886.0,39.0,180576
POCI,Precision Optics Corporation Inc. Common stock,NASDAQ,Health Care,Biotechnology: Electromedical & Electrotherapeutic Apparatus,46187347.0,4.22,107215
PODC,PodcastOne Inc. Common Stock,NASDAQ,Technology,Computer Software: Programming Data Processing,104482859.0,3.46,126889
PODD,Insulet Corporation Common Stock,NASDAQ,Health Care,Medical/Dental Instruments,9790732273.0,141.17,1589265
POET,POET Technologies Inc. Common Shares,NASDAQ,Technology,Semiconductors,1362282012.0,8.91,17122796
POLA,Polar Power Inc. Common Stock,NASDAQ,Miscellaneous,Industrial Machinery/Components,6855998.0,1.78,88770
POM,POMDOCTOR LIMITED American Depositary Shares,NASDAQ,Consumer Discretionary,Other Specialty Stores,6448794.0,0.865,75468
PONY,Pony AI Inc. American Depositary Shares ,NASDAQ,Technology,EDP Services,3533363657.0,8.15,2201901
POOL,Pool Corporation Common Stock,NASDAQ,Consumer Discretionary,Industrial Specialties,7497459514.0,206.31,658513
POWI,Power Integrations Inc. Common Stock,NASDAQ,Technology,Semiconductors,3598953767.0,64.59,668815
POWL,Powell Industries Inc. Common Stock,NASDAQ,Energy,Electrical Products,7707673240.0,211.56,647848
POWW,Outdoor Holding Company Common Stock,NASDAQ,Industrials,Ordnance And Accessories,247428242.0,2.13,539190
POWWP,Outdoor Holding Company 8.75% Series A Cumulative Redeemable Perpetual Preferred Stock,NASDAQ,Industrials,Ordnance And Accessories,2835562505.0,24.4101,420
PPBT,Purple Biotech Ltd. American Depositary Shares,NASDAQ,Health Care,Biotechnology: Pharmaceutical Preparations,2326420.0,1.43,49248
PPC,Pilgrim's Pride Corporation Common Stock,NASDAQ,Consumer Staples,Meat/Poultry/Fish,6536078984.0,27.45,1066034
PPCB,Propanc Biopharma Inc. Common Stock,NASDAQ,Health Care,Biotechnology: Pharmaceutical Preparations,4204939.0,1.2,184176
PPIH,Perma-Pipe International Holdings Inc. Common Stock,NASDAQ,Industrials,Pollution Control Equipment,214925109.0,26.45,56377
PPLI,People Incorporated Common Stock,NASDAQ,Technology,Computer Software: Programming Data Processing,3096210002.0,41.58,1676148
PPSI,Pioneer Power Solutions Inc. Common Stock,NASDAQ,Miscellaneous,Industrial Machinery/Components,34287462.0,3.09,63644
PPTA,Perpetua Resources Corp. Common Shares,NASDAQ,Basic Materials,Precious Metals,3092336114.0,24.72,2406241
PRAA,PRA Group Inc. Common Stock,NASDAQ,Finance,Finance Companies,754808174.0,19.79,1098678
PRAX,Praxis Precision Medicines Inc. Common Stock,NASDAQ,Health Care,Biotechnology: Pharmaceutical Preparations,10057546508.0,360.76,454993
PRCH,Porch Group Inc. Common Stock,NASDAQ,Technology,Computer Software: Prepackaged Software,2089537897.0,15.85,1383835
PRCT,PROCEPT BioRobotics Corporation Common Stock,NASDAQ,Health Care,Medical/Dental Instruments,1168955380.0,20.41,1762141
PRDO,Perdoceo Education Corporation Common Stock,NASDAQ,Real Estate,Other Consumer Services,2122501052.0,33.85,947709
PRFX,PRF Technologies Ltd. Ordinary Shares,NASDAQ,Health Care,Biotechnology: Pharmaceutical Preparations,3163503.0,1.04,250341
PRGS,Progress Software Corporation Common Stock (DE),NASDAQ,Technology,Computer Software: Prepackaged Software,1756994435.0,42.84,290302
PRHI,Presurance Holdings Inc. Common Stock,NASDAQ,Finance,Property-Casualty Insurers,17419486.0,4.65,8364
PRHIZ,Presurance Holdings Inc. 9.75% Senior Unsecured Notes due 2028,NASDAQ,Finance,Property-Casualty Insurers,217322824.0,17.78,226
PRLD,Prelude Therapeutics Incorporated Common Stock,NASDAQ,Health Care,Biotechnology: Pharmaceutical Preparations,390262004.0,4.9,165710
PRME,Prime Medicine Inc. Common Stock,NASDAQ,Health Care,Biotechnology: Biological Products (No Diagnostic Substances),556301749.0,3.08,1974694
PROF,Profound Medical Corp. Common Stock,NASDAQ,Health Care,Medical/Dental Instruments,269261890.0,7.41,129265
PROK,ProKidney Corp. Class A Ordinary Shares,NASDAQ,Health Care,Biotechnology: Biological Products (No Diagnostic Substances),495377787.0,1.64,739056
PROP,Prairie Operating Co. Common Stock,NASDAQ,Energy,Oil & Gas Production,78117326.0,0.7993,1999946
PROV,Provident Financial Holdings Inc. Common Stock,NASDAQ,Finance,Savings Institutions,112097411.0,17.925,14854
PRPL,Purple Innovation Inc. Common Stock,NASDAQ,Consumer Discretionary,Home Furnishings,41764470.0,9.58,19559
PRPO,Precipio Inc.  Common Stock,NASDAQ,Industrials,Biotechnology: Laboratory Analytical Instruments,42843307.0,23.97,62788
PRQR,ProQR Therapeutics N.V. Ordinary Shares,NASDAQ,Health Care,Biotechnology: Pharmaceutical Preparations,264602768.0,1.875,558453
PRSO,Peraso Inc. Common Stock,NASDAQ,Technology,Semiconductors,11301033.0,0.7474,213713
PRTA,Prothena Corporation plc Ordinary Shares,NASDAQ,Health Care,Biotechnology: Pharmaceutical Preparations,458614356.0,8.76,481882
PRTH,Priority Technology Holdings Inc. Common Stock,NASDAQ,Consumer Discretionary,Business Services,443894366.0,5.39,1017229
PRTS,CarParts.com Inc. Common Stock,NASDAQ,Consumer Discretionary,Auto & Home Supply Stores,54666569.0,6.75,70028
PRVA,Privia Health Group Inc. Common Stock,NASDAQ,Health Care,Medical/Nursing Services,2828977796.0,22.45,2344337
PRZO,ParaZero Technologies Ltd. Ordinary Shares,NASDAQ,Industrials,Military/Government/Technical,12971478.0,0.5537,324830
PSEC,Prospect Capital Corporation Common Stock,NASDAQ,Finance,Finance: Consumer Services,1167347831.0,2.33,6435787
PSHG,Performance Shipping Inc. Common Shares,NASDAQ,Consumer Discretionary,Marine Transportation,21755052.0,1.75,19824
PSIG,PS International Group Ltd. Ordinary Shares,NASDAQ,Industrials,Integrated Freight & Logistics,18149370.0,1.18,38198
PSIX,Power Solutions International Inc. Common Stock,NASDAQ,Industrials,Industrial Machinery/Components,940919369.0,40.82,1290181
PSKY,Paramount Skydance Corporation Class B Common Stock,NASDAQ,Industrials,Broadcasting,10310681709.0,9.19,9324792
PSMT,PriceSmart Inc. Common Stock,NASDAQ,Consumer Discretionary,Department/Specialty Retail Stores,5463855774.0,177.05,402090
PSNL,Personalis Inc. Common Stock,NASDAQ,Health Care,Medical Specialities,1512286188.0,14.16,3211394
PSNY,Polestar Automotive Holding UK PLC Class A ADS,NASDAQ,Industrials,Auto Manufacturing,2337706236.0,14.23,85586
PTC,PTC Inc. Common Stock,NASDAQ,Technology,Computer Software: Prepackaged Software,16027459812.0,147.71,1235220
PTCT,PTC Therapeutics Inc. Common Stock,NASDAQ,Health Care,Biotechnology: Pharmaceutical Preparations,6118511395.0,73.31,963179
PTEN,Patterson-UTI Energy Inc. Common Stock,NASDAQ,Energy,Oil & Gas Production,3764268706.0,9.87,5444564
PTGX,Protagonist Therapeutics Inc. Common Stock,NASDAQ,Health Care,Biotechnology: Pharmaceutical Preparations,9438997533.0,145.87,321142
PTLE,PTL LTD Class A Ordinary Shares,NASDAQ,Energy,Oil Refining/Marketing,62183736.0,9.9001,3345
PTLO,Portillo's Inc. Class A Common Stock,NASDAQ,Consumer Discretionary,Restaurants,336428482.0,4.43,1137378
PTN,Palatin Technologies Inc. Common Stock,NASDAQ,Health Care,Biotechnology: Pharmaceutical Preparations,13824967.0,7.77,18285
PTON,Peloton Interactive Inc. Class A Common Stock,NASDAQ,Consumer Discretionary,Recreational Games/Products/Toys,2459394134.0,5.68,12704558
PTRN,Pattern Group Inc. Series A Common Stock,NASDAQ,Consumer Discretionary,Catalog/Specialty Distribution,3899897174.0,22.05,1657699
PUBM,PubMatic Inc. Class A Common Stock,NASDAQ,Technology,Computer Software: Programming Data Processing,825762319.0,17.78,3285059
PULM,Pulmatrix Inc. Common Stock,NASDAQ,Health Care,Biotechnology: Pharmaceutical Preparations,6062793.0,1.66,1380
PURR,Hyperliquid Strategies Inc Common Stock,NASDAQ,Finance,Finance: Consumer Services,1365838736.0,6.81,5922799
PUSA,Aureus Greenway Holdings Inc. Common Stock,NASDAQ,Consumer Discretionary,Hotels/Resorts,92955358.0,3.45,936869
PVLA,Palvella Therapeutics Inc. Common Stock,NASDAQ,Health Care,Biotechnology: Pharmaceutical Preparations,2273214372.0,157.77,182325
PWCM,PowerCompute Inc. Common Stock,NASDAQ,Finance,Finance: Consumer Services,1383298.0,1.48,263538
PWP,Perella Weinberg Partners Class A Common Stock,NASDAQ,Finance,Finance: Consumer Services,1645669935.0,17.5,1474594
PXLW,Pixelworks Inc.  Common Stock,NASDAQ,Technology,Computer Software: Prepackaged Software,41615707.0,6.54,41807
PXS,Pyxis Tankers Inc. Common Stock,NASDAQ,Consumer Discretionary,Marine Transportation,51683949.0,5.03,51563
PYPD,PolyPid Ltd. Ordinary Shares,NASDAQ,Health Care,Medical/Dental Instruments,92362862.0,4.84,144096
PYPL,PayPal Holdings Inc. Common Stock,NASDAQ,Industrials,Diversified Commercial Services,50532073827.0,59.07,8409511
PYXS,Pyxis Oncology Inc. Common Stock,NASDAQ,Health Care,Biotechnology: Pharmaceutical Preparations,236315948.0,3.73,1237907
PZZA,Papa John's International Inc. Common Stock,NASDAQ,Consumer Discretionary,Restaurants,805112283.0,24.47,3445524
QBTS,D-Wave Quantum Inc. Common Stock,NASDAQ,Technology,EDP Services,7613472597.0,20.76,16258935
QCLS,Q/C Technologies Inc. Common Stock,NASDAQ,Health Care,Biotechnology: In Vitro & In Vivo Diagnostic Substances,22932013.0,2.92,106600
QCOM,QUALCOMM Incorporated Common Stock,NASDAQ,Technology,Radio And Television Broadcasting And Communications Equipment,176292265979.0,167.86,9717725
QCRH,QCR Holdings Inc. Common Stock,NASDAQ,Finance,Major Banks,1714871783.0,103.87,67762
QDEL,QuidelOrtho Corporation Common Stock,NASDAQ,Health Care,Biotechnology: In Vitro & In Vivo Diagnostic Substances,837726300.0,12.285,4889179
QFIN,Qfin Holdings Inc. American Depositary Shares,NASDAQ,Finance,Finance: Consumer Services,1611994944.0,13.24,970409
QH,Quhuo Limited Class A Ordinary Shares,NASDAQ,Consumer Discretionary,Business Services,12062666.0,4.385,10436
QLYS,Qualys Inc. Common Stock,NASDAQ,Technology,Computer Software: Prepackaged Software,6347490783.0,183.48,743128
QMCO,Quantum Corporation Common Stock,NASDAQ,Technology,Electronic Components,474386029.0,12.04,656900
QMLS,QumulusAI Inc. Common Stock,NASDAQ,Technology,EDP Services,203781172.0,6.2,221727
QNCX,Quince Therapeutics Inc. Common Stock,NASDAQ,Health Care,Biotechnology: Biological Products (No Diagnostic Substances),30715303.0,30.2,30353
QNME,Quanome Technologies Inc. Common Stock,NASDAQ,Industrials,Integrated Freight & Logistics,16525228.0,0.48,95264659
QNRX,Quoin Pharmaceuticals Ltd. American Depositary Shares,NASDAQ,Health Care,Biotechnology: Pharmaceutical Preparations,9620322.0,4.79,17373
QNST,QuinStreet Inc. Common Stock,NASDAQ,Consumer Discretionary,Business Services,1210948400.0,21.08,4902361
QNT,Quantinuum Inc. Class A Common Stock,NASDAQ,Technology,EDP Services,15321591969.0,58.71,1074328
QNTM,Quantum Biopharma Ltd. Class B Subordinate Voting Shares,NASDAQ,Health Care,Biotechnology: Pharmaceutical Preparations,22075187.0,3.45,181566
QQQX,Nuveen NASDAQ 100 Dynamic Overwrite Fund Shares of Beneficial Interest,NASDAQ,Finance,Finance Companies,0.0,30.51,86290
QRHC,Quest Resource Holding Corporation Common Stock,NASDAQ,Utilities,Environmental Services,31610270.0,1.5,132244
QRVO,Qorvo Inc. Common Stock,NASDAQ,Technology,Semiconductors,8740999398.0,99.08,1000256
QS,QuantumScape Corporation Class A Common Stock,NASDAQ,Miscellaneous,Industrial Machinery/Components,3764210123.0,6.08,18248252
QSI,Quantum-Si Incorporated Class A Common Stock,NASDAQ,Industrials,Industrial Machinery/Components,177343877.0,0.8144,2725038
QTEX,QTREX Quantum Ltd. Ordinary Shares,NASDAQ,Health Care,Medical/Dental Instruments,58494210.0,1.05,1503707
QTI,QT Imaging Holdings Inc. Common Stock,NASDAQ,Health Care,Biotechnology: Electromedical & Electrotherapeutic Apparatus,37589105.0,2.73,19422
QTRX,Quanterix Corporation Common Stock,NASDAQ,Industrials,Biotechnology: Laboratory Analytical Instruments,189837103.0,4.03,448658
QTTB,Q32 Bio Inc. Common Stock,NASDAQ,Health Care,Biotechnology: Pharmaceutical Preparations,464403670.0,15.6,513489
QUBT,Quantum Computing Inc. Common Stock,NASDAQ,Technology,Computer Software: Prepackaged Software,2070411181.0,9.18,9124239
QUCY,Quantum Cyber N.V. Ordinary Shares,NASDAQ,Health Care,Biotechnology: Pharmaceutical Preparations,32784846.0,1.44,716501
QUIK,QuickLogic Corporation Common Stock,NASDAQ,Technology,Semiconductors,264624183.0,14.52,167810
QURE,uniQure N.V. Ordinary Shares,NASDAQ,Health Care,Biotechnology: Pharmaceutical Preparations,3219988845.0,46.42,1827903
QXL,Quantum X Labs Inc. Common Stock,NASDAQ,Technology,Computer Software: Prepackaged Software,61347403.0,4.6,24290
RADX,Radiopharm Theranostics Limited American Depositary Shares,NASDAQ,Health Care,Biotechnology: Pharmaceutical Preparations,40256569.0,2.8,51087
RAIL,FreightCar America Inc. Common Stock,NASDAQ,Industrials,Railroads,260362763.0,7.94,141113
RAIN,Rain Enhancement Technologies Holdco Inc. Class A Common Stock,NASDAQ,Technology,Industrial Machinery/Components,12135101.0,1.18,275716
RAND,Rand Capital Corporation Common Stock,NASDAQ,Finance,Finance: Consumer Services,30559386.0,10.29,840
RANI,Rani Therapeutics Holdings Inc. Class A Common Stock,NASDAQ,Health Care,Biotechnology: Pharmaceutical Preparations,98115236.0,0.792,199767
RAPP,Rapport Therapeutics Inc. Common Stock,NASDAQ,Health Care,Biotechnology: Pharmaceutical Preparations,2182532230.0,45.49,246124
RARE,Ultragenyx Pharmaceutical Inc. Common Stock,NASDAQ,Health Care,Biotechnology: Pharmaceutical Preparations,2554437699.0,25.91,3829266
RAVE,Rave Restaurant Group Inc. Common Stock,NASDAQ,Consumer Discretionary,Food Distributors,44624317.0,3.14,4731
RAY,Raytech Holding Limited Ordinary Shares,NASDAQ,Consumer Discretionary,Consumer Electronics/Appliances,17212997.0,2.93,1421
RAYA,Erayak Power Solution Group Inc. Class A Ordinary Shares,NASDAQ,Consumer Discretionary,Metal Fabrications,2562945.0,2.43,473089
RBB,RBB Bancorp Common Stock,NASDAQ,Finance,Major Banks,453881798.0,26.8,109827
RBBN,Ribbon Communications Inc. Common Stock,NASDAQ,Technology,EDP Services,382681973.0,2.14,637800
RBCAA,Republic Bancorp Inc. Class A Common Stock,NASDAQ,Finance,Major Banks,1945882639.0,99.19,72350
RBKB,Rhinebeck Bancorp Inc. Common Stock,NASDAQ,Finance,Banks,138731164.0,12.42,150202
RBNE,Robin Energy Ltd. Common Stock,NASDAQ,Consumer Discretionary,Marine Transportation,3170867.0,2.38,51445
RCAT,Red Cat Holdings Inc. Common Stock,NASDAQ,Technology,Computer Software: Prepackaged Software,1130457145.0,9.21,10235514
RCBC,River City Bank Common stock,NASDAQ,Finance,Major Banks,687500020.0,47.0,114733
RCEL,Avita Medical Inc. Common Stock,NASDAQ,Health Care,Medical/Dental Instruments,239134874.0,7.77,7256403
RCKT,Rocket Pharmaceuticals Inc. Common Stock,NASDAQ,Health Care,Biotechnology: Pharmaceutical Preparations,394188712.0,3.61,1320529
RCKY,Rocky Brands Inc. Common Stock,NASDAQ,Consumer Discretionary,Shoe Manufacturing,368826779.0,49.23,45507
RCMT,RCM Technologies Inc. Common Stock,NASDAQ,Consumer Discretionary,Professional Services,208234099.0,29.38,22442
RCON,Recon Technology Ltd. Class A Ordinary Shares,NASDAQ,Energy,Oilfield Services/Equipment,3217274.0,0.0355,115303148
RCT,RedCloud Holdings plc Ordinary Shares,NASDAQ,Technology,Computer Software: Programming Data Processing,14277872.0,0.2088,384923
RDCM,Radcom Ltd. Ordinary Shares,NASDAQ,Technology,Computer peripheral equipment,168573616.0,10.1,84812
RDGT,Ridgetech Inc. Ordinary Shares,NASDAQ,Consumer Staples,Retail-Drug Stores and Proprietary Stores,2706911.0,0.7458,1439353
RDHL,Redhill Biopharma Ltd. American Depositary Shares,NASDAQ,Health Care,Biotechnology: Pharmaceutical Preparations,3678957.0,0.605,54407
RDI,Reading International Inc Class A Common Stock,NASDAQ,Consumer Discretionary,Movies/Entertainment,34303063.0,1.51,23128
RDIB,Reading International Inc Class B Common Stock,NASDAQ,Consumer Discretionary,Movies/Entertainment,204455340.0,9.0,1243
RDNT,RadNet Inc. Common Stock,NASDAQ,Health Care,Medical Specialities,5691939173.0,72.385,1469808
RDNW,RideNow Group Inc. Class B Common Stock,NASDAQ,Technology,EDP Services,262392797.0,6.8,52888
RDVT,Red Violet Inc. Common Stock ,NASDAQ,Technology,Computer Software: Prepackaged Software,925323219.0,65.485,274506
RDWR,Radware Ltd. Ordinary Shares,NASDAQ,Consumer Discretionary,Business Services,1197287251.0,28.3,165577
RDZN,Roadzen Inc. Ordinary Shares,NASDAQ,Finance,Specialty Insurers,112468262.0,1.33,185856
REAL,The RealReal Inc. Common Stock,NASDAQ,Consumer Discretionary,Other Specialty Stores,1481999054.0,12.3,12127240
REAX,The Real Brokerage Inc. Common Shares,NASDAQ,Finance,Real Estate,466400460.0,2.14,7416097
REBN,Reborn Coffee Inc. Common Stock,NASDAQ,Consumer Discretionary,Restaurants,12402317.0,1.51,181879
RECT,Rectitude Holdings Ltd Ordinary Shares,NASDAQ,Consumer Discretionary,Industrial Machinery/Components,19198610.0,1.24,35213
REFI,Chicago Atlantic Real Estate Finance Inc. Common Stock,NASDAQ,Real Estate,Real Estate Investment Trusts,217798232.0,10.27,281128
REFR,Research Frontiers Incorporated Common Stock,NASDAQ,Miscellaneous,Multi-Sector Companies,16963178.0,0.4865,94174
REG,Regency Centers Corporation Common Stock,NASDAQ,Real Estate,Real Estate Investment Trusts,14122256585.0,77.12,1606927
REGCO,Regency Centers Corporation 5.875% Series B Cumulative Redeemable Preferred Stock,NASDAQ,Real Estate,Real Estate Investment Trusts,3992027925.0,21.8,3957
REGCP,Regency Centers Corporation 6.25% Series A Cumulative Redeemable Preferred Stock,NASDAQ,Real Estate,Real Estate Investment Trusts,4214519389.0,23.015,1514
REGN,Regeneron Pharmaceuticals Inc. Common Stock,NASDAQ,Health Care,Biotechnology: Pharmaceutical Preparations,80753774388.0,784.36,837572
REKR,Rekor Systems Inc. Common Stock,NASDAQ,Telecommunications,Telecommunications Equipment,91729569.0,0.6666,786348
RELL,Richardson Electronics Ltd. Common Stock,NASDAQ,Technology,Electronic Components,303546905.0,20.66,269843
RELY,Remitly Global Inc. Common Stock,NASDAQ,Consumer Discretionary,Business Services,5169324599.0,24.42,4558810
RENT,Rent the Runway Inc. Class A Common Stock,NASDAQ,Consumer Discretionary,Other Specialty Stores,123598059.0,3.68,13477
RENX,RenX Enterprises Corp. Common Stock,NASDAQ,Utilities,Environmental Services,5097060.0,1.95,63873
REPL,Replimune Group Inc. Common Stock,NASDAQ,Health Care,Biotechnology: Biological Products (No Diagnostic Substances),1013354416.0,12.06,8876081
RETO,ReTo Eco-Solutions Inc. Class A Shares,NASDAQ,Industrials,Industrial Machinery/Components,100283504.0,2.96,5228
REVB,Revelation Biosciences Inc. Common Stock,NASDAQ,Health Care,Biotechnology: Pharmaceutical Preparations,4455599.0,1.14,25580
REYN,Reynolds Consumer Products Inc. Common Stock,NASDAQ,Consumer Discretionary,Containers/Packaging,5590176843.0,26.52,937147
RFIL,RF Industries Ltd. Common Stock,NASDAQ,Technology,Electrical Products,139004705.0,12.81,183213
RGC,Regencell Bioscience Holdings Limited Ordinary Shares,NASDAQ,Health Care, Medicinal Chemicals and Botanical Products ,2675184992.0,5.41,191726
RGCO,RGC Resources Inc. Common Stock,NASDAQ,Utilities,Oil & Gas Production,227604502.0,21.87,13203
RGEN,Repligen Corporation Common Stock,NASDAQ,Health Care,Biotechnology: Biological Products (No Diagnostic Substances),9249798282.0,163.9,950570
RGLD,Royal Gold Inc. Common Stock,NASDAQ,Industrials,Precious Metals,19512529132.0,229.92,848922
RGNX,REGENXBIO Inc. Common Stock,NASDAQ,Health Care,Biotechnology: Biological Products (No Diagnostic Substances),554198497.0,10.72,1386072
RGP,Resources Connection Inc. Common Stock,NASDAQ,Consumer Discretionary,Business Services,144663229.0,4.2,202850
RGS,Regis Corporation Common Stock,NASDAQ,Consumer Discretionary,Other Consumer Services,70253143.0,28.115,5255
RGTI,Rigetti Computing Inc. Common Stock,NASDAQ,Technology,EDP Services,5963234598.0,17.94,29968681
RICK,RCI Hospitality Holdings Inc. Common Stock,NASDAQ,Consumer Discretionary,Restaurants,214581115.0,28.07,101096
RIGL,Rigel Pharmaceuticals Inc. Common Stock,NASDAQ,Health Care,Biotechnology: Pharmaceutical Preparations,750370137.0,40.17,315528
RILY,BRC Group Holdings Inc. Common Stock,NASDAQ,Finance,Investment Managers,288597917.0,7.18,989449
RILYG,BRC Group Holdings Inc. 5.00% Senior Notes due 2026,NASDAQ,Finance,Investment Managers,745653264.0,24.45,10109
RILYL,BRC Group Holdings Inc. Depositary Shares each representing 1/1000th in a share of 7.375% Series B Cumulative Perpetual Preferred Stock par value $0.0001,NASDAQ,Finance,Investment Managers,546647866.0,13.6,5154
RILYN,BRC Group Holdings Inc. 6.50% Senior Notes Due 2026,NASDAQ,Finance,Investment Managers,761206767.0,24.96,9370
RILYP,BRC Group Holdings Inc. Depositary Shares each representing a 1/1000th fractional interest in a share of Series A Cumulative Perpetual Preferred Stock,NASDAQ,Finance,Investment Managers,544638131.0,13.55,3878
RILYT,BRC Group Holdings Inc. 6.00% Senior Notes Due 2028,NASDAQ,Finance,Investment Managers,649587506.0,21.3,52391
RILYZ,BRC Group Holdings Inc. 5.25% Senior Notes due 2028,NASDAQ,Finance,Investment Managers,590118227.0,19.35,33301
RIME,Algorhythm Holdings Inc. Common Stock,NASDAQ,Technology,EDP Services,6571458.0,0.426,479235
RIOT,Riot Platforms Inc. Common Stock ,NASDAQ,Finance,Finance: Consumer Services,7752747528.0,20.52,12224382
RITR,Reitar Logtech Holdings Limited Ordinary shares,NASDAQ,Finance,Real Estate,10365663.0,0.166,13167352
RIVN,Rivian Automotive Inc. Class A Common Stock,NASDAQ,Industrials,Auto Manufacturing,23165770080.0,16.0,17630473
RJET,Republic Airways Holdings Inc. Common Stock,NASDAQ,Consumer Discretionary,Air Freight/Delivery Services,1001469105.0,21.39,57879
RKDA,Arcadia Biosciences Inc. Common Stock,NASDAQ,Energy,Oil & Gas Production,1676570.0,0.6959,10066
RKLB,Rocket Lab Corporation Common Stock,NASDAQ,Industrials,Military/Government/Technical,47947592954.0,82.83,24029563
RKTO,Rocket One Inc. Common Stock,NASDAQ,Health Care,Biotechnology: Pharmaceutical Preparations,18919672.0,0.7599,301710
RLAY,Relay Therapeutics Inc. Common Stock,NASDAQ,Health Care,Biotechnology: Biological Products (No Diagnostic Substances),3787658482.0,19.77,2315224
RLMD,Relmada Therapeutics Inc. Common Stock,NASDAQ,Health Care,Biotechnology: Pharmaceutical Preparations,518157702.0,4.94,2125019
RLYB,Rallybio Corporation Common Stock,NASDAQ,Health Care,Biotechnology: Pharmaceutical Preparations,85617894.0,16.16,12306
RMBI,Richmond Mutual Bancorporation Inc. Common Stock,NASDAQ,Finance,Major Banks,265073861.0,15.82,29999
RMBS,Rambus Inc. Common Stock,NASDAQ,Technology,Semiconductors,11011021937.0,101.52,1979785
RMCF,Rocky Mountain Chocolate Factory Inc. Common Stock,NASDAQ,Consumer Staples,Specialty Foods,7836745.0,0.8302,14897
RMCO,Royalty Management Holding Corporation Class A Common Stock,NASDAQ,Miscellaneous,Multi-Sector Companies,44265906.0,2.92,114965
RMIX,Suncrete Inc. Class A Common Stock,NASDAQ,Industrials,Building Materials,1358999355.0,18.98,248939
RMNI,Rimini Street Inc. (DE) Common Stock,NASDAQ,Consumer Discretionary,Business Services,471447800.0,5.05,359268
RMR,The RMR Group Inc. Class A Common Stock,NASDAQ,Consumer Discretionary,Professional Services,623960396.0,19.45,237806
RMSG,Real Messenger Corporation Ordinary Shares,NASDAQ,Technology,Computer Software: Programming Data Processing,6157030.0,0.3808,229178
RMTI,Rockwell Medical Inc. Common Stock,NASDAQ,Health Care,Biotechnology: Pharmaceutical Preparations,28181794.0,7.14,11334
RNA,Atrium Therapeutics Inc. Common Stock,NASDAQ,Health Care,Biotechnology: Pharmaceutical Preparations,211083635.0,12.34,103295
RNAC,Cartesian Therapeutics Inc. Common Stock,NASDAQ,Health Care,Biotechnology: Pharmaceutical Preparations,260026399.0,8.85,83721
RNAZ,TransCode Therapeutics Inc. Common Stock,NASDAQ,Health Care,Biotechnology: Pharmaceutical Preparations,4191585.0,3.96,27495
RNTX,Rein Therapeutics Inc. Common Stock,NASDAQ,Health Care,Biotechnology: Pharmaceutical Preparations,69928159.0,0.8175,354308
RNW,ReNew Energy Global plc Class A Ordinary Shares,NASDAQ,Utilities,Electric Utilities: Central,2248364585.0,6.17,569140
RNXT,RenovoRx Inc. Common Stock,NASDAQ,Health Care,Biotechnology: Pharmaceutical Preparations,50511029.0,1.12,317832
ROAD,Construction Partners Inc. Class A Common Stock,NASDAQ,Industrials,Military/Government/Technical,6769470007.0,119.74,1971339
ROC,Rank One Computing Corporation Common stock,NASDAQ,Technology,Computer Software: Prepackaged Software,84143360.0,4.41,67926
ROCK,Gibraltar Industries Inc. Common Stock,NASDAQ,Industrials,Steel/Iron Ore,1491021744.0,50.23,250755
ROIV,Roivant Sciences Ltd. Common Shares,NASDAQ,Health Care,Biotechnology: Pharmaceutical Preparations,26261757373.0,36.34,6743481
ROKU,Roku Inc. Class A Common Stock,NASDAQ,Telecommunications,Cable & Other Pay Television Services,22596522699.0,153.11,2848918
ROMA,Roma Green Finance Limited Class A Ordinary Shares,NASDAQ,Consumer Discretionary,Professional Services,530124682.0,8.9,3209
ROOT,Root Inc. Class A Common Stock,NASDAQ,Finance,Property-Casualty Insurers,797902478.0,51.5,544013
ROP,Roper Technologies Inc. Common Stock,NASDAQ,Industrials,Industrial Machinery/Components,39782876567.0,402.25,686557
ROST,Ross Stores Inc. Common Stock,NASDAQ,Consumer Discretionary,Clothing/Shoe/Accessory Stores,81872954027.0,255.23,1214049
RPAY,Repay Holdings Corporation Class A Common Stock,NASDAQ,Consumer Discretionary,Business Services,354208658.0,3.95,306579
RPD,Rapid7 Inc. Common Stock,NASDAQ,Technology,Computer Software: Prepackaged Software,773230250.0,11.57,2085997
RPGL,Republic Power Group Limited Class A Ordinary Shares,NASDAQ,Technology,Computer Software: Prepackaged Software,2238325.0,1.95,31235
RPID,Rapid Micro Biosystems Inc. Class A Common Stock,NASDAQ,Industrials,Biotechnology: Laboratory Analytical Instruments,79872719.0,1.73,1443492
RPRX,Royalty Pharma plc Class A Ordinary Shares ,NASDAQ,Health Care,Biotechnology: Pharmaceutical Preparations,32642818351.0,56.77,4159532
RR,Richtech Robotics Inc. Class B Common Stock,NASDAQ,Industrials,Industrial Machinery/Components,359989517.0,1.61,3598146
RRBI,Red River Bancshares Inc. Common Stock,NASDAQ,Finance,Major Banks,659193917.0,100.11,53001
RRGB,Red Robin Gourmet Burgers Inc. Common Stock,NASDAQ,Consumer Discretionary,Restaurants,151697138.0,8.2,147987
RRR,Red Rock Resorts Inc. Class A Common Stock,NASDAQ,Consumer Discretionary,Hotels/Resorts,6457266983.0,61.88,582643
RSSS,Research Solutions Inc Common Stock,NASDAQ,Technology,EDP Services,71075828.0,2.16,28842
RSVR,Reservoir Media Inc. Common Stock,NASDAQ,Consumer Discretionary,Services-Misc. Amusement & Recreation,667219119.0,10.12,42695
RTB,RTB Digital Inc. Common Stock,NASDAQ,Consumer Discretionary,Professional Services,231539949.0,17.0,33402
RUBI,Rubico Inc. Common Stock,NASDAQ,Consumer Discretionary,Marine Transportation,4030664.0,2.25,102521
RUM,RUM Group Inc. Class A Common Stock,NASDAQ,Technology,Computer Software: Programming Data Processing,2783084791.0,6.385,2057505
RUN,Sunrun Inc. Common Stock,NASDAQ,Miscellaneous,Industrial Machinery/Components,2456639216.0,10.2,11601979
RUSHA,Rush Enterprises Inc. Common Stock Cl A,NASDAQ,Consumer Discretionary,Retail-Auto Dealers and Gas Stations,6223200263.0,80.08,408551
RUSHB,Rush Enterprises Inc. Class B,NASDAQ,Consumer Discretionary,Retail-Auto Dealers and Gas Stations,6142379481.0,79.04,46406
RVMD,Revolution Medicines Inc. Common Stock,NASDAQ,Health Care,Biotechnology: Biological Products (No Diagnostic Substances),43971116153.0,205.15,1665492
RVSB,Riverview Bancorp Inc Common Stock,NASDAQ,Finance,Savings Institutions,108727311.0,5.36,24013
RVSN,Rail Vision Ltd. Ordinary Share,NASDAQ,Industrials,Railroads,10434805.0,4.76,49827
RWAY,Runway Growth Finance Corp. Common Stock,NASDAQ,Finance,Finance: Consumer Services,290457495.0,6.84,1953298
RWAYI,Runway Growth Finance Corp. 7.25% Notes due 2031,NASDAQ,Finance,Finance: Consumer Services,0.0,24.76,10211
RWAYL,Runway Growth Finance Corp. 7.50% Notes due 2027,NASDAQ,Finance,Finance: Consumer Services,919902453.0,25.4,5355
RXRX,Recursion Pharmaceuticals Inc. Class A Common Stock,NASDAQ,Health Care,Biotechnology: Biological Products (No Diagnostic Substances),1723801787.0,3.22,9321225
RXST,RxSight Inc. Common Stock,NASDAQ,Health Care,Ophthalmic Goods,260373783.0,6.26,627708
RXT,Rackspace Technology Inc. Common Stock,NASDAQ,Technology,Computer Software: Programming Data Processing,1244152140.0,4.9,5996399
RYAAY,Ryanair Holdings plc American Depositary Shares,NASDAQ,Consumer Discretionary,Air Freight/Delivery Services,31674011760.0,60.19,484438
RYET,Ruanyun Edai Technology Inc. Ordinary shares,NASDAQ,Technology,Computer Software: Prepackaged Software,39144004.0,1.05,5441
RYM,RYTHM Inc. Common Stock,NASDAQ,Consumer Staples,Farming/Seeds/Milling,49500000.0,22.5,32974
RYOJ,rYojbaba Co. Ltd. Common Shares,NASDAQ,Consumer Discretionary,Professional Services,57057000.0,4.94,228583
RYTM,Rhythm Pharmaceuticals Inc. Common Stock,NASDAQ,Health Care,Biotechnology: Pharmaceutical Preparations,7961366242.0,115.63,672828
RZLT,Rezolute Inc. Common Stock (NV),NASDAQ,Health Care,Biotechnology: Pharmaceutical Preparations,451611032.0,4.69,986271
RZLV,Rezolve AI PLC Ordinary Shares,NASDAQ,Technology,Computer Software: Programming Data Processing,1093069521.0,2.73,8044394
SABR,Sabre Corporation Common Stock,NASDAQ,Technology,Computer Software: Programming Data Processing,818298475.0,2.07,5629823
SABS,SAB Biotherapeutics Inc. Common Stock,NASDAQ,Health Care,Biotechnology: Biological Products (No Diagnostic Substances),298209967.0,3.9,343659
SAFT,Safety Insurance Group Inc. Common Stock,NASDAQ,Finance,Property-Casualty Insurers,1519735419.0,103.5,183777
SAFX,XCF Global Inc. Class A Common Stock,NASDAQ,Industrials,Major Chemicals,157544684.0,0.3903,1866445
SAGT,SAGTEC GLOBAL LIMITED Class A Ordinary shares,NASDAQ,Technology,Computer Software: Prepackaged Software,9412500.0,0.75,4259130
SAIA,Saia Inc. Common Stock,NASDAQ,Industrials,Trucking Freight/Courier Services,9715174277.0,364.21,312113
SAIC,Science Applications International Corporation Common Stock,NASDAQ,Technology,EDP Services,5349708676.0,126.54,385858
SAIH,SAIHEAT Limited Class A Ordinary Shares,NASDAQ,Technology,EDP Services,37691695.0,20.82,9812
SAIL,SailPoint Inc. Common Stock,NASDAQ,Technology,Computer Software: Prepackaged Software,10583634724.0,18.66,3097713
SAMG,Silvercrest Asset Management Group Inc. Class A Common Stock,NASDAQ,Finance,Investment Managers,120965701.0,10.21,99423
SANA,Sana Biotechnology Inc. Common Stock,NASDAQ,Health Care,Biotechnology: Biological Products (No Diagnostic Substances),979586397.0,3.52,2150978
SANG,Sangoma Technologies Corporation Common Shares,NASDAQ,Technology,Computer Software: Programming Data Processing,133780736.0,4.02,10654
SANM,Sanmina Corporation Common Stock,NASDAQ,Technology,Electrical Products,10865791982.0,202.73,424149
SATA,Strive Inc. Variable Rate Series A Perpetual Preferred Stock,NASDAQ,Technology,Computer Software: Prepackaged Software,8376366014.0,99.47,189211
SATL,Satellogic Inc. Class A Common Stock,NASDAQ,Technology,Radio And Television Broadcasting And Communications Equipment,851601489.0,5.52,7382262
SBAC,SBA Communications Corporation Class A Common Stock,NASDAQ,Real Estate,Real Estate Investment Trusts,19518777019.0,184.03,595249
SBC,SBC Medical Group Holdings Incorporated Common Stock,NASDAQ,Health Care,Medical/Nursing Services,314711646.0,3.06,89103
SBCF,Seacoast Banking Corporation of Florida Common Stock,NASDAQ,Finance,Major Banks,3345227705.0,34.55,691628
SBET,Sharplink Inc. Common Stock,NASDAQ,Technology,Computer Software: Prepackaged Software,1365702229.0,6.43,4928386
SBFG,SB Financial Group Inc. Common Stock,NASDAQ,Finance,Major Banks,169239905.0,26.97,10004
SBFM,Sunshine Biopharma Inc. Common Stock,NASDAQ,Health Care,Biotechnology: Pharmaceutical Preparations,2612071.0,1.23,11179725
SBGI,Sinclair Inc. Class A Common Stock,NASDAQ,Industrials,Broadcasting,1026916452.0,14.2,1245400
SBLK,Star Bulk Carriers Corp. Common Shares,NASDAQ,Consumer Discretionary,Marine Transportation,3223221335.0,28.9,1915131
SBRA,Sabra Health Care REIT Inc. Common Stock,NASDAQ,Real Estate,Real Estate Investment Trusts,5374936386.0,21.04,1802420
SBUX,Starbucks Corporation Common Stock,NASDAQ,Consumer Discretionary,Restaurants,120361200000.0,105.58,6376932
SCAG,Scage Future American Depositary Shares,NASDAQ,Consumer Discretionary,Construction/Ag Equipment/Trucks,26502528.0,0.365,41664
SCHL,Scholastic Corporation Common Stock,NASDAQ,Consumer Discretionary,Books,791850899.0,41.98,444935
SCKT,Socket Mobile Inc. Common Stock,NASDAQ,Technology,Computer Manufacturing,3181834.0,0.3861,15255
SCLX,Scilex Holding Company Common Stock,NASDAQ,Health Care,Biotechnology: Biological Products (No Diagnostic Substances),59014306.0,6.95,39082
SCNI,Scinai Immunotherapeutics Ltd. American Depositary Shares,NASDAQ,Health Care,Biotechnology: Biological Products (No Diagnostic Substances),1229801.0,0.2453,201717
SCNX,Scienture Holdings Inc. Common Stock,NASDAQ,Health Care,Biotechnology: Pharmaceutical Preparations,15443773.0,0.3801,93536
SCOR,comScore Inc. Common Stock,NASDAQ,Consumer Discretionary,Business Services,108674611.0,7.2,6043
SCSC,ScanSource Inc. Common Stock,NASDAQ,Technology,Retail: Computer Software & Peripheral Equipment,1116832869.0,54.95,249370
SCTX,Scribe Therapeutics Inc. Common Stock,NASDAQ,Health Care,Biotechnology: Biological Products (No Diagnostic Substances),420732260.0,26.0,120192
SCWO,374Water Inc. Common Stock,NASDAQ,Consumer Discretionary,Metal Fabrications,37615334.0,2.15,31287
SCYX,SCYNEXIS Inc. Common Stock,NASDAQ,Health Care,Biotechnology: Pharmaceutical Preparations,52034924.0,5.24,94610
SCZM,Santacruz Silver Mining Ltd. Common Shares,NASDAQ,Basic Materials,Precious Metals,776921872.0,8.4,553968
SDA,SunCar Technology Group Inc. Class A Ordinary Shares,NASDAQ,Consumer Discretionary,Automotive Aftermarket,89800729.0,0.85,63927
SDGR,Schrodinger Inc. Common Stock,NASDAQ,Health Care,Biotechnology: Pharmaceutical Preparations,1358470204.0,18.16,1370874
SDOT,Sadot Group Inc. Common Stock,NASDAQ,Consumer Discretionary,Restaurants,15958981.0,12.09,85184
SDST,Stardust Power Inc. Common Stock,NASDAQ,Industrials,Major Chemicals,7035518.0,0.665,306308
SEAT,Vivid Seats Inc. Class A Common Stock,NASDAQ,Consumer Discretionary,Services-Misc. Amusement & Recreation,89012393.0,7.6,34337
SEDG,SolarEdge Technologies Inc. Common Stock,NASDAQ,Technology,Semiconductors,1954057756.0,31.76,8957339
SEED,Origin Agritech Limited Common Stock,NASDAQ,Consumer Staples,Farming/Seeds/Milling,12629267.0,1.04,106815
SEER,Seer Inc. Class A Common Stock,NASDAQ,Industrials,Biotechnology: Laboratory Analytical Instruments,119309966.0,2.17,268267
SEGG,Sports Entertainment Gaming Global Corporation Common Stock,NASDAQ,Technology,Computer Software: Prepackaged Software,8246502.0,2.53,56782
SEIC,SEI Investments Company Common Stock,NASDAQ,Finance,Investment Bankers/Brokers/Service,12566008355.0,104.7,472679
SELF,Global Self Storage Inc. Common Stock,NASDAQ,Real Estate,Real Estate Investment Trusts,58821920.0,5.15,42123
SENEA,Seneca Foods Corp. Class A Common Stock,NASDAQ,Consumer Staples,Packaged Foods,1210690081.0,178.82,140938
SENEB,Seneca Foods Corp. Class B Common Stock,NASDAQ,Consumer Staples,Packaged Foods,1134048700.0,167.5,311
SENS,Senseonics Holdings Inc. Common Stock,NASDAQ,Health Care,Medical/Dental Instruments,293456814.0,7.02,2224162
SEPN,Septerna Inc. Common Stock,NASDAQ,Health Care,Biotechnology: Pharmaceutical Preparations,1750282946.0,38.83,303774
SERA,Sera Prognostics Inc. Class A Common Stock,NASDAQ,Health Care,Medical Specialities,81058561.0,2.07,61385
SERV,Serve Robotics Inc. Common Stock,NASDAQ,Industrials,Industrial Machinery/Components,393443210.0,5.085,10054238
SEV,Aptera Motors Corp. Class B Common Stock,NASDAQ,Industrials,Auto Manufacturing,82273172.0,2.23,291925
SEVN,Seven Hills Realty Trust Common Stock,NASDAQ,Real Estate,Real Estate Investment Trusts,174229300.0,7.69,184482
SEZL,Sezzle Inc. Common Stock,NASDAQ,Finance,Finance: Consumer Services,3968660782.0,118.02,4231615
SFBC,Sound Financial Bancorp Inc. Common Stock,NASDAQ,Finance,Savings Institutions,119322209.0,46.5,2621
SFD,Smithfield Foods Inc. Common Stock,NASDAQ,Consumer Staples,Meat/Poultry/Fish,9994322480.0,25.4,906961
SFHG,Samfine Creation Holdings Group Limited Class A Ordinary Share,NASDAQ,Consumer Discretionary,Publishing,9378600.0,2.31,6476
SFIX,Stitch Fix Inc. Class A Common Stock,NASDAQ,Consumer Discretionary,Catalog/Specialty Distribution,560388595.0,4.2,1208928
SFM,Sprouts Farmers Market Inc. Common Stock,NASDAQ,Consumer Staples,Food Chains,8006241083.0,85.86,1171519
SFNC,Simmons First National Corporation Class A Common Stock,NASDAQ,Finance,Major Banks,3390293490.0,23.46,1303870
SFST,Southern First Bancshares Inc. Common Stock,NASDAQ,Finance,Major Banks,599846244.0,63.33,73348
SFWL,Shengfeng Development Limited Class A Ordinary Shares,NASDAQ,Industrials,Trucking Freight/Courier Services,73348539.0,0.8891,4621
SGA,Saga Communications Inc. Class A Common Stock (FL),NASDAQ,Consumer Discretionary,Broadcasting,63894239.0,10.04,22452
SGC,Superior Group of Companies Inc. Common Stock,NASDAQ,Consumer Discretionary,Apparel,224508430.0,14.08,56897
SGHT,Sight Sciences Inc. Common Stock,NASDAQ,Health Care,Medical/Dental Instruments,411507285.0,7.47,374803
SGLY,Singularity Future Technology Ltd. Common Stock,NASDAQ,Industrials,Integrated Freight & Logistics,6161730.0,6.87,51989
SGML,Sigma Lithium Corporation Common Shares,NASDAQ,Basic Materials,Metal Mining,1278501042.0,11.38,1639506
SGMT,Sagimet Biosciences Inc. Series A Common Stock,NASDAQ,Health Care,Biotechnology: Pharmaceutical Preparations,559471371.0,9.06,1112009
SGP,SpyGlass Pharma Inc. Common Stock,NASDAQ,Health Care,Medical/Dental Instruments,846198215.0,25.31,72034
SGRY,Surgery Partners Inc. Common Stock,NASDAQ,Health Care,Hospital/Nursing Management,2031294524.0,15.53,1892655
SHAZ,SharonAI Holdings Inc. Class A Common Stock,NASDAQ,Technology,EDP Services,1782656514.0,49.79,2615393
SHBI,Shore Bancshares Inc Common Stock,NASDAQ,Finance,Major Banks,795595060.0,23.84,260551
SHC,Sotera Health Company Common Stock,NASDAQ,Health Care,Misc Health and Biotechnology Services,5378249507.0,18.86,3375821
SHEN,Shenandoah Telecommunications Co Common Stock,NASDAQ,Telecommunications,Telecommunications Equipment,719355886.0,13.48,363572
SHFS,SHF Holdings Inc. Class A Common Stock,NASDAQ,Finance,Finance: Consumer Services,2157034.0,0.1749,381322
SHIM,Shimmick Corporation Common Stock,NASDAQ,Industrials,Military/Government/Technical,162199237.0,4.42,113565
SHIP,Seanergy Maritime Holdings Corp. Common Stock,NASDAQ,Consumer Discretionary,Marine Transportation,365325818.0,16.86,221449
SHLS,Shoals Technologies Group Inc. Class A Common Stock,NASDAQ,Technology,Semiconductors,1502918554.0,8.93,4593635
SHMD,SCHMID Group N.V. Class A Ordinary Shares,NASDAQ,Technology,Industrial Machinery/Components,309989427.0,4.72,328889
SHOE,Shoe Station Group Inc. Common Stock,NASDAQ,Consumer Discretionary,Clothing/Shoe/Accessory Stores,427633101.0,15.75,349166
SHOO,Steven Madden Ltd. Common Stock,NASDAQ,Consumer Discretionary,Shoe Manufacturing,3554943275.0,48.58,764556
SHOP,Shopify Inc. Class A Subordinate Voting Shares,NASDAQ,Technology,Computer Software: Prepackaged Software,196406077059.0,151.57,13401458
SHPH,Shuttle Pharmaceuticals Holdings Inc. Common Stock,NASDAQ,Health Care,Biotechnology: Pharmaceutical Preparations,2778122.0,4.36,57056
SIBN,SI-BONE Inc. Common Stock,NASDAQ,Health Care,Medical/Dental Instruments,834073681.0,18.61,297233
SIDU,Sidus Space Inc. Class A Common Stock,NASDAQ,Telecommunications,Telecommunications Equipment,181137273.0,2.24,8111547
SIEB,Siebert Financial Corp. Common Stock,NASDAQ,Finance,Investment Bankers/Brokers/Service,68371363.0,1.67,5803
SIFY,Sify Technologies Limited American Depositary Shares,NASDAQ,Technology,Computer Software: Programming Data Processing,1144466917.0,15.8,31001
SIGA,SIGA Technologies Inc. Common Stock,NASDAQ,Health Care,Biotechnology: Pharmaceutical Preparations,218758496.0,3.05,678847
SIGI,Selective Insurance Group Inc. Common Stock,NASDAQ,Finance,Property-Casualty Insurers,5732336321.0,96.23,248933
SIGIP,Selective Insurance Group Inc. Depositary Shares each representing a 1/1000th interest in a share of 4.60% Non-Cumulative Preferred Stock Series B,NASDAQ,Finance,Property-Casualty Insurers,940596389.0,15.79,1891
SILC,Silicom Ltd Ordinary Shares,NASDAQ,Telecommunications,Computer Communications Equipment,241916947.0,42.09,126538
SILO,Silo Pharma Inc. Common Stock,NASDAQ,Health Care,Biotechnology: Pharmaceutical Preparations,4678498.0,3.735,138686
SIMA,SIM Acquisition Corp. I Class A Ordinary Shares,NASDAQ,Miscellaneous,Industrial Machinery/Components,0.0,10.94,31
SIMO,Silicon Motion Technology Corporation American Depositary Shares,NASDAQ,Technology,Semiconductors,8684474700.0,256.12,619461
SINT,SiNtx Technologies Inc. Common Stock,NASDAQ,Health Care,Medical/Dental Instruments,10553666.0,1.66,3825
SION,Sionna Therapeutics Inc. Common Stock,NASDAQ,Health Care,Biotechnology: Pharmaceutical Preparations,2304472843.0,51.04,746267
SIRI,SiriusXM Holdings Inc. Common Stock,NASDAQ,Consumer Discretionary,Broadcasting,10081670710.0,29.91,3772623
SITM,SiTime Corporation Common Stock,NASDAQ,Technology,Semiconductors,21726138820.0,725.28,726590
SJ,Scienjoy Holding Corporation Class A Ordinary Shares ,NASDAQ,Technology,EDP Services,38267447.0,0.9012,3953
SKHY,SK hynix Inc. American Depositary Shares,NASDAQ,Technology,Semiconductors,1005178411050.0,137.91,34215872
SKIN,SkinHealth Systems Inc. Class A Common Stock,NASDAQ,Health Care,Medical/Dental Instruments,86016754.0,0.661,903725
SKK,SKK Holdings Limited Class A Ordinary Shares,NASDAQ,Industrials,Water Sewer Pipeline Comm & Power Line Construction,11753659.0,4.8,3734
SKWD,Skyward Specialty Insurance Group Inc. Common Stock,NASDAQ,Finance,Property-Casualty Insurers,2826724709.0,63.67,435134
SKYA,SkyAI Inc. Common Stock,NASDAQ,Health Care,Medical/Dental Instruments,51209823.0,1.21,20993
SKYE,Skye Bioscience Inc. Common Stock,NASDAQ,Health Care,Biotechnology: Pharmaceutical Preparations,18253649.0,0.5194,335316
SKYQ,Sky Quarry Inc. Common Stock,NASDAQ,Industrials,Environmental Services,45206539.0,3.5,1889956
SKYW,SkyWest Inc. Common Stock,NASDAQ,Consumer Discretionary,Air Freight/Delivery Services,4342559868.0,111.84,247885
SKYX,SKYX Platforms Corp. Common Stock,NASDAQ,Consumer Discretionary,Building Products,164070585.0,1.22,539736
SLAB,Silicon Laboratories Inc. Common Stock,NASDAQ,Technology,Semiconductors,7229945420.0,219.21,166765
SLBT,SL Science Holding Limited Ordinary Shares,NASDAQ,Health Care,Biotechnology: Biological Products (No Diagnostic Substances),1497228551.0,2.67,26372
SLDB,Solid Biosciences Inc. Common Stock,NASDAQ,Health Care,Biotechnology: Biological Products (No Diagnostic Substances),825992194.0,8.39,1054942
SLDE,Slide Insurance Holdings Inc. Common Stock,NASDAQ,Finance,Property-Casualty Insurers,2468231622.0,21.13,695616
SLDP,Solid Power Inc. Class A Common Stock,NASDAQ,Miscellaneous,Industrial Machinery/Components,531662224.0,2.33,3429995
SLE,Super League Enterprise Inc. Common Stock,NASDAQ,Technology,EDP Services,4649863.0,2.89,31553
SLGB,Smart Logistics Global Limited Class A Ordinary Shares,NASDAQ,Industrials,Integrated Freight & Logistics,24295000.0,0.565,102905331
SLGL,Sol-Gel Technologies Ltd. Ordinary Shares,NASDAQ,Health Care,Biotechnology: Pharmaceutical Preparations,247269352.0,88.0,46391
SLM,SLM Corporation Common Stock,NASDAQ,Finance,Finance: Consumer Services,5144108240.0,27.37,1497605
SLMBP,SLM Corporation Floating Rate Non-Cumulative Preferred Stock Series B,NASDAQ,Finance,Finance: Consumer Services,14096021850.0,75.0,1190
SLMT,Brera Holdings PLC Class B Ordinary Shares,NASDAQ,Consumer Discretionary,Services-Misc. Amusement & Recreation,44477548.0,4.04,41596
SLN,Silence Therapeutics Plc American Depository Share,NASDAQ,Health Care,Biotechnology: Pharmaceutical Preparations,559260000.0,11.95,316905
SLNG,Stabilis Solutions Inc. Common Stock,NASDAQ,Utilities,Oil/Gas Transmission,87216652.0,4.69,22217
SLNH,Soluna Holdings Inc. Common Stock,NASDAQ,Technology,EDP Services,165376054.0,1.17,9002938
SLNHP,Soluna Holdings Inc 9.0% Series A Cumulative Perpetual Preferred Stock ,NASDAQ,Technology,EDP Services,1660827896.0,11.75,1304
SLP,Simulations Plus Inc. Common Stock,NASDAQ,Technology,EDP Services,370519032.0,18.32,157007
SLRC,SLR Investment Corp. Common Stock,NASDAQ,Finance,Finance/Investors Services,714665705.0,13.1,397906
SLS,SELLAS Life Sciences Group Inc. Common Stock,NASDAQ,Health Care,Biotechnology: Pharmaceutical Preparations,2234251214.0,12.01,5106740
SLSN,Solesence Inc. Common Stock,NASDAQ,Consumer Discretionary,Package Goods/Cosmetics,75576716.0,1.07,8779
SLXN,Silexion Therapeutics Corp Ordinary Shares,NASDAQ,Health Care,Biotechnology: Biological Products (No Diagnostic Substances),1988029.0,1.87,80601
SMBC,Southern Missouri Bancorp Inc. Common Stock,NASDAQ,Finance,Banks,849856009.0,77.15,65849
SMCI,Super Micro Computer Inc. Common Stock,NASDAQ,Technology,Computer Manufacturing,18722157345.0,31.13,32250254
SMCIP,Super Micro Computer Inc. Depositary Shares representing a 1/20th Interest in a Share of 7% Series A Mandatory Convertible Preferred Stock,NASDAQ,Technology,Computer Manufacturing,32657023573.0,54.3,41554
SMID,Smith-Midland Corporation Common Stock,NASDAQ,Industrials,Building Materials,152085838.0,28.66,9435
SMMT,Summit Therapeutics Inc. Common Stock ,NASDAQ,Health Care,Biotechnology: Pharmaceutical Preparations,11136584444.0,13.96,2180309
SMPL,The Simply Good Foods Company Common Stock,NASDAQ,Consumer Staples,Packaged Foods,981912050.0,11.1,1352679
SMSI,Smith Micro Software Inc. Common Stock,NASDAQ,Technology,Computer Software: Prepackaged Software,16210652.0,2.9,31281
SMTC,Semtech Corporation Common Stock,NASDAQ,Technology,Semiconductors,12987135843.0,139.42,2155525
SMTI,Sanara MedTech Inc. Common Stock,NASDAQ,Health Care,Industrial Specialties,312491343.0,34.1,255717
SMTK,SmartKem Inc. Common Stock,NASDAQ,Technology,Semiconductors,3307006.0,0.1542,4059666
SMX,SMX (Security Matters) Public Limited Company Ordinary Shares,NASDAQ,Technology,Industrial Machinery/Components,17406842.0,15.99,16826
SMXT,Solarmax Technology Inc. Common Stock,NASDAQ,Consumer Discretionary,Engineering & Construction,21630188.0,0.3801,67038
SNAL,Snail Inc. Class A Common Stock,NASDAQ,Technology,Computer Software: Prepackaged Software,42006597.0,4.75,131791
SND,Smart Sand Inc. Common Stock,NASDAQ,Industrials,Mining & Quarrying of Nonmetallic Minerals (No Fuels),194295278.0,4.52,189702
SNDK,Sandisk Corporation Common Stock,NASDAQ,Technology,Electronic Components,179515885545.0,1212.21,13886041
SNDL,SNDL Inc. Common Shares,NASDAQ,Health Care, Medicinal Chemicals and Botanical Products ,320169000.0,1.23,1795282
SNDX,Syndax Pharmaceuticals Inc. Common Stock,NASDAQ,Health Care,Biotechnology: Pharmaceutical Preparations,1821660554.0,20.4,1247590
SNES,SenesTech Inc. Common Stock,NASDAQ,Industrials,Agricultural Chemicals,6841420.0,1.29,38555
SNEX,StoneX Group Inc. Common Stock,NASDAQ,Finance,Investment Bankers/Brokers/Service,7941405832.0,65.84,1174884
SNFCA,Security National Financial Corporation Class A Common Stock,NASDAQ,Finance,Finance: Consumer Services,251059841.0,9.64,14988
SNGX,Soligenix Inc. Common Stock,NASDAQ,Health Care,Biotechnology: Pharmaceutical Preparations,8534244.0,0.3921,130762
SNOA,Sonoma Pharmaceuticals Inc. Common Stock,NASDAQ,Health Care,Medical/Dental Instruments,6895332.0,1.44,1064988
SNPS,Synopsys Inc. Common Stock,NASDAQ,Technology,Computer Software: Prepackaged Software,79653484407.0,415.99,1161459
SNT,Senstar Technologies Corporation Common Shares,NASDAQ,Telecommunications,Telecommunications Equipment,43163558.0,1.85,8861
SNTG,Sentage Holdings Inc. Class A Ordinary Shares,NASDAQ,Finance,Finance: Consumer Services,5414277.0,1.93,48364
SNTI,Senti Biosciences Holdings Inc. Common Stock,NASDAQ,Health Care,Biotechnology: Biological Products (No Diagnostic Substances),11015899.0,0.3537,134455
SNWV,SANUWAVE Health Inc. Common Stock,NASDAQ,Health Care,Medical/Dental Instruments,50561979.0,5.88,406365
SNY,Sanofi ADS,NASDAQ,Health Care,Biotechnology: Pharmaceutical Preparations,105992603184.0,43.46,2766402
SNYR,Synergy CHC Corp. Common Stock,NASDAQ,Health Care,Other Pharmaceuticals,2509140.0,0.1684,207560
SOBR,SOBR Safe Inc. Common Stock,NASDAQ,Consumer Discretionary,Newspapers/Magazines,1625009.0,0.579,1107500
SOFI,SoFi Technologies Inc. Common Stock  ,NASDAQ,Finance,Finance: Consumer Services,23576783256.0,18.38,51496739
SOGP,Sound Group Inc. American Depositary Shares,NASDAQ,Technology,Computer Software: Programming Data Processing,52698593.0,12.625,13104
SOHU,Sohu.com Limited American Depositary Shares,NASDAQ,Technology,EDP Services,357406292.0,13.71,46830
SOLS,Solstice Advanced Materials Inc. Common Stock ,NASDAQ,Industrials,Major Chemicals,9683335614.0,60.96,1900857
SONM,DNA X Inc. Common Stock,NASDAQ,Utilities,Telecommunications Equipment,5625653.0,3.78,13726
SONO,Sonos Inc. Common Stock,NASDAQ,Consumer Staples,Consumer Electronics/Appliances,1850117832.0,15.64,1189867
SOPH,SOPHiA GENETICS SA Ordinary Shares,NASDAQ,Technology,EDP Services,656335531.0,7.71,963743
SORA,AsiaStrategy Ordinary Shares,NASDAQ,Industrials,Other Specialty Stores,63651840.0,2.56,54605
SOTK,Sono-Tek Corporation Common Stock,NASDAQ,Technology,Industrial Machinery/Components,82827130.0,5.27,20949
SOUN,SoundHound AI Inc Class A Common Stock,NASDAQ,Technology,Computer Software: Prepackaged Software,3470812473.0,8.02,65056762
SOWG,Sow Good Inc. Common Stock,NASDAQ,Consumer Staples,Packaged Foods,54927919.0,2.73,23402
SPAI,Safe Pro Group Inc. Common Stock,NASDAQ,Health Care,Industrial Specialties,94227994.0,4.57,61396
SPCB,SuperCom Ltd. Ordinary Shares (Israel),NASDAQ,Technology,Semiconductors,71597153.0,11.4,304355
SPCX,Space Exploration Technologies Corp. Class A Common Stock,NASDAQ,Technology,Computer Software: Programming Data Processing,1754626728479.0,133.11,240745031
SPFI,South Plains Financial Inc. Common Stock,NASDAQ,Finance,Major Banks,854857916.0,44.65,79218
SPHL,Springview Holdings Ltd Class A Ordinary Shares,NASDAQ,Consumer Discretionary,Homebuilding,33597825.0,2.74,17324
SPOK,Spok Holdings Inc. Common Stock,NASDAQ,Telecommunications,Telecommunications Equipment,240976938.0,11.52,98508
SPPL,SIMPPLE LTD. Ordinary Shares,NASDAQ,Consumer Discretionary,Diversified Commercial Services,24856907.0,2.54,34857
SPRB,Spruce Biosciences Inc. Common Stock,NASDAQ,Health Care,Biotechnology: Pharmaceutical Preparations,128999270.0,46.87,34002
SPRC,SciSparc Ltd. Ordinary Shares,NASDAQ,Health Care,Biotechnology: Pharmaceutical Preparations,3972574.0,6.93,13867
SPRO,Spero Therapeutics Inc. Common Stock,NASDAQ,Health Care,Biotechnology: Pharmaceutical Preparations,72955881.0,1.26,458515
SPRY,ARS Pharmaceuticals Inc. Common Stock,NASDAQ,Health Care,Biotechnology: Pharmaceutical Preparations,611708094.0,6.16,2155103
SPSC,SPS Commerce Inc. Common Stock,NASDAQ,Technology,Computer Software: Prepackaged Software,2641692768.0,73.38,694970
SPT,Sprout Social Inc Class A Common Stock,NASDAQ,Technology,Computer Software: Prepackaged Software,621491263.0,10.34,3394869
SPTX,Seaport Therapeutics Inc. Common Stock,NASDAQ,Health Care,Biotechnology: Pharmaceutical Preparations,1264391591.0,23.62,112382
SPWH,Sportsman's Warehouse Holdings Inc. Common Stock,NASDAQ,Consumer Discretionary,Other Specialty Stores,46043358.0,1.18,456838
SPWR,SunPower Inc. Common Stock,NASDAQ,Technology,Semiconductors,48967894.0,0.2675,8439398
SQFT,Presidio Property Trust Inc. Class A Common Stock,NASDAQ,Real Estate,Real Estate Investment Trusts,3290799.0,2.29,1392
SQFTP,Presidio Property Trust Inc. 9.375% Series D Cumulative Redeemable Perpetual Preferred Stock $0.01 par value per share,NASDAQ,Real Estate,Real Estate Investment Trusts,8708402.0,6.06,4875
SRAD,Sportradar Group AG Class A Ordinary Shares,NASDAQ,Technology,Computer Software: Programming Data Processing,4059080879.0,13.02,2592593
SRBK,SR Bancorp Inc. Common stock,NASDAQ,Finance,Banks,158687120.0,20.0,12071
SRCE,1st Source Corporation Common Stock,NASDAQ,Finance,Major Banks,2119441506.0,88.01,204006
SRPT,Sarepta Therapeutics Inc. Common Stock (DE),NASDAQ,Health Care,Biotechnology: Pharmaceutical Preparations,1772421412.0,16.78,3064068
SRRK,Scholar Rock Holding Corporation Common Stock,NASDAQ,Health Care,Biotechnology: Biological Products (No Diagnostic Substances),6341315647.0,52.92,958657
SRTA,Strata Critical Medical Inc. Class A Common Stock,NASDAQ,Health Care,Medical/Nursing Services,512222807.0,5.79,1314694
SRTS,Sensus Healthcare Inc. Common Stock,NASDAQ,Health Care,Medical/Dental Instruments,50538521.0,3.07,10750
SRZN,Surrozen Inc. Common Stock,NASDAQ,Health Care,Biotechnology: Biological Products (No Diagnostic Substances),297457705.0,25.62,371197
SSBI,Summit State Bank Common Stock,NASDAQ,Finance,Major Banks,89553405.0,13.42,2674
SSII,SS Innovations International Inc. Common Stock,NASDAQ,Health Care,Medical/Dental Instruments,754495887.0,3.77,37007
SSM,Sono Group N.V. Ordinary Shares,NASDAQ,Technology,Semiconductors,5115154.0,3.59,3657
SSNC,SS&C Technologies Holdings Inc. Common Stock,NASDAQ,Technology,Computer Software: Prepackaged Software,18591715333.0,79.23,1499172
SSP,E.W. Scripps Company (The) Class A Common Stock,NASDAQ,Industrials,Broadcasting,303915536.0,3.32,1914436
SSRM,SSR Mining Inc. Common Stock,NASDAQ,Industrials,Precious Metals,6480237935.0,31.78,4282901
SSTI,SoundThinking Inc. Common Stock,NASDAQ,Technology,Computer Software: Prepackaged Software,102595181.0,7.92,161697
SSYS,Stratasys Ltd. Ordinary Shares (Israel),NASDAQ,Technology,Computer peripheral equipment,768228185.0,8.915,309098
STAA,STAAR Surgical Company Common Stock,NASDAQ,Health Care,Ophthalmic Goods,1205379464.0,24.21,809230
STAK,STAK Inc. Class A Ordinary Shares,NASDAQ,Consumer Discretionary,Oil and Gas Field Machinery,22457593.0,1.7,739672
STBA,S&T Bancorp Inc. Common Stock,NASDAQ,Finance,Major Banks,1830144191.0,50.87,298799
STEP,StepStone Group Inc. Class A Common Stock,NASDAQ,Finance,Investment Managers,5600604162.0,46.41,5241837
STEX,Streamex Corp. Common Stock,NASDAQ,Health Care,Biotechnology: Electromedical & Electrotherapeutic Apparatus,83013182.0,0.7961,516965
STFS,Star Fashion Culture Holdings Limited Class A Ordinary Shares,NASDAQ,Consumer Discretionary,Advertising,4190154.0,3.51,46552
STGW,Stagwell Inc. Class A Common Stock,NASDAQ,Consumer Discretionary,Advertising,2241839886.0,9.17,1588715
STHO,Star Holdings Shares of Beneficial Interest,NASDAQ,Real Estate,Real Estate,116464050.0,9.64,12287
STI,Solidion Technology Inc. Common Stock,NASDAQ,Miscellaneous,Industrial Machinery/Components,61253874.0,7.21,215226
STIM,Neuronetics Inc. Common Stock,NASDAQ,Health Care,Medical/Dental Instruments,165619059.0,2.38,1015666
STKH,Steakholder Foods Ltd. American Depositary Shares,NASDAQ,Consumer Staples,Packaged Foods,1112375.0,1.88,218391
STKS,The ONE Group Hospitality Inc. Common Stock,NASDAQ,Consumer Discretionary,Restaurants,53028026.0,1.68,30800
STLD,Steel Dynamics Inc.,NASDAQ,Industrials,Steel/Iron Ore,37616456696.0,262.45,995383
STLN,Starling Oncology Inc. Common Stock,NASDAQ,Health Care,Medical/Nursing Services,640890601.0,6.41,6619257
STNE,StoneCo Ltd. Class A Common Shares,NASDAQ,Technology,EDP Services,2578219196.0,10.6,3432092
STOK,Stoke Therapeutics Inc. Common Stock,NASDAQ,Health Care,Biotechnology: Pharmaceutical Preparations,2110653376.0,32.71,866618
STRA,Strategic Education Inc. Common Stock,NASDAQ,Real Estate,Other Consumer Services,1884977608.0,84.88,308173
STRC,Strategy Inc Variable Rate Series A Perpetual Stretch Preferred Stock,NASDAQ,Technology,Computer Software: Prepackaged Software,36505288603.0,95.01,1495117
STRD,Strategy Inc 10.00% Series A Perpetual Stride Preferred Stock,NASDAQ,Technology,Computer Software: Prepackaged Software,25358899566.0,66.0,120743
STRF,Strategy Inc 10.00% Series A Perpetual Strife Preferred Stock,NASDAQ,Technology,Computer Software: Prepackaged Software,36885672096.0,96.0,61316
STRK,Strategy Inc 8.00% Series A Perpetual Strike Preferred Stock,NASDAQ,Technology,Computer Software: Prepackaged Software,25762336605.0,67.05,51006
STRL,Sterling Infrastructure Inc. Common Stock,NASDAQ,Industrials,Military/Government/Technical,16733754657.0,547.06,501688
STRO,Sutro Biopharma Inc. Common Stock,NASDAQ,Health Care,Biotechnology: Biological Products (No Diagnostic Substances),420557742.0,25.38,169393
STRR,Star Equity Holdings Inc. Common Stock,NASDAQ,Consumer Discretionary,Professional Services,41763557.0,11.3,650
STRRP,Star Equity Holdings Inc. 10% Series A Cumulative Perpetual Preferred Stock,NASDAQ,Consumer Discretionary,Professional Services,37180653.0,10.06,15
STRS,Stratus Properties Inc. Common Stock,NASDAQ,Real Estate,Homebuilding,154226208.0,19.32,482353
STRT,STRATTEC SECURITY CORPORATION Common Stock,NASDAQ,Consumer Discretionary,Auto Parts:O.E.M.,361006446.0,86.39,46064
STRZ,Starz Entertainment Corp. Common Shares,NASDAQ,Consumer Discretionary,Movies/Entertainment,440209651.0,26.22,266688
STTK,Shattuck Labs Inc. Common Stock,NASDAQ,Health Care,Biotechnology: Pharmaceutical Preparations,557467359.0,7.27,894459
STX,Seagate Technology Holdings PLC Ordinary Shares (Ireland),NASDAQ,Technology,Electronic Components,184207598450.0,812.76,5966991
SUGP,SU Group Holdings Limited Class A Ordinary Shares,NASDAQ,Consumer Discretionary,Diversified Commercial Services,4839118.0,2.08,1805775
SUIG,Sui Group Holdings Limited Common Stock,NASDAQ,Finance,Finance: Consumer Services,65359244.0,0.851,259756
SUJA,Suja Life Inc. Class A Common Stock,NASDAQ,Consumer Staples,Beverages (Production/Distribution),241792575.0,6.26,687023
SUNE,SUNation Energy Inc. Common Stock,NASDAQ,Consumer Discretionary,Engineering & Construction,10802538.0,2.62,266738
SUNS,Sunrise Realty Trust Inc. Common Stock,NASDAQ,Real Estate,Real Estate Investment Trusts,105441999.0,7.8,112225
SUPN,Supernus Pharmaceuticals Inc. Common Stock,NASDAQ,Health Care,Biotechnology: Pharmaceutical Preparations,2769170899.0,47.64,702653
SURG,SurgePays Inc. Common Stock,NASDAQ,Consumer Discretionary,Advertising,7272789.0,0.2895,10327762
SVC,Service Properties Trust Common Shares of Beneficial Interest,NASDAQ,Real Estate,Real Estate Investment Trusts,1065863086.0,8.23,1445984
SVCO,Silvaco Group Inc. Common Stock,NASDAQ,Technology,Computer Software: Prepackaged Software,250067461.0,7.65,1023802
SVRA,Savara Inc. Common Stock,NASDAQ,Health Care,Biotechnology: Pharmaceutical Preparations,1194725646.0,5.83,1586219
SVRE,SaverOne 2014 Ltd. American Depositary Shares,NASDAQ,Technology,EDP Services,3456692.0,3.7,17137
SVRN,OceanPal Inc. Common Stock,NASDAQ,Consumer Discretionary,Marine Transportation,10718900.0,6.25,13839
SWAG,Stran & Company Inc. Common Stock,NASDAQ,Consumer Discretionary,Advertising,36789508.0,1.96,15960
SWBI,Smith & Wesson Brands Inc. Common Stock,NASDAQ,Industrials,Ordnance And Accessories,637360719.0,14.25,344503
SWIM,Latham Group Inc. Common Stock,NASDAQ,Industrials,Plastic Products,879992723.0,7.48,1544259
SWKS,Skyworks Solutions Inc. Common Stock,NASDAQ,Technology,Semiconductors,10626387865.0,70.62,3501982
SWMR,Swarmer Inc Common Stock,NASDAQ,Technology,Computer Software: Prepackaged Software,410295370.0,36.6,217253
SWVL,Swvl Holdings Corp Class A Common Shares,NASDAQ,Consumer Discretionary,Business Services,13651151.0,1.37,5017
SXTC,China SXT Pharmaceuticals Inc. Class A Ordinary Shares,NASDAQ,Health Care,Biotechnology: Pharmaceutical Preparations,1738923.0,0.0455,55163207
SXTP,60 Degrees Pharmaceuticals Inc. Common Stock,NASDAQ,Health Care,Biotechnology: Pharmaceutical Preparations,3192962.0,1.12,46678
SY,So-Young International Inc. American Depository Shares,NASDAQ,Technology,EDP Services,218658733.0,2.18,157410
SYBT,Stock Yards Bancorp Inc. Common Stock,NASDAQ,Finance,Major Banks,2596550022.0,83.58,90832
SYM,Symbotic Inc. Class A Common Stock,NASDAQ,Industrials,Industrial Machinery/Components,24300932627.0,40.18,2331371
SYNA,Synaptics Incorporated Common Stock $0.001 Par Value,NASDAQ,Technology,Semiconductors,4102935770.0,106.19,582870
SYPR,Sypris Solutions Inc. Common Stock,NASDAQ,Industrials,Industrial Machinery/Components,46712594.0,2.03,12370
SYRE,Spyre Therapeutics Inc. Common Stock,NASDAQ,Health Care,Biotechnology: Pharmaceutical Preparations,9250309371.0,104.91,526628
TACT,TransAct Technologies Incorporated Common Stock,NASDAQ,Technology,Computer peripheral equipment,58523409.0,5.695,14362
TALK,Talkspace Inc. Common Stock,NASDAQ,Health Care,Medical/Nursing Services,874415595.0,5.22,7090415
TANH,Tantech Holdings Ltd. Class A Common Shares,NASDAQ,Industrials,Major Chemicals,6099796.0,0.4228,253918
TAOP,Taoping Inc. Ordinary Shares ,NASDAQ,Technology,Computer Software: Prepackaged Software,6924812.0,0.7249,158387
TAOX,Tao Synergies Inc. Common Stock,NASDAQ,Finance,Finance: Consumer Services,25180407.0,3.37,35938
TARA,Protara Therapeutics Inc.  Common Stock,NASDAQ,Health Care,Biotechnology: Biological Products (No Diagnostic Substances),231561456.0,4.12,340326
TARS,Tarsus Pharmaceuticals Inc. Common Stock,NASDAQ,Health Care,Biotechnology: Biological Products (No Diagnostic Substances),2787522304.0,64.79,983180
TASK,TaskUs Inc. Class A Common Stock,NASDAQ,Technology,EDP Services,668520897.0,7.3,1271453
TATT,TAT Technologies Ltd. Ordinary Shares,NASDAQ,Industrials,Aerospace,514651551.0,39.64,136416
TAYD,Taylor Devices Inc. Common Stock,NASDAQ,Industrials,Industrial Machinery/Components,174604635.0,54.24,21969
TBBK,The Bancorp Inc Common Stock,NASDAQ,Finance,Major Banks,2899422332.0,69.64,287279
TBCH,Turtle Beach Corporation Common Stock,NASDAQ,Telecommunications,Telecommunications Equipment,276871523.0,13.95,961249
TBLA,Taboola.com Ltd. Ordinary Shares,NASDAQ,Technology,Computer Software: Programming Data Processing,1033674591.0,4.1,3187732
TBLD,Thornburg Income Builder Opportunities Trust Common Stock,NASDAQ,Finance,Investment Managers,716067629.0,22.32,33412
TBPH,Theravance Biopharma Inc. Ordinary Shares,NASDAQ,Health Care,Biotechnology: Pharmaceutical Preparations,872792375.0,16.93,2722748
TC,Token Cat Limited American Depositary Shares,NASDAQ,Consumer Discretionary,Business Services,50448488.0,1.91,221740
TCBI,Texas Capital Bancshares Inc. Common Stock,NASDAQ,Finance,Major Banks,4318309073.0,99.33,272802
TCBIO,Texas Capital Bancshares Inc. Depositary Shares 5.75% Fixed Rate Non-Cumulative Perpetual Preferred Stock Series B,NASDAQ,Finance,Major Banks,886877128.0,20.4,4052
TCBK,TriCo Bancshares Common Stock,NASDAQ,Finance,Major Banks,1827519489.0,57.27,178230
TCBS,Texas Community Bancshares Inc. Common Stock,NASDAQ,Finance,Banks,50292383.0,17.43,212
TCMD,Tactile Systems Technology Inc. Common Stock,NASDAQ,Health Care,Medical/Dental Instruments,665409670.0,29.5,161287
TCOM,Trip.com Group Limited American Depositary Shares,NASDAQ,Consumer Discretionary,Business Services,29054598943.0,46.14,1494761
TCPC,BlackRock TCP Capital Corp. Common Stock,NASDAQ,Finance,Finance/Investors Services,344840405.0,4.11,1829216
TCRT,Alaunos Therapeutics Inc. Common Stock,NASDAQ,Health Care,Biotechnology: Pharmaceutical Preparations,48600071.0,1.99,6067
TCRX,TScan Therapeutics Inc. Common Stock,NASDAQ,Health Care,Biotechnology: Biological Products (No Diagnostic Substances),52032320.0,0.7962,325234
TCX,Tucows Inc. Class A Common Stock,NASDAQ,Technology,EDP Services,174819033.0,15.68,70637
TDIC,Dreamland Limited Class A Ordinary Shares,NASDAQ,Consumer Discretionary,Other Consumer Services,5139592.0,2.72,65362
TDTH,Trident Digital Tech Holdings Ltd Class B Ordinary Shares,NASDAQ,Consumer Discretionary,Business Services,2661435278.0,2.35,5892
TDUP,ThredUp Inc. Class A Common Stock,NASDAQ,Consumer Discretionary,Catalog/Specialty Distribution,421581017.0,3.21,6837533
TEAD,Teads Holding Co. Common Stock,NASDAQ,Technology,Computer Software: Programming Data Processing,66933786.0,0.6901,175839
TEAM,Atlassian Corporation Class A Common Stock,NASDAQ,Technology,Computer Software: Prepackaged Software,37829175188.0,149.07,20076353
TECH,Bio-Techne Corp Common Stock,NASDAQ,Health Care,Biotechnology: Biological Products (No Diagnostic Substances),11318355010.0,72.29,5577481
TECX,Tectonic Therapeutic Inc. Common Stock,NASDAQ,Health Care,Biotechnology: Biological Products (No Diagnostic Substances),584567382.0,30.98,271657
TELA,TELA Bio Inc. Common Stock,NASDAQ,Health Care,Medical/Dental Instruments,38942070.0,0.8699,65662
TELO,Telomir Pharmaceuticals Inc. Common Stock,NASDAQ,Health Care,Biotechnology: Pharmaceutical Preparations,79778949.0,1.16,11363
TEM,Tempus AI Inc. Class A Common Stock,NASDAQ,Technology,Computer Software: Programming Data Processing,9391629050.0,52.05,5672032
TENB,Tenable Holdings Inc. Common Stock,NASDAQ,Technology,Computer Software: Prepackaged Software,4006892582.0,36.38,2764803
TENX,Tenax Therapeutics Inc. Common Stock,NASDAQ,Health Care,Biotechnology: Pharmaceutical Preparations,502977444.0,13.44,2091627
TER,Teradyne Inc. Common Stock,NASDAQ,Industrials,Electrical Products,59301609883.0,379.31,3737079
TFSL,TFS Financial Corporation Common Stock,NASDAQ,Finance,Savings Institutions,4932801360.0,17.59,956983
TGHL,The GrowHub Limited Class A Ordinary Shares,NASDAQ,Technology,EDP Services,20652235.0,0.8163,139154
TGL,Treasure Global Inc. Common Stock,NASDAQ,Consumer Discretionary,Business Services,6030657.0,3.085,16462
TGTX,TG Therapeutics Inc. Common Stock,NASDAQ,Health Care,Biotechnology: Pharmaceutical Preparations,7616716077.0,49.76,1766961
TH,Target Hospitality Corp. Common Stock,NASDAQ,Consumer Discretionary,Hotels/Resorts,1644156044.0,16.51,1586772
THCH,TH International Limited Ordinary shares,NASDAQ,Consumer Discretionary,Restaurants,58841140.0,1.77,4709
THFF,First Financial Corporation Common Stock,NASDAQ,Finance,Major Banks,969070605.0,81.49,131553
THH,TryHard Holdings Limited Ordinary Shares,NASDAQ,Consumer Discretionary,Services-Misc. Amusement & Recreation,12284991.0,0.229,236138
THRM,Gentherm Inc Common Stock,NASDAQ,Consumer Discretionary,Auto Parts:O.E.M.,1268291924.0,41.26,281081
THRY,Thryv Holdings Inc. Common Stock,NASDAQ,Consumer Discretionary,Advertising,108431431.0,2.44,2386294
TIGO,Millicom International Cellular S.A. Common Stock,NASDAQ,Telecommunications,Telecommunications Equipment,16268214496.0,97.1,1867325
TIGR,UP Fintech Holding Ltd American Depositary Share representing fifteen Class A Ordinary Shares,NASDAQ,Finance,Investment Bankers/Brokers/Service,860443683.0,4.815,1071867
TIL,Instil Bio Inc. Common Stock,NASDAQ,Health Care,Biotechnology: Biological Products (No Diagnostic Substances),50254442.0,7.41,11561
TILE,Interface Inc. Common Stock,NASDAQ,Consumer Discretionary,Home Furnishings,2222971592.0,38.29,1184282
TIPT,Tiptree Inc. Common Stock,NASDAQ,Finance,Property-Casualty Insurers,674783219.0,18.12,196316
TITN,Titan Machinery Inc. Common Stock,NASDAQ,Consumer Discretionary,Other Specialty Stores,444838616.0,19.09,117589
TJGC,TJGC Group Limited Ordinary Shares,NASDAQ,Consumer Discretionary,Advertising,55845000.0,3.65,335532
TKLF,Tokyo Lifestyle Co. Ltd. American Depositary Shares,NASDAQ,Consumer Discretionary,Other Specialty Stores,8507467.0,2.0099,14060
TKNO,Alpha Teknova Inc. Common Stock,NASDAQ,Health Care,Biotechnology: In Vitro & In Vivo Diagnostic Substances,346346621.0,6.46,151408
TLF,Tandy Leather Factory Inc. Common Stock,NASDAQ,Consumer Discretionary,Apparel,19951744.0,2.45,9351
TLIH,Ten-League International Holdings Limited Ordinary Shares,NASDAQ,Consumer Discretionary,Industrial Specialties,16789884.0,5.71,2892
TLN,Talen Energy Corporation Common Stock,NASDAQ,Utilities,Electric Utilities: Central,16660266997.0,347.71,860525
TLPH,Talphera Inc. Common Stock,NASDAQ,Health Care,Biotechnology: Pharmaceutical Preparations,74216497.0,1.43,199540
TLRY,Tilray Brands Inc. Common Stock ,NASDAQ,Health Care, Medicinal Chemicals and Botanical Products ,532508282.0,4.57,3417592
TLS,Telos Corporation Common Stock,NASDAQ,Technology,EDP Services,357635657.0,4.78,272751
TLSA,Tiziana Life Sciences Ltd. Common Shares,NASDAQ,Health Care,Biotechnology: Pharmaceutical Preparations,127259131.0,1.0,982129
TLSI,TriSalus Life Sciences Inc. Common Stock,NASDAQ,Health Care,Medical Specialities,344546761.0,5.61,700826
TLX,Telix Pharmaceuticals Limited American Depositary Shares,NASDAQ,Health Care,Biotechnology: Pharmaceutical Preparations,3902711604.0,11.52,212061
TMC,TMC the metals company Inc. Common Stock,NASDAQ,Basic Materials,Metal Mining,1979820601.0,4.57,11818472
TMCI,Treace Medical Concepts Inc. Common Stock,NASDAQ,Health Care,Medical/Dental Instruments,308795366.0,4.76,880003
TMCR,The Metals Royalty Company Inc. Common Stock,NASDAQ,Basic Materials,Precious Metals,366063901.0,5.9,65843
TMDX,TransMedics Group Inc. Common Stock,NASDAQ,Health Care,Biotechnology: Electromedical & Electrotherapeutic Apparatus,2908897914.0,83.89,771828
TMUS,T-Mobile US Inc. Common Stock,NASDAQ,Telecommunications,Telecommunications Equipment,190066683107.0,177.19,4831171
TMUSI,T-Mobile US Inc. 5.500% Senior Notes due June 2070,NASDAQ,Telecommunications,Telecommunications Equipment,0.0,21.18,17033
TMUSL,T-Mobile US Inc. 6.250% Senior Notes due 2069,NASDAQ,Telecommunications,Telecommunications Equipment,0.0,22.95,14193
TMUSZ,T-Mobile US Inc. 5.500% Senior Notes due March 2070,NASDAQ,Telecommunications,Telecommunications Equipment,0.0,20.58,15905
TNDM,Tandem Diabetes Care Inc. Common Stock,NASDAQ,Health Care,Medical/Dental Instruments,1533681012.0,22.38,5434806
TNGX,Tango Therapeutics Inc.,NASDAQ,Health Care,Biotechnology: Pharmaceutical Preparations,3915620873.0,27.07,3230897
TNMG,TNL Mediagene Ordinary Shares,NASDAQ,Consumer Discretionary,Advertising,1562067.0,0.5329,476792
TNON,Tenon Medical Inc. Common Stock,NASDAQ,Health Care,Medical/Dental Instruments,1552307.0,0.131,2526241
TNXP,Tonix Pharmaceuticals Holding Corp. Common Stock,NASDAQ,Health Care,Biotechnology: Pharmaceutical Preparations,191767836.0,12.03,386890
TNYA,Tenaya Therapeutics Inc. Common Stock,NASDAQ,Health Care,Biotechnology: Biological Products (No Diagnostic Substances),162970373.0,0.7268,1588502
TOMZ,TOMI Environmental Solutions Inc. Common Stock,NASDAQ,Industrials,Major Chemicals,14819328.0,1.82,7028
TONX,TON Strategy Company Common Stock,NASDAQ,Finance,Finance: Consumer Services,169026545.0,2.99,213833
TOP,TOP Financial Group Limited Class A Ordinary Shares,NASDAQ,Finance,Investment Bankers/Brokers/Service,1396634655.0,11.29,82555
TORO,Toro Corp. Common Stock,NASDAQ,Consumer Discretionary,Marine Transportation,159263504.0,5.52,20691
TOUR,Tuniu Corporation American Depositary Shares,NASDAQ,Consumer Discretionary,Transportation Services,55622436.0,5.12,532
TOWN,TowneBank Common Stock,NASDAQ,Finance,Major Banks,2795165182.0,37.46,468462
TOYO,TOYO Co. Ltd Ordinary Shares,NASDAQ,Consumer Discretionary,Miscellaneous manufacturing industries,221406254.0,5.8,1091415
TPCS,TechPrecision Corporation Common stock,NASDAQ,Industrials,Metal Fabrications,49721366.0,4.96,70693
TPG,TPG Inc. Class A Common Stock,NASDAQ,Finance,Investment Managers,18514240346.0,48.99,4221127
TPST,Tempest Therapeutics Inc. Common Stock,NASDAQ,Health Care,Biotechnology: Pharmaceutical Preparations,14648326.0,0.9167,86490
TRAW,Traws Pharma Inc. Common Stock,NASDAQ,Health Care,Biotechnology: Pharmaceutical Preparations,8101470.0,0.532,65061
TRAX,First Tracks Biotherapeutics Inc. Ordinary Shares ,NASDAQ,Health Care,Biotechnology: Pharmaceutical Preparations,1581671631.0,45.33,629310
TRDA,Entrada Therapeutics Inc. Common Stock,NASDAQ,Health Care,Biotechnology: Pharmaceutical Preparations,267494916.0,6.87,457977
TREE,LendingTree Inc. Common Stock,NASDAQ,Finance,Finance: Consumer Services,451091095.0,32.13,773905
TRI,Thomson Reuters Corporation Common Shares,NASDAQ,Consumer Discretionary,Publishing,44112756000.0,101.83,1349696
TRIB,Trinity Biotech plc American Depositary Shares,NASDAQ,Health Care,Biotechnology: In Vitro & In Vivo Diagnostic Substances,8390610.0,12.43,20392
TRIP,TripAdvisor Inc. Common Stock,NASDAQ,Technology,Computer Software: Programming Data Processing,1254373402.0,10.78,6180300
TRMB,Trimble Inc. Common Stock,NASDAQ,Industrials,Industrial Machinery/Components,13872466496.0,59.51,2116576
TRMD,TORM plc Class A Common Stock,NASDAQ,Consumer Discretionary,Marine Transportation,2988301529.0,29.49,464157
TRMK,Trustmark Corporation Common Stock,NASDAQ,Finance,Major Banks,2753706761.0,47.42,234667
TRNR,Interactive Strength Inc. Common Stock,NASDAQ,Technology,Consumer Electronics/Appliances,1841552.0,3.58,13535
TRNS,Transcat Inc. Common Stock,NASDAQ,Industrials,Electrical Products,871492188.0,93.11,164044
TRON,Tron Inc. Common Stock,NASDAQ,Finance,Finance: Consumer Services,721060737.0,1.52,228870
TROO,TROOPS Inc. Ordinary Shares ,NASDAQ,Finance,Diversified Financial Services,238212324.0,1.95,237430
TROW,T. Rowe Price Group Inc. Common Stock,NASDAQ,Finance,Investment Managers,24322273217.0,114.02,1557913
TRS,TriMas Corporation Common Stock,NASDAQ,Industrials,Industrial Specialties,1443564650.0,40.24,490076
TRSG,Tungray Technologies Inc Class A Ordinary Shares,NASDAQ,Industrials,Industrial Machinery/Components,23876088.0,1.46,1699
TRST,TrustCo Bank Corp NY Common Stock,NASDAQ,Finance,Major Banks,962687338.0,55.09,144093
TRUG,TruGolf Holdings Inc. Class A Common Stock,NASDAQ,Consumer Discretionary,Recreational Games/Products/Toys,1017352.0,0.9135,37488
TRUP,Trupanion Inc. Common Stock,NASDAQ,Health Care,Medical Specialities,1184121771.0,26.99,621548
TRVG,trivago N.V. American Depositary Shares,NASDAQ,Technology,EDP Services,396882568.0,5.62,142105
TRVI,Trevi Therapeutics Inc. Common Stock,NASDAQ,Health Care,Biotechnology: Pharmaceutical Preparations,2628044395.0,18.51,2194694
TSAT,Telesat Corporation Class A Common Shares and Class B Variable Voting Shares ,NASDAQ,Industrials,Metal Fabrications,2130526342.0,58.92,375763
TSBK,Timberland Bancorp Inc. Common Stock,NASDAQ,Finance,Banks,353980035.0,45.22,72698
TSCO,Tractor Supply Company Common Stock,NASDAQ,Consumer Discretionary,RETAIL: Building Materials,18124978729.0,34.56,12476322
TSEM,Tower Semiconductor Ltd. Ordinary Shares,NASDAQ,Technology,Semiconductors,28487170111.0,252.49,2154584
TSHA,Taysha Gene Therapies Inc. Common Stock,NASDAQ,Health Care,Biotechnology: Biological Products (No Diagnostic Substances),1885088291.0,6.56,1929638
TSLA,Tesla Inc. Common Stock,NASDAQ,Industrials,Auto Manufacturing,1297742282721.0,328.58,39368371
TSSI,TSS Inc. Common Stock,NASDAQ,Consumer Discretionary,Professional Services,316112745.0,11.26,412702
TTAN,ServiceTitan Inc. Class A Common Stock,NASDAQ,Technology,Computer Software: Prepackaged Software,8187974206.0,85.83,1069395
TTD,The Trade Desk Inc. Class A Common Stock,NASDAQ,Technology,Computer Software: Programming Data Processing,6487495382.0,13.8,133067208
TTEC,TTEC Holdings Inc. Common Stock,NASDAQ,Consumer Discretionary,Professional Services,124078872.0,2.55,199120
TTEK,Tetra Tech Inc. Common Stock,NASDAQ,Consumer Discretionary,Military/Government/Technical,9074214528.0,35.44,1816343
TTGT,TechTarget Inc. Common Stock,NASDAQ,Telecommunications,Telecommunications Equipment,277629861.0,3.84,704900
TTMI,TTM Technologies Inc. Common Stock,NASDAQ,Technology,Electrical Products,14454917629.0,137.21,3556070
TTRX,Turn Therapeutics Inc. Common Stock,NASDAQ,Health Care,Biotechnology: Pharmaceutical Preparations,310093496.0,10.41,88752
TTWO,Take-Two Interactive Software Inc. Common Stock,NASDAQ,Technology,Computer Software: Prepackaged Software,45766832430.0,246.5,3985502
TULP,Bloomia Holdings Inc. Common Stock,NASDAQ,Consumer Staples,Farming/Seeds/Milling,16274419.0,3.41,1130
TURB,Turbo Energy S.A. American Depositary Shares,NASDAQ,Miscellaneous,Industrial Machinery/Components,17184510.0,1.43,1114427
TUSK,Mammoth Energy Services Inc. Common Stock,NASDAQ,Energy,Oilfield Services/Equipment,163298493.0,3.39,480728
TVGN,Tevogen Inc. Common Stock,NASDAQ,Health Care,Biotechnology: Biological Products (No Diagnostic Substances),41515014.0,6.47,10827
TVRD,Tvardi Therapeutics Inc. Common Stock,NASDAQ,Health Care,Biotechnology: Pharmaceutical Preparations,23266145.0,1.87,103706
TVTX,Travere Therapeutics Inc. Common Stock,NASDAQ,Health Care,Biotechnology: Pharmaceutical Preparations,5780089548.0,61.32,1226514
TW,Tradeweb Markets Inc. Class A Common Stock,NASDAQ,Finance,Investment Bankers/Brokers/Service,24015980246.0,102.62,877179
TWAV,TaoWeave Inc. Common Stock,NASDAQ,Technology,Computer Software: Programming Data Processing,4423871.0,1.28,18024
TWFG,TWFG Inc. Class A Common Stock,NASDAQ,Finance,Specialty Insurers,1574680417.0,29.07,92585
TWG,Top Wealth Group Holding Limited Class A Ordinary Shares,NASDAQ,Consumer Staples,Packaged Foods,87217705.0,1.39,30787
TWIN,Twin Disc Incorporated Common Stock,NASDAQ,Industrials,Industrial Machinery/Components,348167044.0,24.14,97621
TWST,Twist Bioscience Corporation Common Stock,NASDAQ,Health Care,Biotechnology: Biological Products (No Diagnostic Substances),7253367734.0,115.67,1561832
TXG,10x Genomics Inc. Class A Common Stock,NASDAQ,Industrials,Biotechnology: Laboratory Analytical Instruments,6605530514.0,52.03,5432572
TXMD,TherapeuticsMD Inc. Common Stock,NASDAQ,Health Care,Biotechnology: Pharmaceutical Preparations,23958929.0,2.07,8846
TXN,Texas Instruments Incorporated Common Stock,NASDAQ,Technology,Semiconductors,261261898011.0,286.08,7713652
TXRH,Texas Roadhouse Inc. Common Stock,NASDAQ,Consumer Discretionary,Restaurants,13671759920.0,208.0,1674212
TYGO,Tigo Energy Inc. Common Stock,NASDAQ,Technology,Semiconductors,93663927.0,1.22,1832276
TYRA,Tyra Biosciences Inc. Common Stock,NASDAQ,Health Care,Biotechnology: Pharmaceutical Preparations,1582035653.0,26.51,820647
TZOO,Travelzoo Common Stock,NASDAQ,Consumer Discretionary,Advertising,75350267.0,7.33,46582
UAL,United Airlines Holdings Inc. Common Stock,NASDAQ,Consumer Discretionary,Air Freight/Delivery Services,42053073500.0,129.56,2169683
UBCP,United Bancorp Inc. Common Stock,NASDAQ,Finance,Major Banks,93363635.0,16.15,1861
UBSI,United Bankshares Inc. Common Stock,NASDAQ,Finance,Major Banks,6658427869.0,48.32,709095
UCAR,U Power Limited Class A Ordinary Shares,NASDAQ,Miscellaneous,Industrial Machinery/Components,30891015.0,0.8702,214212
UCL,uCloudlink Group Inc. American Depositary Shares,NASDAQ,Consumer Discretionary,Telecommunications Equipment,27289288.0,0.7164,9956
UCTT,Ultra Clean Holdings Inc. Common Stock,NASDAQ,Technology,Semiconductors,3950420780.0,87.25,1363944
UEIC,Universal Electronics Inc. Common Stock,NASDAQ,Consumer Staples,Consumer Electronics/Appliances,60120238.0,4.76,224980
UFCS,United Fire Group Inc. Common Stock,NASDAQ,Finance,Property-Casualty Insurers,1400175262.0,54.47,91884
UFG,Uni-Fuels Holdings Limited Class A Ordinary Shares,NASDAQ,Energy,Oil Refining/Marketing,16070175.0,0.495,84702
UFPI,UFP Industries Inc. Common Stock,NASDAQ,Basic Materials,Forest Products,5187386614.0,94.04,442581
UFPT,UFP Technologies Inc. Common Stock,NASDAQ,Health Care,Medical/Dental Instruments,2429476215.0,314.01,132786
UG,United-Guardian Inc. Common Stock,NASDAQ,Consumer Discretionary,Package Goods/Cosmetics,33492586.0,7.29,25002
UK,Ucommune International Ltd Class A Ordinary Shares,NASDAQ,Consumer Discretionary,Business Services,1437256.0,2.12,186002
ULBI,Ultralife Corporation Common Stock,NASDAQ,Miscellaneous,Industrial Machinery/Components,105769848.0,6.35,99864
ULCC,Frontier Group Holdings Inc. Common Stock,NASDAQ,Consumer Discretionary,Air Freight/Delivery Services,1698992390.0,7.38,2721267
ULH,Universal Logistics Holdings Inc. Common Stock,NASDAQ,Industrials,Trucking Freight/Courier Services,529239698.0,20.07,41008
ULTA,Ulta Beauty Inc. Common Stock,NASDAQ,Consumer Discretionary,Other Specialty Stores,24295409112.0,565.15,566297
UMBF,UMB Financial Corporation Common Stock,NASDAQ,Finance,Major Banks,11058324368.0,145.6,408895
UMBFO,UMB Financial Corporation Depositary Shares Each Representing a 1/400th Interest in a Share of 7.750% Fixed-Rate Reset Non-Cumulative Perpetual Preferred Stock Series B,NASDAQ,Finance,Major Banks,2030903802.0,26.74,4462
UNB,Union Bankshares Inc. Common Stock,NASDAQ,Finance,Major Banks,108660925.0,23.55,5287
UNCY,Unicycive Therapeutics Inc. Common Stock,NASDAQ,Health Care,Biotechnology: Pharmaceutical Preparations,138882647.0,5.07,508105
UNIT,Uniti Group Inc. Common Stock,NASDAQ,Real Estate,Real Estate Investment Trusts,2315597788.0,9.54,1402724
UNTY,Unity Bancorp Inc. Common Stock,NASDAQ,Finance,Major Banks,599040213.0,59.66,59113
UONE,Urban One Inc. Class A Common Stock,NASDAQ,Consumer Discretionary,Broadcasting,23813214.0,5.16,2633
UONEK,Urban One Inc. Class D Common Stock,NASDAQ,Consumer Discretionary,Broadcasting,23767065.0,5.15,4900
UPB,Upstream Bio Inc. Common Stock,NASDAQ,Health Care,Biotechnology: Pharmaceutical Preparations,394544899.0,7.25,621848
UPBD,Upbound Group Inc. Common Stock,NASDAQ,Consumer Discretionary,Diversified Commercial Services,1156077201.0,19.83,1111923
UPC,Universe Pharmaceuticals Inc. Class A Ordinary Shares,NASDAQ,Health Care,Biotechnology: Pharmaceutical Preparations,27935608.0,5.56,70143
UPLD,Upland Software Inc. Common Stock,NASDAQ,Technology,Computer Software: Prepackaged Software,15415680.0,5.25,39935
UPST,Upstart Holdings Inc. Common stock,NASDAQ,Finance,Finance: Consumer Services,3025462600.0,31.09,4440858
UPWK,Upwork Inc. Common Stock,NASDAQ,Technology,EDP Services,1194420385.0,9.67,3460281
UPXI,Upexi Inc. Common Stock,NASDAQ,Finance,Finance: Consumer Services,62522647.0,0.8512,630990
URBN,Urban Outfitters Inc. Common Stock,NASDAQ,Consumer Discretionary,Clothing/Shoe/Accessory Stores,6587050584.0,76.92,931386
URGN,UroGen Pharma Ltd. Ordinary Shares,NASDAQ,Health Care,Biotechnology: Pharmaceutical Preparations,2295431285.0,46.96,1026529
UROY,Uranium Royalty Corp. Common Stock,NASDAQ,Finance,Investment Bankers/Brokers/Service,607902404.0,4.15,4006539
USAR,USA Rare Earth Inc. Class A Common Stock,NASDAQ,Basic Materials,Metal Mining,4417358907.0,19.33,18978854
USAU,U.S. Gold Corp. Common Stock,NASDAQ,Basic Materials,Metal Mining,258138666.0,15.62,204354
USCB,USCB Financial Holdings Inc. Class A Common Stock,NASDAQ,Finance,Major Banks,408015526.0,22.34,35204
USDE,StablecoinX Inc. Class A Common Stock,NASDAQ,Finance,Finance: Consumer Services,131479360.0,2.07,313552
USEA,United Maritime Corporation Common Stock,NASDAQ,Consumer Discretionary,Marine Transportation,25848357.0,2.71,5838
USGO,U.S. GoldMining Inc. Common stock,NASDAQ,Basic Materials,Precious Metals,115382189.0,8.64,75258
USIO,Usio Inc. Common Stock,NASDAQ,Finance,Investment Bankers/Brokers/Service,64022706.0,2.32,234479
USLM,United States Lime & Minerals Inc. Common Stock,NASDAQ,Industrials,Mining & Quarrying of Nonmetallic Minerals (No Fuels),3444468304.0,120.065,109550
UTHR,United Therapeutics Corporation Common Stock,NASDAQ,Health Care,Biotechnology: Pharmaceutical Preparations,23111220477.0,538.84,1199123
UTMD,Utah Medical Products Inc. Common Stock,NASDAQ,Health Care,Medical/Dental Instruments,225524491.0,70.83,30188
UTSI,UTStarcom Holdings Corp. Ordinary Shares,NASDAQ,Telecommunications,Telecommunications Equipment,23735275.0,2.5,20976
UVSP,Univest Financial Corporation Common Stock,NASDAQ,Finance,Major Banks,1181560101.0,42.84,404674
UXIN,Uxin Limited ADS,NASDAQ,Consumer Discretionary,Business Services,281574734.0,1.28,1404642
UZX,Linkage Global Inc. Class A Ordinary Shares,NASDAQ,Consumer Discretionary,Catalog/Specialty Distribution,14986913.0,0.2266,39879
VABK,Virginia National Bankshares Corporation Common Stock,NASDAQ,Finance,Major Banks,259792598.0,47.91,4308
VALN,Valneva SE American Depositary Shares,NASDAQ,Health Care,Biotechnology: Biological Products (No Diagnostic Substances),502893781.0,5.3,44239
VALU,Value Line Inc. Common Stock,NASDAQ,Finance,Investment Managers,360986053.0,38.47,2981
VANI,Vivani Medical Inc. Common Stock (DE),NASDAQ,Health Care,Biotechnology: Electromedical & Electrotherapeutic Apparatus,121591497.0,1.41,194682
VBIO,Valion Bio Inc. Common Stock,NASDAQ,Health Care,Biotechnology: Electromedical & Electrotherapeutic Apparatus,1184769.0,0.2854,1126844
VBNK,VersaBank Common Shares,NASDAQ,Finance,Commercial Banks,614615856.0,19.09,99694
VC,Visteon Corporation Common Stock,NASDAQ,Consumer Discretionary,Auto Parts:O.E.M.,2779795022.0,104.13,324054
VCEL,Vericel Corporation Common Stock,NASDAQ,Health Care,Biotechnology: Biological Products (No Diagnostic Substances),2308906225.0,45.09,472928
VCIG,VCI Global Limited Ordinary Share,NASDAQ,Consumer Discretionary,Diversified Commercial Services,2720480.0,0.293,864352
VCRE,Vicore Pharma Holding AB American Depositary Shares,NASDAQ,Health Care,Biotechnology: Pharmaceutical Preparations,3329040137.0,11.825,776
VCTR,Victory Capital Holdings Inc. Class A Common Stock,NASDAQ,Finance,Investment Managers,6763364425.0,108.16,565305
VCYT,Veracyte Inc. Common Stock,NASDAQ,Health Care,Medical Specialities,3796050318.0,47.22,821383
VECO,Veeco Instruments Inc. Common Stock,NASDAQ,Technology,Industrial Machinery/Components,3226728047.0,52.785,1004825
VEEA,Veea Inc. Common Stock,NASDAQ,Technology,EDP Services,8741549.0,0.1586,223753
VEEE,Twin Vee PowerCats Co. Common Stock,NASDAQ,Industrials,Marine Transportation,4883267.0,8.5,69013
VELO,Velo3D Inc. Common stock,NASDAQ,Technology,Industrial Machinery/Components,421982188.0,14.16,1422185
VEON,VEON Ltd. ADS,NASDAQ,Telecommunications,Telecommunications Equipment,3931974235.0,57.1,78501
VERA,Vera Therapeutics Inc. Class A Common Stock,NASDAQ,Health Care,Biotechnology: Pharmaceutical Preparations,2360939713.0,32.89,1515236
VERI,Veritone Inc. Common Stock,NASDAQ,Technology,EDP Services,121776244.0,1.31,2344668
VERU,Veru Inc. Common Stock,NASDAQ,Health Care,Biotechnology: Pharmaceutical Preparations,37397246.0,2.33,258600
VERX,Vertex Inc. Class A Common Stock,NASDAQ,Technology,Computer Software: Prepackaged Software,1936882681.0,11.94,2682077
VFF,Village Farms International Inc. Common Shares,NASDAQ,Consumer Staples,Farming/Seeds/Milling,237720467.0,2.08,1362958
VFS,VinFast Auto Ltd. Ordinary Shares,NASDAQ,Industrials,Auto Manufacturing,7837445634.0,3.35,198240
VGAS,Verde Clean Fuels Inc. Class A Common Stock,NASDAQ,Industrials,Major Chemicals,59696492.0,1.34,58308
VHC,VirnetX Holding Corp Common Stock,NASDAQ,Miscellaneous,Multi-Sector Companies,63122648.0,15.08,24891
VHUB,VenHub Global Inc. Common Stock,NASDAQ,Technology,Industrial Machinery/Components,62947221.0,0.69,33345
VIAV,Viavi Solutions Inc. Common Stock,NASDAQ,Technology,Semiconductors,9155154032.0,39.14,7742474
VICR,Vicor Corporation Common Stock,NASDAQ,Technology,Industrial Machinery/Components,10198809118.0,221.2,341836
VINP,Vinci Compass Investments Ltd. Class A Common Shares,NASDAQ,Finance,Investment Managers,658800527.0,10.07,32885
VIOT,Viomi Technology Co. Ltd American Depositary Shares,NASDAQ,Consumer Discretionary,Consumer Electronics/Appliances,45601036.0,0.7301,45123
VIP,Vulcan Infrastructure and Power Inc. Class A Common Stock,NASDAQ,Finance,Finance: Consumer Services,37174581.0,2.05,122816
VIR,Vir Biotechnology Inc. Common Stock,NASDAQ,Health Care,Biotechnology: Biological Products (No Diagnostic Substances),1492484750.0,8.82,1663133
VIRC,Virco Manufacturing Corporation Common Stock,NASDAQ,Consumer Discretionary,Industrial Specialties,96264803.0,6.12,10477
VISN,Vistance Networks Inc. Common Stock,NASDAQ,Technology,Radio And Television Broadcasting And Communications Equipment,2467731763.0,10.94,16600353
VITL,Vital Farms Inc. Common Stock,NASDAQ,Consumer Staples,Packaged Foods,524465077.0,12.24,2737761
VIVK,Vivakor Inc. Common Stock,NASDAQ,Utilities,Environmental Services,2559958.0,1.26,2094107
VIVO,VivoPower PLC Class A Ordinary Shares,NASDAQ,Utilities,Power Generation,111278269.0,4.04,418946
VIVS,VivoSim Labs Inc. Common Stock,NASDAQ,Health Care,Biotechnology: Biological Products (No Diagnostic Substances),7845398.0,0.468,97218785
VKTX,Viking Therapeutics Inc. Common Stock,NASDAQ,Health Care,Biotechnology: Pharmaceutical Preparations,3996529622.0,34.26,1398194
VLGEA,Village Super Market Inc. Class A Common Stock,NASDAQ,Consumer Staples,Food Chains,639325726.0,43.17,31457
VLY,Valley National Bancorp Common Stock,NASDAQ,Finance,Major Banks,8062613005.0,14.55,3719209
VLYPN,Valley National Bancorp 8.250% Fixed-Rate Reset Non-Cumulative Perpetual Preferred Stock Series C,NASDAQ,Finance,Major Banks,14196848466.0,25.62,5986
VLYPO,Valley National Bancorp 5.50% Fixed-to-Floating Rate Non-Cumulative Perpetual Preferred Stock Series B,NASDAQ,Finance,Major Banks,13703671451.0,24.73,19644
VLYPP,Valley National Bancorp 6.25% Fixed-to-Floating Rate Non-Cumulative Perpetual Preferred Stock Series A,NASDAQ,Finance,Major Banks,13869910894.0,25.03,4604
VMAR,Vision Marine Technologies Inc. Common Shares,NASDAQ,Industrials,Marine Transportation,4295084.0,0.6577,679658
VMD,Viemed Healthcare Inc. Common Shares,NASDAQ,Health Care,Misc Health and Biotechnology Services,370598458.0,9.73,405992
VMET,Versamet Royalties Corporation Common Stock,NASDAQ,Industrials,Precious Metals,1113037158.0,10.25,264436
VNCE,Vince Holding Corp. Common Stock,NASDAQ,Consumer Discretionary,Clothing/Shoe/Accessory Stores,86847707.0,6.76,18309
VNDA,Vanda Pharmaceuticals Inc. Common Stock,NASDAQ,Health Care,Biotechnology: Pharmaceutical Preparations,300677810.0,5.0,1306497
VNET,VNET Group Inc. American Depositary Shares,NASDAQ,Technology,Computer Software: Programming Data Processing,2086789743.0,7.33,2600114
VNOM,Viper Energy Inc. Class A Common Stock,NASDAQ,Energy,Oil & Gas Production,14662335532.0,40.82,1522126
VOD,Vodafone Group Plc American Depositary Shares,NASDAQ,Telecommunications,Telecommunications Equipment,38465834567.0,16.19,6799375
VOR,Vor Biopharma Inc. Common Stock,NASDAQ,Health Care,Biotechnology: Biological Products (No Diagnostic Substances),1282579709.0,23.67,801032
VOXR,Vox Royalty Corp. Common Stock,NASDAQ,Basic Materials,Precious Metals,350040454.0,5.04,628191
VRA,Vera Bradley Inc. Common Stock,NASDAQ,Consumer Discretionary,Apparel,98680734.0,3.47,84151
VRAX,Virax Biolabs Group Limited Ordinary Shares,NASDAQ,Health Care,Biotechnology: In Vitro & In Vivo Diagnostic Substances,2375024.0,2.98,62720
VRCA,Verrica Pharmaceuticals Inc. Common Stock,NASDAQ,Health Care,Biotechnology: Pharmaceutical Preparations,87268233.0,5.08,126288
VRDN,Viridian Therapeutics Inc. Common Stock,NASDAQ,Health Care,Biotechnology: Pharmaceutical Preparations,2431533117.0,23.59,1659837
VREX,Varex Imaging Corporation Common Stock,NASDAQ,Technology,Industrial Machinery/Components,522461000.0,12.41,230913
VRM,Vroom Inc. Common Stock,NASDAQ,Consumer Discretionary,Retail-Auto Dealers and Gas Stations,48162329.0,9.2012,3099
VRME,VerifyMe Inc. Common Stock,NASDAQ,Technology,EDP Services,9150548.0,0.6975,37069
VRNS,Varonis Systems Inc. Common Stock,NASDAQ,Technology,Computer Software: Prepackaged Software,4998728307.0,43.52,1236386
VRRM,Verra Mobility Corporation Class A Common Stock,NASDAQ,Consumer Discretionary,Transportation Services,744715740.0,4.9,4966021
VRSK,Verisk Analytics Inc. Common Stock,NASDAQ,Technology,EDP Services,24966526222.0,191.82,1261405
VRSN,VeriSign Inc. Common Stock,NASDAQ,Technology,EDP Services,26598768000.0,294.56,556648
VRTX,Vertex Pharmaceuticals Incorporated Common Stock,NASDAQ,Health Care,Biotechnology: Pharmaceutical Preparations,125734360569.0,496.07,992442
VRXA,Veraxa Biotech AG Ordinary Shares,NASDAQ,Health Care,Biotechnology: Pharmaceutical Preparations,281401548.0,1.99,155796
VS,Versus Systems Inc. Common Stock,NASDAQ,Technology,EDP Services,6421197.0,1.31,14153
VSA,VisionSys AI Inc. American Depositary Shares,NASDAQ,Real Estate,Other Consumer Services,10613157.0,3.8,3145161
VSAT,ViaSat Inc. Common Stock,NASDAQ,Consumer Discretionary,Telecommunications Equipment,11072786286.0,80.38,1873646
VSEC,VSE Corporation Common Stock,NASDAQ,Consumer Discretionary,Military/Government/Technical,6121509423.0,218.18,568231
VSME,VS Media Holdings Limited Class A Ordinary Shares,NASDAQ,Consumer Discretionary,Advertising,3300941.0,1.2,31412
VSNT,Versant Media Group Inc. Class A Common Stock ,NASDAQ,Industrials,Broadcasting,5471728240.0,38.67,2179622
VSTM,Verastem Inc. Common Stock,NASDAQ,Health Care,Biotechnology: Pharmaceutical Preparations,592268327.0,6.74,4318270
VTGN,Vistagen Therapeutics Inc. Common Stock,NASDAQ,Health Care,Biotechnology: Pharmaceutical Preparations,12762800.0,0.2876,2552322
VTIX,Virtuix Holdings Inc. Class A Common Stock,NASDAQ,Technology,Computer peripheral equipment,57736036.0,1.755,190303
VTRS,Viatris Inc. Common Stock,NASDAQ,Health Care,Biotechnology: Pharmaceutical Preparations,19133600105.0,16.43,13015715
VTSI,VirTra Inc. Common Stock,NASDAQ,Consumer Discretionary,Miscellaneous manufacturing industries,34485999.0,3.05,16428
VTVT,vTv Therapeutics Inc. Class A Common Stock,NASDAQ,Health Care,Biotechnology: Pharmaceutical Preparations,139318716.0,35.37,147525
VUZI,Vuzix Corporation Common Stock,NASDAQ,Technology,Radio And Television Broadcasting And Communications Equipment,223695714.0,2.69,758045
VVOS,Vivos Therapeutics Inc. Common Stock,NASDAQ,Health Care,Medical/Dental Instruments,4501850.0,0.324,1323257
VWAV,VisionWave Holdings Inc. Common Stock,NASDAQ,Technology,Computer Software: Prepackaged Software,38614897.0,1.4,956315
VYGR,Voyager Therapeutics Inc. Common Stock,NASDAQ,Health Care,Biotechnology: Biological Products (No Diagnostic Substances),197577608.0,3.27,469248
WABC,Westamerica Bancorporation Common Stock,NASDAQ,Finance,Major Banks,1366562477.0,59.13,122879
WAFD,WaFd Inc. Common Stock,NASDAQ,Finance,Major Banks,2749663044.0,37.16,421744
WAFDP,WaFd Inc. Depositary Shares,NASDAQ,Finance,Major Banks,1213521903.0,16.4,8449
WAFU,Wah Fu Education Group Limited Ordinary Shares,NASDAQ,Real Estate,Other Consumer Services,6351205.0,1.44,12209349
WALD,Waldencast plc Class A Ordinary Share,NASDAQ,Consumer Discretionary,Package Goods/Cosmetics,178755269.0,1.39,47512
WASH,Washington Trust Bancorp Inc. Common Stock,NASDAQ,Finance,Major Banks,740698288.0,38.85,65395
WATT,Energous Corporation Common Stock,NASDAQ,Technology,Radio And Television Broadcasting And Communications Equipment,101715357.0,18.49,90010
WAVE,Eco Wave Power Global AB (publ) American Depositary Shares,NASDAQ,Utilities,Electric Utilities: Central,324218118.0,6.94,8793
WAY,Waystar Holding Corp. Common Stock,NASDAQ,Technology,EDP Services,4646064120.0,24.23,4669419
WB,Weibo Corporation American Depositary Share,NASDAQ,Technology,Computer Software: Programming Data Processing,1950640222.0,7.94,471070
WBD,Warner Bros. Discovery Inc. Series A Common Stock ,NASDAQ,Telecommunications,Cable & Other Pay Television Services,67141120880.0,26.78,12230437
WBTN,WEBTOON Entertainment Inc. Common stock,NASDAQ,Consumer Discretionary,Publishing,1207646139.0,8.93,489522
WBUY,WEBUY GLOBAL LTD. Class A Ordinary Shares,NASDAQ,Consumer Discretionary,Other Specialty Stores,4943956.0,0.902,98189
WCT,Wellchange Holdings Company Limited Class A Ordinary shares,NASDAQ,Technology,Computer Software: Prepackaged Software,2574876.0,0.84,23648
WDAY,Workday Inc. Class A Common Stock,NASDAQ,Technology,EDP Services,44371080000.0,179.64,3298698
WDC,Western Digital Corporation Common Stock,NASDAQ,Technology,Electronic Components,149695449493.0,434.3,11797992
WDFC,WD-40 Company Common Stock,NASDAQ,Industrials,Major Chemicals,3153018083.0,234.93,114113
WEN,Wendy's Company (The) Common Stock,NASDAQ,Consumer Discretionary,Restaurants,1464796122.0,7.69,18261802
WERN,Werner Enterprises Inc. Common Stock,NASDAQ,Industrials,Trucking Freight/Courier Services,2248728814.0,37.51,597895
WEST,Westrock Coffee Company Common Stock,NASDAQ,Consumer Staples,Beverages (Production/Distribution),802902027.0,8.23,943887
WETH,Wetouch Technology Inc. Common Stock,NASDAQ,Technology,Computer peripheral equipment,12647426.0,1.06,65927
WETO,Wetour Robotics Limited Ordinary Shares,NASDAQ,Industrials,Other Transportation,4071168.0,4.96,99159
WEYS,Weyco Group Inc. Common Stock,NASDAQ,Consumer Staples,Apparel,440101766.0,46.17,38946
WFCF,Where Food Comes From Inc. Common Stock,NASDAQ,Technology,Computer Software: Prepackaged Software,65464731.0,12.9909,1047
WFF,WF Holding Limited Ordinary Shares,NASDAQ,Consumer Discretionary,Miscellaneous manufacturing industries,96415848.0,2.3,31028947
WFRD,Weatherford International plc Ordinary Shares,NASDAQ,Consumer Discretionary,Oil and Gas Field Machinery,6223730161.0,86.82,684112
WGS,GeneDx Holdings Corp. Class A Common Stock,NASDAQ,Health Care,Medical/Nursing Services,2298721460.0,77.08,1233281
WHF,WhiteHorse Finance Inc. Common Stock,NASDAQ,Finance,Finance Companies,145610473.0,6.78,48320
WHLR,Wheeler Real Estate Investment Trust Inc. Common Stock,NASDAQ,Real Estate,Real Estate Investment Trusts,857433.0,0.4439,270797
WHLRD,Wheeler Real Estate Investment Trust Inc. Series D Cumulative Preferred Stock,NASDAQ,Real Estate,Real Estate Investment Trusts,71430235.0,36.98,2
WHLRP,Wheeler Real Estate Investment Trust Inc. Class B Preferred Stock,NASDAQ,Real Estate,Real Estate Investment Trusts,17384319.0,9.0,1226
WHWK,Whitehawk Therapeutics Inc. Common Stock,NASDAQ,Health Care,Biotechnology: Pharmaceutical Preparations,256008646.0,4.76,600070
WILC,G. Willi-Food International  Ltd. Ordinary Shares,NASDAQ,Consumer Discretionary,Food Distributors,403839687.0,28.99,3049
WIMI,WiMi Hologram Cloud Inc. Class B Ordinary Shares,NASDAQ,Technology,Computer Software: Prepackaged Software,12226061.0,1.33,35878
WINA,Winmark Corporation Common Stock,NASDAQ,Consumer Discretionary,Other Specialty Stores,1322349252.0,368.12,47823
WING,Wingstop Inc. Common Stock,NASDAQ,Consumer Discretionary,Restaurants,3182338011.0,116.815,1192506
WIX,Wix.com Ltd. Ordinary Shares,NASDAQ,Technology,Computer Software: Programming Data Processing,3313856671.0,60.2,838812
WKEY,WISeKey International Holding Ltd American Depositary Shares,NASDAQ,Technology,EDP Services,73617821.0,6.47,32312
WKHS,Workhorse Group Inc. Common Stock,NASDAQ,Industrials,Auto Manufacturing,36275022.0,3.33,77104
WKSP,Worksport Ltd. Common Stock,NASDAQ,Consumer Discretionary,Auto Parts:O.E.M.,10544991.0,0.69,136342
WLDN,Willdan Group Inc. Common Stock,NASDAQ,Consumer Discretionary,Military/Government/Technical,1303138661.0,86.24,663770
WLDS,Wearable Devices Ltd. Ordinary Share,NASDAQ,Telecommunications,Computer Communications Equipment,9173875.0,4.19,1350812
WLFC,Willis Lease Finance Corporation Common Stock,NASDAQ,Consumer Discretionary,Industrial Specialties,1290847977.0,61.05,214795
WLTH,Wealthfront Corporation Common Stock,NASDAQ,Finance,Finance: Consumer Services,1448803795.0,9.7,781616
WMG,Warner Music Group Corp. Class A Common Stock,NASDAQ,Consumer Discretionary,Services-Misc. Amusement & Recreation,13804866804.0,26.39,1543841
WMT,Walmart Inc. Common Stock,NASDAQ,Consumer Discretionary,Department/Specialty Retail Stores,890111153487.0,111.85,18808562
WNEB,Western New England Bancorp Inc. Common Stock,NASDAQ,Finance,Savings Institutions,276117785.0,13.72,75703
WNW,Meiwu Technology Company Limited Ordinary Shares,NASDAQ,Consumer Discretionary,Package Goods/Cosmetics,3459225.0,2.6,93542
WOK,WORK Medical Technology Group LTD Class A Ordinary Shares,NASDAQ,Health Care,Medical/Dental Instruments,36562.0,2.12,55671
WOOF,Petco Health and Wellness Company Inc. Class A Common Stock,NASDAQ,Consumer Discretionary,Other Specialty Stores,898929775.0,2.78,924404
WPRT,Westport Fuel Systems Inc Common Shares,NASDAQ,Industrials,Industrial Machinery/Components,35711980.0,1.88,42956
WRAP,Wrap Technologies Inc. Common Stock,NASDAQ,Industrials,Ordnance And Accessories,104230528.0,1.87,2753420
WRD,WeRide Inc. American Depositary Shares,NASDAQ,Technology,EDP Services,2112115793.0,6.3,2311488
WRLD,World Acceptance Corporation Common Stock,NASDAQ,Finance,Finance: Consumer Services,872103085.0,187.13,98321
WSBC,WesBanco Inc. Common Stock,NASDAQ,Finance,Major Banks,3998316512.0,41.69,580872
WSBCO,WesBanco Inc. Depositary Shares each representing 1/40th interest in a share of 7.375% Fixed-Rate Reset Non-Cumulative Perpetual Preferred Stock Series B,NASDAQ,Finance,Major Banks,2445600170.0,25.5,7338
WSBF,Waterstone Financial Inc. Common Stock (MD),NASDAQ,Finance,Savings Institutions,376226229.0,20.84,49215
WSBK,Winchester Bancorp Inc. Common Stock,NASDAQ,Finance,Banks,120839888.0,13.0,3223
WSC,WillScot Holdings Corporation Class A Common Stock,NASDAQ,Industrials,Misc Corporate Leasing Services,4410840327.0,24.37,4250512
WSE,Wise Group plc Class A Ordinary Shares,NASDAQ,Industrials,Diversified Commercial Services,15196660924.0,12.36,999609
WSFS,WSFS Financial Corporation Common Stock,NASDAQ,Finance,Major Banks,4152133468.0,81.27,482967
WSHP,WeShop Holdings Limited Class A Ordinary Shares,NASDAQ,Consumer Discretionary,Other Specialty Stores,131961511.0,5.5,93338
WSTN,Westin Acquisition Corp Class A Ordinary Share,NASDAQ,Technology,EDP Services,81717975.0,10.145,8
WTBA,West Bancorporation Common Stock,NASDAQ,Finance,Major Banks,484553613.0,28.43,65307
WTF,Waton Financial Limited Ordinary Shares,NASDAQ,Finance,Investment Bankers/Brokers/Service,138928743.0,2.8801,5389
WTFC,Wintrust Financial Corporation Common Stock,NASDAQ,Finance,Major Banks,10710222261.0,158.75,874422
WTFCN,Wintrust Financial Corporation Depositary Shares Each Representing a 1/1000th Interest in a Share of 7.875% Fixed-Rate Reset Non-Cumulative Perpetual Preferred StocK,NASDAQ,Finance,Major Banks,1754789802.0,26.01,9610
WTW,Willis Towers Watson Public Limited Company Ordinary Shares,NASDAQ,Finance,Specialty Insurers,32024101316.0,344.82,421614
WULF,TeraWulf Inc. Common Stock,NASDAQ,Finance,Finance: Consumer Services,8522385003.0,17.08,40794403
WVE,Wave Life Sciences Ltd. Ordinary Shares,NASDAQ,Health Care,Biotechnology: Pharmaceutical Preparations,1201993868.0,6.1,4556078
WVVI,Willamette Valley Vineyards Inc. Common Stock,NASDAQ,Consumer Staples,Beverages (Production/Distribution),11901074.0,2.39,5253
WVVIP,Willamette Valley Vineyards Inc. Series A Redeemable Preferred Stock,NASDAQ,Consumer Staples,Beverages (Production/Distribution),12548413.0,2.52,9910
WW,WW International Inc.  Common Stock,NASDAQ,Consumer Discretionary,Other Consumer Services,181177531.0,18.12,282392
WWD,Woodward Inc. Common Stock,NASDAQ,Energy,Industrial Machinery/Components,21427137620.0,362.89,476522
WXM,WF International Limited Ordinary Shares,NASDAQ,Consumer Discretionary,Engineering & Construction,4665263.0,4.14,162017
WYFI,WhiteFiber Inc. Ordinary Shares,NASDAQ,Finance,Finance: Consumer Services,951068140.0,24.63,1219468
WYHG,Wing Yip Food Holdings Group Limited American Depositary Shares,NASDAQ,Consumer Staples,Specialty Foods,55741503.0,4.43,1458892
WYNN,Wynn Resorts Limited Common stock,NASDAQ,Consumer Discretionary,Hotels/Resorts,10642291192.0,102.54,1502383
XAIR,Beyond Air Inc. Common Stock,NASDAQ,Health Care,Medical/Dental Instruments,4757225.0,5.36,12783
XBIO,Xenetic Biosciences Inc. Common Stock,NASDAQ,Health Care,Biotechnology: Pharmaceutical Preparations,7262648.0,3.17,808611
XBIT,XBiotech Inc. Common Stock,NASDAQ,Health Care,Biotechnology: Pharmaceutical Preparations,69207149.0,2.27,15356
XBP,XBP Global Holdings Inc. Common Stock,NASDAQ,Technology,EDP Services,36399755.0,3.0931,7673
XCH,XCHG Limited American Depositary Share,NASDAQ,Miscellaneous,Industrial Machinery/Components,24911972.0,0.2814,863631
XCUR,Exicure Inc. Common Stock,NASDAQ,Health Care,Biotechnology: Pharmaceutical Preparations,8572945.0,1.345,39994
XE,X-Energy Inc. Class A Common Stock,NASDAQ,Industrials,Metal Fabrications,9204192346.0,22.65,5945652
XEL,Xcel Energy Inc. Common Stock,NASDAQ,Utilities,Power Generation,48765200269.0,78.07,5083041
XELB,Xcel Brands Inc. Common Stock,NASDAQ,Miscellaneous,Multi-Sector Companies,6623240.0,1.095,25636
XELLL,Xcel Energy Inc. 6.25% Junior Subordinated Notes Series due 2085,NASDAQ,Utilities,Power Generation,0.0,23.06,41705
XENE,Xenon Pharmaceuticals Inc. Common Shares,NASDAQ,Health Care,Biotechnology: Pharmaceutical Preparations,6124729248.0,63.36,720266
XERS,Xeris Biopharma Holdings Inc. Common Stock,NASDAQ,Health Care,Biotechnology: Pharmaceutical Preparations,1369051496.0,7.93,2253135
XFOR,X4 Pharmaceuticals Inc. Common Stock,NASDAQ,Health Care,Biotechnology: Biological Products (No Diagnostic Substances),437643389.0,4.64,1597028
XGN,Exagen Inc. Common Stock,NASDAQ,Health Care,Medical Specialities,166428079.0,6.87,431807
XHG,XChange TEC.INC American Depositary Shares ,NASDAQ,Finance,Specialty Insurers,50001488.0,0.97,1308
XHLD,TEN Holdings Inc. Common Stock,NASDAQ,Consumer Discretionary,Business Services,24194435.0,2.02,16515092
XLO,Xilio Therapeutics Inc. Common Stock,NASDAQ,Health Care,Biotechnology: Pharmaceutical Preparations,60294025.0,9.17,11522
XMAX,XMAX Inc. Common Stock,NASDAQ,Consumer Discretionary,Home Furnishings,578145143.0,9.09,341204
XMTR,Xometry Inc. Class A Common Stock,NASDAQ,Consumer Discretionary,Business Services,5339404207.0,93.145,782612
XNCR,Xencor Inc. Common Stock,NASDAQ,Health Care,Biotechnology: Pharmaceutical Preparations,1547294192.0,20.81,1124545
XNDU,Xanadu Quantum Technologies Limited Class B Subordinate Voting Shares,NASDAQ,Technology,Computer Manufacturing,3346464264.0,11.0,707318
XNET,Xunlei Limited American Depositary Shares,NASDAQ,Technology,Computer Software: Prepackaged Software,1629536876.0,5.12,181668
XOS,Xos Inc. Common Stock,NASDAQ,Consumer Discretionary,Auto Parts:O.E.M.,37726752.0,2.75,183955
XP,XP Inc. Class A Common Stock,NASDAQ,Finance,Investment Bankers/Brokers/Service,8417385889.0,16.24,3558096
XPEL,XPEL Inc. Common Stock,NASDAQ,Industrials,Industrial Specialties,1379978519.0,50.07,352894
XPON,Expion360 Inc. Common Stock,NASDAQ,Miscellaneous,Industrial Machinery/Components,3307576.0,3.47,29855
XRAY,DENTSPLY SIRONA Inc. Common Stock,NASDAQ,Health Care,Medical/Dental Instruments,2427959398.0,12.12,8569733
XRTX,XORTX Therapeutics Inc. Common Shares,NASDAQ,Health Care,Biotechnology: Pharmaceutical Preparations,3686103.0,2.13,4549
XRX,Xerox Holdings Corporation Common Stock,NASDAQ,Technology,Computer peripheral equipment,423715060.0,3.24,2614244
XTIA,XTI Aerospace Inc. Common Stock,NASDAQ,Technology,EDP Services,58871017.0,1.53,326955
XTLB,XTL Biopharmaceuticals Ltd. American Depositary Shares,NASDAQ,Health Care,Biotechnology: Pharmaceutical Preparations,7224941.0,2.94,1808
XWEL,XWELL Inc. Common Stock,NASDAQ,Consumer Discretionary,Other Consumer Services,8655373.0,1.025,36978
XXII,22nd Century Group Inc. Common Stock,NASDAQ,Health Care, Medicinal Chemicals and Botanical Products ,2215047.0,4.29,9841
YAAS,Youxin Technology Ltd Class A Ordinary shares,NASDAQ,Technology,Computer Software: Prepackaged Software,41800934.0,2.66,44039
YARW,Yarrow Bioscience Inc. Common Stock,NASDAQ,Health Care,Biotechnology: Pharmaceutical Preparations,116131522.0,41.43,23713
YB,Yuanbao Inc. American Depositary Shares,NASDAQ,Finance,Specialty Insurers,642358002.0,13.94,9642
YDDL,One and One Green Technologies. Inc Class A Ordinary Shares,NASDAQ,Consumer Discretionary,Industrial Specialties,100859999.0,1.8,5990
YDES,YD Bio Limited Ordinary Shares,NASDAQ,Health Care,Medical Specialities,162557939.0,2.295,27712
YDKG,Yueda Digital Holding Class A Ordinary Share,NASDAQ,Consumer Discretionary,Advertising,5971524.0,1.08,24281
YHC,LQR House Inc. Common Stock,NASDAQ,Consumer Staples,Beverages (Production/Distribution),1752115.0,1.79,182554
YHGJ,Yunhong Green CTI Ltd. Common Stock,NASDAQ,Industrials,Specialty Chemicals,7827732.0,3.0,15219
YI,111 Inc. American Depositary Shares,NASDAQ,Consumer Staples,Retail-Drug Stores and Proprietary Stores,34440114.0,3.915,20806
YIBO,Planet Image International Limited Class A Ordinary Shares,NASDAQ,Technology,Computer peripheral equipment,69363273.0,1.171,153
YJ,Yunji Inc. American Depository Shares,NASDAQ,Consumer Discretionary,Other Specialty Stores,16746836.0,3.4,50937210
YMAT,J-Star Holding Co. Ltd. Class A Ordinary Shares,NASDAQ,Consumer Discretionary,Recreational Games/Products/Toys,7699398.0,1.92,26703
YMT,Yimutian Inc. American Depositary Shares,NASDAQ,Technology,EDP Services,121445772.0,0.3475,315966
YORW,York Water Company (The) Common Stock,NASDAQ,Utilities,Water Supply,513836046.0,31.7,199056
YOUL,Youlife Group Inc. American Depositary Shares,NASDAQ,Real Estate,Other Consumer Services,58147720.0,0.4162,242197
YQ,17 Education & Technology Group Inc. American Depositary Shares,NASDAQ,Real Estate,Other Consumer Services,26033025.0,2.3981,22168
YSWY,Yesway Inc. Class A Common Stock,NASDAQ,Consumer Staples,Food Chains,1365638483.0,21.61,247988
YSXT,YSX Tech. Co. Ltd Class A Ordinary Shares,NASDAQ,Consumer Discretionary,Automotive Aftermarket,32838975.0,1.03,109196
YTRA,Yatra Online Inc. Ordinary Shares,NASDAQ,Consumer Discretionary,Transportation Services,54183679.0,0.847,45632
YXT,YXT.COM GROUP HOLDING LIMITED American Depository Shares,NASDAQ,Technology,Computer Software: Prepackaged Software,35642391.0,5.98,1201921
YYAI,AiRWA Inc. Common Stock,NASDAQ,Technology,Computer Software: Programming Data Processing,82178.0,0.078,245197395
YYGH,YY Group Holding Limited Class A Ordinary Shares,NASDAQ,Consumer Discretionary,Professional Services,9185976.0,1.12,374472
Z,Zillow Group Inc. Class C Capital Stock,NASDAQ,Consumer Discretionary,Business Services,7558047204.0,33.61,4930806
ZBAO,Zhibao Technology Inc. Class A Ordinary Shares,NASDAQ,Finance,Specialty Insurers,7309480.0,0.1881,2199559
ZBIO,Zenas BioPharma Inc. Common Stock,NASDAQ,Health Care,Biotechnology: Pharmaceutical Preparations,2047415416.0,32.43,264069
ZBRA,Zebra Technologies Corporation Class A Common Stock,NASDAQ,Industrials,Industrial Machinery/Components,17811990383.0,376.49,734202
ZCMD,Zhongchao Inc. Class A Ordinary Shares,NASDAQ,Real Estate,Other Consumer Services,3240000.0,1.08,9156543
ZD,Ziff Davis Inc. Common Stock,NASDAQ,Telecommunications,Telecommunications Equipment,1984322998.0,53.87,1472564
ZDAI,DirectBooking Technology Co. Ltd. Class A Ordinary Shares,NASDAQ,Consumer Discretionary,General Bldg Contractors - Nonresidential Bldgs,14800500.0,1.84,12044
ZENA,ZenaTech Inc. Common Stock,NASDAQ,Technology,Computer Software: Prepackaged Software,141758150.0,1.65,44737336
ZEO,Zeo Energy Corporation Class A Common Stock,NASDAQ,Miscellaneous,Industrial Machinery/Components,33854836.0,0.5809,246638
ZG,Zillow Group Inc. Class A Common Stock,NASDAQ,Consumer Discretionary,Business Services,7634504688.0,33.95,1394371
ZION,Zions Bancorporation N.A. Common Stock,NASDAQ,Finance,Major Banks,10343496571.0,70.32,720545
ZIONP,Zions Bancorporation N.A. Depositary Shares (Each representing 1/40th Interest in a Share of Series A Floating-Rate Non-Cumulative Perpetual Preferred Stock),NASDAQ,Finance,Major Banks,2699870301.0,18.355,10831
ZJK,ZJK Industrial Co. Ltd. Class A Ordinary Shares,NASDAQ,Industrials,Metal Fabrications,114493603.0,1.78,14993
ZJYL,JIN MEDICAL INTERNATIONAL LTD. Class A Ordinary Shares,NASDAQ,Health Care,Industrial Specialties,168629843.0,2.15,975872
ZKIN,ZK International Group Co. Ltd Ordinary Share,NASDAQ,Industrials,Metal Fabrications,18654093.0,1.08,22781
ZLAB,Zai Lab Limited American Depositary Shares,NASDAQ,Health Care,Biotechnology: Pharmaceutical Preparations,2620115289.0,23.32,2046174
ZM,Zoom Communications Inc. Class A Common Stock,NASDAQ,Technology,Computer Software: Programming Data Processing,30642766781.0,104.5,3359318
ZNB,Zeta Network Group Class A Ordinary Shares,NASDAQ,Real Estate,Other Consumer Services,647343.0,2.47,156910
ZNTL,Zentalis Pharmaceuticals Inc. Common Stock,NASDAQ,Health Care,Biotechnology: Pharmaceutical Preparations,300406389.0,4.22,1578343
ZOOZ,ZOOZ Strategy Ltd. Ordinary Shares,NASDAQ,Technology,Industrial Machinery/Components,44556215.0,5.5,3677
ZS,Zscaler Inc. Common Stock,NASDAQ,Technology,EDP Services,27277162677.0,168.68,2080964
ZSQR,Z Squared Inc. Common Stock,NASDAQ,Finance,Finance: Consumer Services,207783232.0,4.04,331108
ZSTK,ZeroStack Corp. Common Stock,NASDAQ,Health Care,Other Pharmaceuticals,28858216.0,1.65,8335
ZTEK,Zentek Ltd. Common Stock,NASDAQ,Industrials,Major Chemicals,84252637.0,0.6654,35382
ZTG,Zenta Group Company Limited Class A Ordinary Shares,NASDAQ,Consumer Discretionary,Professional Services,108641319.0,9.2,1310403
ZUMZ,Zumiez Inc. Common Stock,NASDAQ,Consumer Discretionary,Clothing/Shoe/Accessory Stores,339300244.0,20.11,151614
ZURA,Zura Bio Limited Class A Ordinary Shares,NASDAQ,Health Care,Biotechnology: Biological Products (No Diagnostic Substances),566661340.0,5.965,955910
ZVRA,Zevra Therapeutics Inc. Common Stock,NASDAQ,Health Care,Biotechnology: Pharmaceutical Preparations,686476508.0,11.56,1262856
ZYBT,Zhengye Biotechnology Holding Limited Class A Ordinary Shares,NASDAQ,Health Care,Biotechnology: Pharmaceutical Preparations,89569701.0,1.89,13109361
ZYME,Zymeworks Inc. Common Stock,NASDAQ,Health Care,Biotechnology: Pharmaceutical Preparations,1718962856.0,23.54,578128
A,Agilent Technologies Inc. Common Stock,NYSE,Industrials,Biotechnology: Laboratory Analytical Instruments,41226590866.0,145.97,1525210
AA,Alcoa Corporation Common Stock ,NYSE,Industrials,Aluminum,13240336856.0,50.17,5987637
AADX,Applied Aerospace & Defense Inc. Common Stock,NYSE,Industrials,Military/Government/Technical,3677815378.0,21.54,607837
AAMI,Acadian Asset Management Inc. Common Stock,NYSE,Finance,Investment Managers,3201264572.0,89.85,291603
AAP,Advance Auto Parts Inc.,NYSE,Consumer Discretionary,Auto & Home Supply Stores,3490236180.0,57.8,767376
AAT,American Assets Trust Inc. Common Stock,NYSE,Real Estate,Real Estate Investment Trusts,1401858183.0,22.83,340514
AB,AllianceBernstein Holding L.P.  Units,NYSE,Finance,Investment Managers,3454952129.0,37.12,233298
ABBV,AbbVie Inc. Common Stock,NYSE,Health Care,Biotechnology: Pharmaceutical Preparations,434781536801.0,246.04,4929913
ABCB,Ameris Bancorp Common Stock,NYSE,Finance,Major Banks,5989714779.0,87.73,324047
ABEV,Ambev S.A. American Depositary Shares (Each representing 1 Common Share),NYSE,Consumer Staples,Beverages (Production/Distribution),47284916268.0,3.0,37787094
ABG,Asbury Automotive Group Inc Common Stock,NYSE,Consumer Discretionary,Retail-Auto Dealers and Gas Stations,3847454851.0,214.32,198366
ABM,ABM Industries Incorporated Common Stock,NYSE,Consumer Discretionary,Diversified Commercial Services,2843518002.0,48.54,323478
ABR,Arbor Realty Trust Common Stock,NYSE,Real Estate,Real Estate Investment Trusts,998085530.0,5.35,3669102
ABT,Abbott Laboratories Common Stock,NYSE,Health Care,Biotechnology: Pharmaceutical Preparations,186552623142.0,107.81,6606045
ABX,Abacus Global Management Inc. Class A Common Stock,NYSE,Finance,Investment Managers,913180934.0,9.52,808841
ABXL,Abacus Global Management Inc. 9.875% Fixed Rate Senior Notes due 2028,NYSE,Finance,Investment Managers,1941681535.0,26.01,764
ACA,Arcosa Inc. Common Stock ,NYSE,Industrials,Metal Fabrications,7112630216.0,144.84,491257
ACCO,Acco Brands Corporation Common Stock,NYSE,Consumer Discretionary,Publishing,407076375.0,4.41,442084
ACEL,Accel Entertainment Inc. ,NYSE,Consumer Discretionary,Services-Misc. Amusement & Recreation,987312656.0,12.16,360726
ACH,Accendra Health Inc. Common Stock,NYSE,Health Care,Medical Specialities,214434366.0,2.8,1146198
ACHR,Archer Aviation Inc. Class A Common Stock,NYSE,Industrials,Aerospace,4246152870.0,5.59,34013429
ACI,Albertsons Companies Inc. Class A Common Stock,NYSE,Consumer Staples,Food Chains,5828761453.0,12.01,5996179
ACM,AECOM Common Stock,NYSE,Consumer Discretionary,Military/Government/Technical,9747178253.0,75.84,974607
ACN,Accenture plc Class A Ordinary Shares (Ireland),NYSE,Consumer Discretionary,Business Services,117294894101.0,175.72,3678013
ACP,abrdn Income Credit Strategies Fund Common Shares,NYSE,Finance,Investment Managers,0.0,5.08,394580
ACR,ACRES Commercial Realty Corp. Common Stock,NYSE,Real Estate,Real Estate Investment Trusts,107893558.0,15.13,44063
ACRE,Ares Commercial Real Estate Corporation Common Stock,NYSE,Real Estate,Real Estate Investment Trusts,270193020.0,4.87,572627
ACV,Virtus Diversified Income & Convertible Fund Common Shares of Beneficial Interest,NYSE,Finance,Finance/Investors Services,281457831.0,27.16,44589
ACVA,ACV Auctions Inc. Class A Common Stock,NYSE,Consumer Discretionary,Business Services,1302403309.0,7.46,3676104
AD,Array Digital Infrastructure Inc. Common Shares,NYSE,Telecommunications,Telecommunications Equipment,3044736000.0,35.24,183638
ADC,Agree Realty Corporation Common Stock,NYSE,Real Estate,Real Estate Investment Trusts,9406807215.0,75.63,1126236
ADCT,ADC Therapeutics SA Common Shares,NYSE,Health Care,Biotechnology: Pharmaceutical Preparations,143726009.0,1.13,534560
ADIG,ADI Global Distribution Inc. Common Stock,NYSE,Industrials,Wholesale Distributors,2047554422.0,27.03,819167
ADM,Archer-Daniels-Midland Company Common Stock,NYSE,Consumer Staples,Packaged Foods,36913284462.0,76.59,3082903
ADNT,Adient plc Ordinary Shares ,NYSE,Consumer Discretionary,Auto Parts:O.E.M.,1497222419.0,19.42,999030
ADT,ADT Inc. Common Stock,NYSE,Consumer Discretionary,Diversified Commercial Services,5581472655.0,7.64,6193680
ADX,Adams Diversified Equity Fund Inc.,NYSE,Finance,Investment Managers,0.0,26.12,265581
AEE,Ameren Corporation Common Stock,NYSE,Utilities,Power Generation,30131619439.0,108.84,1366772
AEG,Aegon Ltd. New York Registry Shares,NYSE,Finance,Life Insurance,18192298360.0,9.53,4872768
AEM,Agnico Eagle Mines Limited Common Stock,NYSE,Basic Materials,Precious Metals,90762057662.0,178.82,5011652
AEO,American Eagle Outfitters Inc. Common Stock,NYSE,Consumer Discretionary,Clothing/Shoe/Accessory Stores,3011292794.0,17.97,2756875
AER,AerCap Holdings N.V. Ordinary Shares,NYSE,Consumer Discretionary,Diversified Commercial Services,27164516081.0,151.72,905839
AERO,Grupo Aeromexico S.A.B. de C.V. American Depositary Shares (each representing ten (10) Common Shares),NYSE,Consumer Discretionary,Air Freight/Delivery Services,2319864203.0,15.9,160659
AES,The AES Corporation Common Stock,NYSE,Industrials,Electric Utilities: Central,10508951020.0,14.73,6795791
AESI,Atlas Energy Solutions Inc. Common Stock,NYSE,Industrials,Mining & Quarrying of Nonmetallic Minerals (No Fuels),1408788893.0,11.27,2196422
AFB,AllianceBernstein National Municipal Income Fund Inc,NYSE,Finance,Trusts Except Educational Religious and Charitable,0.0,11.02,49100
AFG,American Financial Group Inc. Common Stock,NYSE,Finance,Property-Casualty Insurers,12096502824.0,145.59,271834
AFGB,American Financial Group Inc. 5.875% Subordinated Debentures due 2059,NYSE,Finance,Property-Casualty Insurers,1712404171.0,20.61,2923
AFGC,American Financial Group Inc. 5.125% Subordinated Debentures due 2059,NYSE,Finance,Property-Casualty Insurers,1484332873.0,17.865,3467
AFGD,American Financial Group Inc. 5.625% Subordinated Debentures due 2060,NYSE,Finance,Property-Casualty Insurers,1627656366.0,19.59,8217
AFGE,American Financial Group Inc. 4.500% Subordinated Debentures due 2060,NYSE,Finance,Property-Casualty Insurers,1341840240.0,16.15,9501
AFL,AFLAC Incorporated Common Stock,NYSE,Finance,Accident &Health Insurance,63424608887.0,124.61,2452893
AG,First Majestic Silver Corp. Ordinary Shares (Canada),NYSE,Basic Materials,Precious Metals,9069477447.0,18.4,11319186
AGBK,AGI Inc Class A Common Shares,NYSE,Finance,Commercial Banks,991566434.0,6.2,1020282
AGCO,AGCO Corporation Common Stock,NYSE,Industrials,Industrial Machinery/Components,7201362693.0,102.83,725205
AGD,abrdn Global Dynamic Dividend Fund Common Shares of Beneficial Interest,NYSE,Finance,Trusts Except Educational Religious and Charitable,0.0,12.22,96007
AGI,Alamos Gold Inc. Class A Common Shares,NYSE,Basic Materials,Precious Metals,13921853375.0,33.15,7992330
AGL,agilon health inc. Common Stock,NYSE,Health Care,Misc Health and Biotechnology Services,1603728467.0,95.51,540507
AGM,Federal Agricultural Mortgage Corporation Common Stock,NYSE,Finance,Finance Companies,2556365083.0,235.54,88173
AGO,Assured Guaranty Ltd. Common Stock,NYSE,Finance,Property-Casualty Insurers,3340226260.0,75.43,588401
AGRO,Adecoagro S.A. Common Shares,NYSE,Consumer Staples,Farming/Seeds/Milling,1363715004.0,9.45,741361
AGX,Argan Inc. Common Stock,NYSE,Consumer Discretionary,Engineering & Construction,8374116811.0,597.33,137456
AHR,American Healthcare REIT Inc. Common Stock,NYSE,Real Estate,Real Estate Investment Trusts,10935063756.0,56.74,2501478
AHRT,AH Realty Trust Inc. Common Stock,NYSE,Finance,Real Estate,526370894.0,6.93,613260
AHT,Ashford Hospitality Trust Inc Common Stock,NYSE,Real Estate,Real Estate Investment Trusts,20983831.0,3.24,18608
AI,C3.ai Inc. Class A Common Stock,NYSE,Technology,Computer Software: Prepackaged Software,1588691611.0,10.22,3908448
AIG,American International Group Inc. New Common Stock,NYSE,Finance,Property-Casualty Insurers,41769646090.0,78.78,4674339
AII,American Integrity Insurance Group Inc. Common Stock,NYSE,Finance,Property-Casualty Insurers,411407157.0,21.0,92221
AIN,Albany International Corporation Common Stock,NYSE,Consumer Discretionary,Textiles,1780964000.0,62.71,499986
AIO,Virtus Artificial Intelligence & Technology Opportunities Fund Common Shares of Beneficial Interest,NYSE,Finance,Finance/Investors Services,900763696.0,26.23,49801
AIR,AAR Corp. Common Stock,NYSE,Industrials,Aerospace,5759429650.0,143.06,226009
AIT,Applied Industrial Technologies Inc. Common Stock,NYSE,Consumer Discretionary,Industrial Specialties,13301738806.0,359.9,129552
AIV,Apartment Investment and Management Company Common Stock,NYSE,Real Estate,Real Estate Investment Trusts,382657447.0,2.66,1039836
AIZ,Assurant Inc. Common Stock,NYSE,Finance,Property-Casualty Insurers,14346518293.0,289.55,486944
AIZN,Assurant Inc. 5.25% Subordinated Notes due 2061,NYSE,Finance,Property-Casualty Insurers,949642351.0,18.82,13072
AJG,Arthur J. Gallagher & Co. Common Stock,NYSE,Finance,Specialty Insurers,63593156000.0,248.12,1128723
AKA,a.k.a. Brands Holding Corp. Common Stock,NYSE,Consumer Discretionary,Catalog/Specialty Distribution,120791738.0,10.99,1036
AKR,Acadia Realty Trust Common Stock,NYSE,Real Estate,Real Estate Investment Trusts,2835920709.0,20.65,1269153
ALB,Albemarle Corporation Common Stock,NYSE,Industrials,Major Chemicals,15471643023.0,131.11,2631794
ALC,Alcon Inc. Ordinary Shares,NYSE,Health Care,Ophthalmic Goods,35883457000.0,71.81,2181851
ALG,Alamo Group Inc. Common Stock,NYSE,Industrials,Industrial Machinery/Components,2053728634.0,168.74,190751
ALH,Alliance Laundry Holdings Inc. Common Stock,NYSE,Industrials,Industrial Machinery/Components,5515362266.0,27.77,406445
ALIT,Alight Inc. Class A Common Stock,NYSE,Consumer Discretionary,Business Services,407319086.0,15.12,408914
ALK,Alaska Air Group Inc. Common Stock,NYSE,Consumer Discretionary,Air Freight/Delivery Services,5575691875.0,49.96,2156761
ALL,Allstate Corporation (The) Common Stock,NYSE,Finance,Property-Casualty Insurers,67513072650.0,267.0,2750605
ALLE,Allegion plc Ordinary Shares,NYSE,Consumer Discretionary,Diversified Commercial Services,14366114627.0,168.94,1066247
ALLY,Ally Financial Inc. Common Stock,NYSE,Finance,Major Banks,13299610578.0,43.72,3204516
ALSN,Allison Transmission Holdings Inc. Common Stock,NYSE,Consumer Discretionary,Auto Parts:O.E.M.,9816877157.0,118.88,585741
ALTG,Alta Equipment Group Inc. Class A Common Stock,NYSE,Industrials,Industrial Machinery/Components,244016550.0,7.5,281704
ALV,Autoliv Inc. Common Stock,NYSE,Consumer Discretionary,Auto Parts:O.E.M.,8997924481.0,122.86,457179
ALX,Alexander's Inc. Common Stock,NYSE,Real Estate,Real Estate Investment Trusts,1414157528.0,276.89,27944
AM,Antero Midstream Corporation Common Stock,NYSE,Utilities,Natural Gas Distribution,10096315980.0,21.27,3462499
AMBP,Ardagh Metal Packaging S.A. Ordinary Shares,NYSE,Industrials,Containers/Packaging,3012405913.0,5.04,1314028
AMBQ,Ambiq Micro Inc. Common Stock,NYSE,Technology,Semiconductors,1442649637.0,67.49,514063
AMC,AMC Entertainment Holdings Inc. Class A Common Stock,NYSE,Consumer Discretionary,Movies/Entertainment,2311846012.0,2.59,16792599
AMCR,Amcor plc Ordinary Shares,NYSE,Consumer Discretionary,Miscellaneous manufacturing industries,22127864723.0,47.86,2208665
AME,AMETEK Inc.,NYSE,Industrials,Industrial Machinery/Components,58154407153.0,253.66,1001513
AMG,Affiliated Managers Group Inc. Common Stock,NYSE,Finance,Investment Managers,9764547825.0,369.7,186768
AMH,American Homes 4 Rent Common Shares of Beneficial Interest,NYSE,Real Estate,Real Estate Investment Trusts,12438401461.0,34.63,2109059
AMN,AMN Healthcare Services Inc,NYSE,Consumer Discretionary,Professional Services,1396297872.0,36.0,1517238
AMP,Ameriprise Financial Inc. Common Stock,NYSE,Finance,Investment Managers,49621392426.0,551.98,463274
AMPX,Amprius Technologies Inc. Common Stock,NYSE,Miscellaneous,Industrial Machinery/Components,1731055323.0,11.85,6366067
AMPY,Amplify Energy Corp. Common Stock,NYSE,Energy,Oil & Gas Production,166388371.0,4.03,278501
AMR,Alpha Metallurgical Resources Inc. Common Stock,NYSE,Energy,Coal Mining,1931987117.0,151.95,300162
AMRC,Ameresco Inc. Class A Common Stock,NYSE,Consumer Discretionary,Engineering & Construction,1361148312.0,25.65,496980
AMRZ,Amrize Ltd Ordinary Shares,NYSE,Industrials,Building Materials,25816947444.0,46.64,9531351
AMT,American Tower Corporation (REIT) Common Stock,NYSE,Real Estate,Real Estate Investment Trusts,80396746682.0,172.54,1560496
AMTB,Amerant Bancorp Inc. Class A Common Stock,NYSE,Finance,Major Banks,1132978795.0,28.91,349910
AMTD,AMTD IDEA Group American Depositary Shares each representing six (6) Class A Ordinary Shares,NYSE,Finance,Finance: Consumer Services,73243460.0,0.7653,12028
AMTM,Amentum Holdings Inc. Common Stock,NYSE,Consumer Discretionary,Business Services,6051715222.0,24.77,1778894
AMWL,American Well Corporation Class A Common Stock,NYSE,Consumer Discretionary,Business Services,229958408.0,13.52,173593
AMX,America Movil S.A.B. de C.V. American Depositary Shares (each representing the right to receive twenty (20) Series B Shares,NYSE,Telecommunications,Telecommunications Equipment,71481562500.0,23.75,2801600
AN,AutoNation Inc. Common Stock,NYSE,Consumer Discretionary,Retail-Auto Dealers and Gas Stations,6917312439.0,209.23,270437
ANDG,Andersen Group Inc. Class A Common Stock,NYSE,Consumer Discretionary,Business Services,5610480738.0,49.68,259148
ANET,Arista Networks Inc. Common Stock,NYSE,Telecommunications,Computer Communications Equipment,237955254338.0,188.67,7202503
ANF,Abercrombie & Fitch Company Common Stock,NYSE,Consumer Discretionary,Clothing/Shoe/Accessory Stores,5003899180.0,112.62,688753
ANGX,Angel Studios Inc. Class A Common Stock,NYSE,Consumer Discretionary,Movies/Entertainment,801184609.0,4.29,838612
ANRO,Alto Neuroscience Inc. Common Stock,NYSE,Health Care,Biotechnology: Pharmaceutical Preparations,1114413680.0,28.67,336455
ANVS,Annovis Bio Inc. Common Stock,NYSE,Health Care,Biotechnology: Pharmaceutical Preparations,65136112.0,1.88,557290
AOD,abrdn Total Dynamic Dividend Fund Common Shares of Beneficial Interest,NYSE,Finance,Investment Managers,0.0,10.66,509250
AOMD,Angel Oak Mortgage REIT Inc. 9.750% Senior Notes due 2030,NYSE,Finance,Real Estate,0.0,25.4,10151
AOMN,Angel Oak Mortgage REIT Inc. 9.500% Senior Notes due 2029,NYSE,Finance,Real Estate,0.0,25.03,3716
AOMR,Angel Oak Mortgage REIT Inc. Common Stock,NYSE,Finance,Real Estate,208933893.0,9.0,91867
AON,Aon plc Class A Ordinary Shares (Ireland),NYSE,Finance,Specialty Insurers,76004543002.0,358.3,928740
AORT,Artivion Inc. Common Stock,NYSE,Health Care,Medical/Dental Instruments,1316495652.0,27.12,1081691
AOS,A.O. Smith Corporation Common Stock,NYSE,Consumer Discretionary,Consumer Electronics/Appliances,8695430501.0,63.98,1280935
AP,Ampco-Pittsburgh Corporation Common Stock,NYSE,Industrials,Fluid Controls,193303959.0,9.51,61401
APAM,Artisan Partners Asset Management Inc. Class A Common Stock,NYSE,Finance,Investment Managers,3449642066.0,42.55,1050274
APD,Air Products and Chemicals Inc. Common Stock,NYSE,Basic Materials,Major Chemicals,67571697223.0,303.44,749212
APG,APi Group Corporation Common Stock,NYSE,Consumer Discretionary,Diversified Commercial Services,18029727591.0,41.72,1473345
APH,Amphenol Corporation Common Stock,NYSE,Technology,Electrical Products,208596141255.0,169.18,6060701
APLE,Apple Hospitality REIT Inc. Common Shares,NYSE,Real Estate,Real Estate Investment Trusts,3819818054.0,16.18,3718860
APO,Apollo Global Management Inc. (New) Common Stock,NYSE,Finance,Investment Managers,73471391857.0,127.44,4050192
APOS,Apollo Global Management Inc. 7.625% Fixed-Rate Resettable Junior Subordinated Notes due 2053,NYSE,Finance,Investment Managers,14551600624.0,25.55,44898
APTV,Aptiv PLC Ordinary Shares,NYSE,Consumer Discretionary,Auto Parts:O.E.M.,10288231551.0,49.55,5963876
AQN,Algonquin Power & Utilities Corp. Common Shares,NYSE,Utilities,Electric Utilities: Central,4416687244.0,5.74,5635902
AQNB,Algonquin Power & Utilities Corp. 6.20% Fixed-to-Floating Subordinated Notes Series 2019-A due July 1 2079,NYSE,Utilities,Electric Utilities: Central,19661440026.0,25.6,10500
AR,Antero Resources Corporation Common Stock,NYSE,Energy,Oil & Gas Production,10671207690.0,34.71,2585197
ARCO,Arcos Dorados Holdings Inc. Class A Shares,NYSE,Consumer Discretionary,Restaurants,1735863590.0,8.24,784644
ARDC,Ares Dynamic Credit Allocation Fund Inc. Common Shares,NYSE,Finance,Investment Managers,284603542.0,12.42,70036
ARDT,Ardent Health Inc. Common Stock,NYSE,Health Care,Hospital/Nursing Management,1655692858.0,11.55,339814
ARE,Alexandria Real Estate Equities Inc. Common Stock,NYSE,Real Estate,Real Estate Investment Trusts,8667074132.0,49.74,1946080
ARES,Ares Management Corporation Class A Common Stock,NYSE,Finance,Investment Managers,45139647618.0,136.85,1402513
ARI,Apollo Commercial Real Estate Finance Inc,NYSE,Real Estate,Real Estate Investment Trusts,898063986.0,6.76,1868940
ARL,American Realty Investors Inc. Common Stock,NYSE,Finance,Real Estate,248095380.0,15.36,1531
ARLO,Arlo Technologies Inc. Common Stock,NYSE,Consumer Discretionary,Diversified Commercial Services,1654127513.0,15.23,2594293
ARMK,Aramark Common Stock,NYSE,Consumer Discretionary,Restaurants,14712251906.0,55.95,2875791
AROC,Archrock Inc. Common Stock,NYSE,Utilities,Natural Gas Distribution,5800187160.0,33.08,1739099
ARR,ARMOUR Residential REIT Inc.,NYSE,Real Estate,Real Estate Investment Trusts,2787184599.0,16.68,4280625
ARW,Arrow Electronics Inc. Common Stock,NYSE,Technology,Electronic Components,10406269350.0,203.51,1166710
ARX,Accelerant Holdings Class A Common Shares,NYSE,Finance,Specialty Insurers,2718788696.0,12.46,1079642
AS,Amer Sports Inc. Ordinary Shares,NYSE,Consumer Discretionary,Apparel,20544466537.0,36.84,6132329
ASA,ASA  Gold and Precious Metals Limited,NYSE,Industrials,Precious Metals,1052757136.0,57.79,62934
ASAN,Asana Inc. Class A Common Stock,NYSE,Technology,Computer Software: Prepackaged Software,2134520998.0,9.26,6053084
ASB,Associated Banc-Corp Common Stock,NYSE,Finance,Major Banks,5907217334.0,31.28,1197448
ASBA,Associated Banc-Corp 6.625% Fixed-Rate Reset Subordinated Notes due 2033,NYSE,Finance,Major Banks,3727250131.0,24.7,13163
ASC,Ardmore Shipping Corporation Common Stock,NYSE,Consumer Discretionary,Marine Transportation,681811680.0,16.71,365663
ASG,Liberty All-Star Growth Fund Inc.,NYSE,Finance,Investment Managers,0.0,5.35,227309
ASGI,abrdn Global Infrastructure Income Fund Common Shares of Beneficial Interest,NYSE,Finance,Investment Managers,0.0,24.21,110632
ASH,Ashland Inc. Common Stock,NYSE,Consumer Discretionary,Specialty Chemicals,3500903137.0,76.45,1762263
ASIC,Ategrity Specialty Insurance Company Holdings Common Stock,NYSE,Finance,Property-Casualty Insurers,1190249117.0,24.78,32368
ASIX,AdvanSix Inc. Common Stock ,NYSE,Industrials,Major Chemicals,444284913.0,16.48,719096
ASPN,Aspen Aerogels Inc. Common Stock,NYSE,Consumer Discretionary,RETAIL: Building Materials,517984081.0,6.25,2296327
ASR,Grupo Aeroportuario del Sureste S.A. de C.V. Common Stock,NYSE,Consumer Discretionary,Aerospace,8300400000.0,276.68,66084
ASX,ASE Technology Holding Co. Ltd. American Depositary Shares (each representing Two Common Shares) ,NYSE,Technology,Semiconductors,83263745795.0,37.39,5580038
ATEN,A10 Networks Inc. Common Stock,NYSE,Telecommunications,Computer Communications Equipment,1932431017.0,26.84,1569012
ATHM,Autohome Inc. American Depositary Shares each representing four class A ordinary shares.,NYSE,Technology,EDP Services,2616683098.0,22.72,674340
ATHS,Athene Holding Ltd. 7.250% Fixed-Rate Reset Junior Subordinated Debentures due 2064,NYSE,Finance,Life Insurance,5070668400.0,24.88,17866
ATI,ATI Inc. Common Stock,NYSE,Industrials,Steel/Iron Ore,31093422088.0,227.84,1835785
ATKR,Atkore Inc. Common Stock,NYSE,Miscellaneous,Industrial Machinery/Components,3164825661.0,93.71,1397844
ATMU,Atmus Filtration Technologies Inc. Common Stock,NYSE,Consumer Discretionary,Auto Parts:O.E.M.,4179178141.0,51.17,961333
ATO,Atmos Energy Corporation Common Stock,NYSE,Utilities,Oil/Gas Transmission,28760161835.0,170.19,907762
ATR,AptarGroup Inc. Common Stock,NYSE,Industrials,Plastic Products,8610156489.0,135.42,686292
ATS,ATS Corporation Common Shares,NYSE,Industrials,Industrial Machinery/Components,2073382962.0,21.13,428358
AU,AngloGold Ashanti PLC Ordinary Shares,NYSE,Basic Materials,Precious Metals,48665117812.0,96.22,3857109
AUB,Atlantic Union Bankshares Corporation Common Stock,NYSE,Finance,Major Banks,5979372776.0,41.78,668923
AUNA,Auna SA Class A Ordinary Shares,NYSE,Health Care,Medical/Nursing Services,393748974.0,5.32,282512
AVA,Avista Corporation Common Stock,NYSE,Utilities,Power Generation,3243747106.0,38.73,569062
AVAL,Grupo Aval Acciones y Valores S.A. ADR (Each representing 20 preferred shares),NYSE,Finance,Commercial Banks,6007099367.0,5.06,56612
AVB,AvalonBay Communities Inc. Common Stock,NYSE,Real Estate,Real Estate Investment Trusts,26781757961.0,187.55,666084
AVBC,Avidia Bancorp Inc. Common Stock,NYSE,Finance,Banks,431639375.0,21.5,127167
AVD,American Vanguard Corporation Common Stock ($0.10 Par Value),NYSE,Industrials,Agricultural Chemicals,82529438.0,2.41,183702
AVEX,AEVEX Corp. Class A Common Stock,NYSE,Industrials,Aerospace,2528304489.0,22.17,1653041
AVK,Advent Convertible and Income Fund,NYSE,Finance,Trusts Except Educational Religious and Charitable,0.0,12.75,152286
AVNT,Avient Corporation Common Stock,NYSE,Industrials,Major Chemicals,4190237530.0,45.69,1664825
AVTR,Avantor Inc. Common Stock,NYSE,Industrials,Biotechnology: Laboratory Analytical Instruments,9191716636.0,13.59,6217954
AVY,Avery Dennison Corporation Common Stock,NYSE,Consumer Discretionary,Containers/Packaging,13428143000.0,177.18,664687
AWF,Alliancebernstein Global High Income Fund,NYSE,Finance,Trusts Except Educational Religious and Charitable,0.0,10.11,260707
AWI,Armstrong World Industries Inc Common Stock,NYSE,Industrials,Plastic Products,7840599480.0,185.52,506281
AWK,American Water Works Company Inc. Common Stock,NYSE,Utilities,Water Supply,26890019502.0,135.31,1200118
AWP,abrdn Global Premier Properties Fund Common Shares of Beneficial Interest,NYSE,Finance,Trusts Except Educational Religious and Charitable,0.0,11.9,106746
AWR,American States Water Company Common Stock,NYSE,Utilities,Water Supply,3463757356.0,87.39,233021
AX,Axos Financial Inc. Common Stock,NYSE,Finance,Savings Institutions,5690738885.0,100.04,345308
AXP,American Express Company Common Stock,NYSE,Finance,Finance: Consumer Services,230219875168.0,340.91,1793619
AXR,AMREP Corporation Common Stock,NYSE,Real Estate,Homebuilding,119010375.0,22.35,5121
AXS,Axis Capital Holdings Limited Common Stock,NYSE,Finance,Property-Casualty Insurers,7551284146.0,103.49,492462
AXTA,Axalta Coating Systems Ltd. Common Shares,NYSE,Consumer Discretionary,Paints/Coatings,8173423685.0,38.19,1107494
AYI,Acuity Inc. Common Stock,NYSE,Consumer Discretionary,Building Products,10764223990.0,359.58,211300
AZN,AstraZeneca PLC Ordinary Shares,NYSE,Health Care,Biotechnology: Pharmaceutical Preparations,250318169774.0,161.42,3720296
AZO,AutoZone Inc. Common Stock,NYSE,Consumer Discretionary,Auto & Home Supply Stores,51054119438.0,3127.29,203250
AZUL,Azul S.A. American Depositary Shares each representing two (2) Common Shares,NYSE,Consumer Discretionary,Air Freight/Delivery Services,1568213967.0,8.51,4852
AZZ,AZZ Inc.,NYSE,Industrials,Industrial Specialties,4535372531.0,150.92,192984
B,Barrick Mining Corporation Common Shares,NYSE,Basic Materials,Precious Metals,73186205165.0,43.68,15660528
BA,Boeing Company (The) Common Stock,NYSE,Industrials,Aerospace,185278540088.0,234.42,4106050
BABA,Alibaba Group Holding Limited American Depositary Shares each representing eight Ordinary share,NYSE,Consumer Discretionary,Business Services,299675042071.0,128.41,6045706
BAC,Bank of America Corporation Common Stock,NYSE,Finance,Major Banks,441731914217.0,63.17,22609770
BAH,Booz Allen Hamilton Holding Corporation Common Stock,NYSE,Consumer Discretionary,Professional Services,9147672197.0,76.05,1532564
BAK,Braskem SA ADR,NYSE,Industrials,Major Chemicals,912802970.0,2.29,1176304
BALL,Ball Corporation Common Stock,NYSE,Industrials,Containers/Packaging,16795428002.0,63.45,1763192
BALY,Bally's Corporation Common Stock,NYSE,Consumer Discretionary,Hotels/Resorts,658361293.0,13.45,36327
BAM,Brookfield Asset Management Inc Class A Limited Voting Shares,NYSE,Real Estate,Building operators,85989158050.0,52.49,2473676
BANC,Banc of California Inc. Common Stock,NYSE,Finance,Major Banks,2967441100.0,18.73,2076265
BAP,Credicorp Ltd. Common Stock,NYSE,Finance,Commercial Banks,36519349917.0,386.93,210433
BARK,BARK Inc. Class A Common Stock,NYSE,Consumer Discretionary,Other Specialty Stores,98656439.0,11.22,217926
BAX,Baxter International Inc. Common Stock,NYSE,Health Care,Medical/Dental Instruments,14243239772.0,27.55,8161537
BB,BlackBerry Limited Common Stock,NYSE,Technology,Computer Software: Prepackaged Software,5262831435.0,8.98,10387850
BBAI,BigBear.ai Inc. Common Stock,NYSE,Technology,Computer Software: Prepackaged Software,1567946992.0,3.27,33256095
BBAR,Banco BBVA Argentina S.A. ADS,NYSE,Finance,Commercial Banks,3494489817.0,17.11,396684
BBBY,Bed Bath & Beyond Inc. Common Stock,NYSE,Consumer Discretionary,Catalog/Specialty Distribution,442332959.0,4.64,2875138
BBD,Banco Bradesco Sa American Depositary Shares,NYSE,Finance,Major Banks,35644530534.0,3.37,36728373
BBDC,Barings BDC Inc. Common Stock,NYSE,Finance,Diversified Financial Services,965397470.0,9.22,1469041
BBDO,Banco Bradesco Sa American Depositary Shares (each representing one Common Share),NYSE,Finance,Major Banks,33317587888.0,3.15,62196
BBN,BlackRock Taxable Municipal Bond Trust Common Shares of Beneficial Interest,NYSE,Finance,Finance Companies,0.0,15.96,146917
BBT,Beacon Financial Corporation Common stock,NYSE,Finance,Banks,2641044870.0,31.51,520113
BBUC,Brookfield Business Corporation Class A Subordinate Voting Shares,NYSE,Consumer Discretionary,Engineering & Construction,6108102000.0,29.38,167551
BBVA,Banco Bilbao Vizcaya Argentaria S.A. Common Stock,NYSE,Finance,Commercial Banks,161849262645.0,28.35,1597025
BBW,Build-A-Bear Workshop Inc. Common Stock,NYSE,Consumer Discretionary,Recreational Games/Products/Toys,462130149.0,36.86,354430
BBWI,Bath & Body Works Inc.,NYSE,Consumer Discretionary,Other Specialty Stores,4103798492.0,20.36,4635902
BBY,Best Buy Co. Inc. Common Stock,NYSE,Consumer Discretionary,Consumer Electronics/Video Chains,17282904332.0,82.0,3778737
BC,Brunswick Corporation Common Stock,NYSE,Industrials,Industrial Machinery/Components,5284230253.0,81.55,487992
BCAT,BlackRock Capital Allocation Term Trust Common Shares of Beneficial Interest,NYSE,Finance,Finance/Investors Services,1734485400.0,16.04,513763
BCC,Boise Cascade L.L.C. Common Stock,NYSE,Consumer Discretionary,RETAIL: Building Materials,3021590997.0,86.6,325896
BCE,BCE Inc. Common Stock,NYSE,Telecommunications,Telecommunications Equipment,21214962337.0,22.75,3122186
BCH,Banco De Chile ADS,NYSE,Finance,Commercial Banks,20920637517.0,41.42,603276
BCO,Brinks Company (The) Common Stock,NYSE,Industrials,Integrated Freight & Logistics,4621065038.0,112.19,344451
BCS,Barclays PLC Common Stock,NYSE,Finance,Commercial Banks,97099288395.0,27.93,1939781
BCSF,Bain Capital Specialty Finance Inc. Common Stock,NYSE,Finance,Finance/Investors Services,850426127.0,13.11,801931
BCX,BlackRock Resources Common Shares of Beneficial Interest,NYSE,Finance,Finance/Investors Services,1027630501.0,12.11,182399
BDC,Belden Inc Common Stock,NYSE,Industrials,Telecommunications Equipment,5190365329.0,132.82,503664
BDJ,Blackrock Enhanced Equity Dividend Trust,NYSE,Finance,Finance Companies,1727493404.0,9.76,541796
BDN,Brandywine Realty Trust Common Stock,NYSE,Real Estate,Real Estate Investment Trusts,562137608.0,3.22,2347167
BDX,Becton Dickinson and Company Common Stock,NYSE,Health Care,Medical/Dental Instruments,48732079919.0,176.86,1851936
BE,Bloom Energy Corporation Class A Common Stock,NYSE,Energy,Industrial Machinery/Components,64601628072.0,219.34,15073604
BEBE,TGE Value Creative Solutions Corp Class A Ordinary Shares,NYSE,Consumer Discretionary,Diversified Commercial Services,128442600.0,9.98,6
BEKE,KE Holdings Inc American Depositary Shares (each representing three Class A Ordinary Shares),NYSE,Finance,Real Estate,19252472135.0,17.04,1979766
BEN,Franklin Resources Inc. Common Stock,NYSE,Finance,Investment Managers,17157757251.0,33.77,3542626
BEP,Brookfield Renewable Partners L.P. Limited Partnership Units,NYSE,Utilities,Electric Utilities: Central,22582600990.0,33.2,665197
BEPC,Brookfield Renewable Corporation Brookfield Renewable Corporation Class A Subordinate Voting Shares,NYSE,Utilities,Electric Utilities: Central,12716141535.0,33.74,1778951
BEPH,Brookfield BRP Holdings (Canada) Inc. 4.625% Perpetual Subordinated Notes,NYSE,Utilities,Electric Utilities: Central,4324694960.0,15.06,18297
BEPI,Brookfield BRP Holdings (Canada) Inc. 4.875% Perpetual Subordinated Notes,NYSE,Utilities,Electric Utilities: Central,4626188801.0,16.1099,17697
BEPJ,Brookfield BRP Holdings (Canada) Inc. 7.250% Perpetual Subordinated Notes,NYSE,Utilities,Electric Utilities: Central,7045577082.0,24.535,2341
BETA,Beta Technologies Inc. Class A Common Stock,NYSE,Industrials,Aerospace,5425074007.0,23.51,1206826
BFAM,Bright Horizons Family Solutions Inc. Common Stock,NYSE,Consumer Discretionary,Other Consumer Services,3860277812.0,73.38,657147
BFH,Bread Financial Holdings Inc. Common Stock,NYSE,Consumer Discretionary,Business Services,4161575110.0,108.32,285037
BFLY,Butterfly Network Inc. Class A Common Stock,NYSE,Health Care,Medical Electronics,2351298166.0,8.83,4897873
BFS,Saul Centers Inc. Common Stock,NYSE,Real Estate,Real Estate Investment Trusts,834460653.0,34.01,106582
BG,Bunge Limited Common Shares,NYSE,Consumer Staples,Packaged Foods,20821870551.0,108.38,1473179
BGB,Blackstone Strategic Credit 2027 Term Fund Common Shares of Beneficial Interest,NYSE,Finance,Trusts Except Educational Religious and Charitable,0.0,11.26,194361
BGH,Barings Global Short Duration High Yield Fund Common Shares of Beneficial Interests,NYSE,Finance,Investment Managers,0.0,14.29,77001
BGR,BlackRock Energy and Resources Trust,NYSE,Finance,Trusts Except Educational Religious and Charitable,2158532208.0,15.92,77420
BGS,B&G Foods Inc. Common Stock,NYSE,Consumer Staples,Packaged Foods,285707844.0,3.52,2565908
BGSF,BGSF Inc. Common Stock,NYSE,Consumer Discretionary,Professional Services,59987773.0,5.62,1732
BGT,BlackRock Floating Rate Income Trust,NYSE,Finance,Trusts Except Educational Religious and Charitable,0.0,10.89,137281
BGX,Blackstone Long Short Credit Income Fund Common Shares,NYSE,Finance,Trusts Except Educational Religious and Charitable,0.0,10.83,18615
BGY,Blackrock Enhanced International Dividend Trust,NYSE,Finance,Trusts Except Educational Religious and Charitable,0.0,5.84,219526
BH,Biglari Holdings Inc. Class B Common Stock,NYSE,Consumer Discretionary,Restaurants,886867850.0,386.55,117044
BHC,Bausch Health Companies Inc. Common Stock,NYSE,Health Care,Biotechnology: Pharmaceutical Preparations,2337441006.0,6.25,4231229
BHE,Benchmark Electronics Inc. Common Stock,NYSE,Technology,Electrical Products,2958365682.0,82.36,228121
BHK,Blackrock Core Bond Trust,NYSE,Finance,Finance Companies,0.0,9.23,378849
BHP,BHP Group Limited American Depositary Shares (Each representing two Ordinary Shares),NYSE,Energy,Coal Mining,229704312070.0,90.41,2658834
BHR,Braemar Hotels & Resorts Inc. Common Stock,NYSE,Real Estate,Real Estate Investment Trusts,142166188.0,2.07,479683
BHV,BlackRock Virginia Municipal Bond Trust,NYSE,Finance,Finance/Investors Services,0.0,12.8,1840
BHVN,Biohaven Ltd. Common Shares ,NYSE,Health Care,Biotechnology: Pharmaceutical Preparations,2206425143.0,14.66,1121775
BILL,BILL Holdings Inc. Common Stock,NYSE,Technology,Computer Software: Prepackaged Software,4779646929.0,47.99,1683300
BIO,Bio-Rad Laboratories Inc. Class A Common Stock,NYSE,Industrials,Biotechnology: Laboratory Analytical Instruments,9424404542.0,352.47,266940
BIP,Brookfield Infrastructure Partners LP Limited Partnership Units,NYSE,Consumer Discretionary,Marine Transportation,17868938044.0,39.04,552367
BIPC,Brookfield Infrastructure Corporation Brookfield Infrastructure Corporation,NYSE,Consumer Discretionary,Marine Transportation,4853792532.0,39.46,1049691
BIPH,Brookfield Infrastructure Corporation 5.000% Subordinated Notes due 2081,NYSE,Consumer Discretionary,Marine Transportation,7353822914.0,15.94,6877
BIPI,BIP Bermuda Holdings I Limited 5.125% Perpetual Subordinated Notes,NYSE,Consumer Discretionary,Marine Transportation,157885154.0,16.66,10317
BIPJ,Brookfield Infrastructure Corporation 7.250% Subordinated Notes due 2084,NYSE,Consumer Discretionary,Marine Transportation,11302927314.0,24.5,4980
BIRK,Birkenstock Holding plc Ordinary Shares,NYSE,Consumer Discretionary,Shoe Manufacturing,7071187853.0,38.45,1092111
BIT,BlackRock Multi-Sector Income Trust Common Shares of Beneficial Interest,NYSE,Finance,Trusts Except Educational Religious and Charitable,0.0,12.31,268073
BJ,BJ's Wholesale Club Holdings Inc. Common Stock,NYSE,Consumer Discretionary,Department/Specialty Retail Stores,12319915866.0,96.48,892401
BKD,Brookdale Senior Living Inc. Common Stock,NYSE,Health Care,Hospital/Nursing Management,3395590899.0,14.22,4052137
BKE,Buckle Inc. (The) Common Stock,NYSE,Consumer Discretionary,Clothing/Shoe/Accessory Stores,2366740871.0,45.94,331510
BKH,Black Hills Corporation Common Stock,NYSE,Utilities,Electric Utilities: Central,5682964009.0,74.65,919025
BKKT,Bakkt Inc. Class A Common Stock,NYSE,Finance,Finance: Consumer Services,335930837.0,7.53,855447
BKSY,BlackSky Technology Inc. Class A Common Stock,NYSE,Technology,Radio And Television Broadcasting And Communications Equipment,1193274614.0,29.16,1254864
BKT,BlackRock Income Trust Inc. (The),NYSE,Finance,Investment Bankers/Brokers/Service,1564981195.0,10.52,152704
BKU,BankUnited Inc. Common Stock,NYSE,Finance,Savings Institutions,3376792432.0,46.46,454432
BKV,BKV Corporation Common Stock,NYSE,Energy,Oil & Gas Production,2675596505.0,24.46,827649
BLCO,Bausch + Lomb Corporation Common Shares,NYSE,Health Care,Ophthalmic Goods,5993232828.0,16.78,257698
BLDR,Builders FirstSource Inc. Common Stock,NYSE,Consumer Discretionary,RETAIL: Building Materials,8036379373.0,74.69,2130255
BLK,BlackRock Inc. Common Stock,NYSE,Finance,Investment Bankers/Brokers/Service,176406352760.0,1136.39,588767
BLND,Blend Labs Inc. Class A Common Stock,NYSE,Technology,Computer Software: Programming Data Processing,394650149.0,1.63,5547647
BLSH,Bullish Ordinary Shares,NYSE,Finance,Finance: Consumer Services,3770725664.0,23.62,1063286
BLW,Blackrock Limited Duration Income Trust,NYSE,Consumer Discretionary,Other Consumer Services,450676013.0,12.62,87000
BLX,Bladex Inc. Class E Common Stock,NYSE,Finance,Commercial Banks,2142762394.0,56.99,150940
BMA,Banco Macro S.A.  ADR (representing Ten Class B Common Shares),NYSE,Finance,Commercial Banks,5348499860.0,83.65,424879
BME,Blackrock Health Sciences Trust,NYSE,Finance,Trusts Except Educational Religious and Charitable,588119424.0,44.11,54755
BMEZ,BlackRock Health Sciences Term Trust Common Shares of Beneficial Interest,NYSE,Finance,Trusts Except Educational Religious and Charitable,212928297.0,15.97,148030
BMI,Badger Meter Inc. Common Stock,NYSE,Industrials,Industrial Machinery/Components,4025113574.0,138.86,203767
BMN,BlackRock 2037 Municipal Target Term Trust Common Shares of Beneficial Interest,NYSE,Finance,Trusts Except Educational Religious and Charitable,0.0,25.33,6929
BMNP,BitMine Immersion Technologies Inc. 9.5% Series A Perpetual Preferred Stock,NYSE,Finance,Finance: Consumer Services,53868116984.0,89.3,24230
BMNR,BitMine Immersion Technologies Inc. Common Stock,NYSE,Finance,Finance: Consumer Services,11352720735.0,18.82,29868582
BMO,Bank Of Montreal Common Stock,NYSE,Finance,Commercial Banks,127978210205.0,181.55,378508
BMY,Bristol-Myers Squibb Company Common Stock,NYSE,Health Care,Biotechnology: Pharmaceutical Preparations,132204492536.0,64.72,7211782
BN,Brookfield Corporation Class A Limited Voting Shares,NYSE,Real Estate,Building operators,108029045233.0,44.08,3375221
BNED,Barnes & Noble Education Inc Common Stock,NYSE,Consumer Discretionary,Other Specialty Stores,443435162.0,12.8,90763
BNH,Brookfield Finance Inc. 4.625% Subordinated Notes due October 16 2080,NYSE,Real Estate,Building operators,22843124005.0,15.15,6365
BNJ,Brookfield Finance Inc. 4.50% Perpetual Subordinated Notes,NYSE,Real Estate,Building operators,22737578217.0,15.08,13296
BNL,Broadstone Net Lease Inc. Common Stock,NYSE,Real Estate,Real Estate Investment Trusts,4016319883.0,20.93,6807249
BNS,Bank Nova Scotia Halifax Pfd 3 Ordinary Shares,NYSE,Finance,Major Banks,109000056936.0,88.85,1390377
BNT,Brookfield Wealth Solutions Ltd. Class A Exchangeable Limited Voting Shares,NYSE,Finance,Property-Casualty Insurers,15061916762.0,44.56,8501
BNY,The Bank of New York Mellon Corporation Common Stock,NYSE,Finance,Major Banks,106939037821.0,157.61,2792340
BOBS,Bob's Discount Furniture Inc. Common Stock,NYSE,Consumer Discretionary,Other Specialty Stores,2334313175.0,17.87,1110968
BOC,Boston Omaha Corporation Class A Common Stock,NYSE,Finance,Real Estate,439039637.0,14.44,82377
BOE,Blackrock Enhanced Global Dividend Trust Common Shares of Beneficial Interest,NYSE,Finance,Trusts Except Educational Religious and Charitable,0.0,12.3,129820
BOH,Bank of Hawaii Corporation Common Stock,NYSE,Finance,Major Banks,3127627395.0,79.28,238338
BOOT,Boot Barn Holdings Inc. Common Stock,NYSE,Consumer Discretionary,Clothing/Shoe/Accessory Stores,4954600478.0,163.6,511114
BORR,Borr Drilling Limited Common Shares,NYSE,Energy,Oil & Gas Production,1187726150.0,3.86,4699340
BOW,Bowhead Specialty Holdings Inc. Common Stock,NYSE,Finance,Property-Casualty Insurers,1101943517.0,33.45,767377
BOX,Box Inc. Class A Common Stock,NYSE,Technology,Computer Software: Prepackaged Software,4602072183.0,33.24,2078771
BP,BP p.l.c. Common Stock,NYSE,Energy,Integrated oil Companies,108984442594.0,41.63,4071047
BR,Broadridge Financial Solutions Inc. Common Stock,NYSE,Consumer Discretionary,Business Services,18984629367.0,166.5,2169777
BRBR,BellRing Brands Inc. Common Stock ,NYSE,Consumer Staples,Packaged Foods,1344175923.0,11.56,3412830
BRC,Brady Corporation Common Stock,NYSE,Consumer Discretionary,Miscellaneous manufacturing industries,4570882886.0,97.02,114419
BRCC,BRC Inc. Class A Common Stock,NYSE,Consumer Staples,Beverages (Production/Distribution),250287463.0,1.0,917886
BRO,Brown & Brown Inc. Common Stock,NYSE,Finance,Specialty Insurers,23901217801.0,71.43,1665528
BROS,Dutch Bros Inc. Class A Common Stock,NYSE,Consumer Discretionary,Restaurants,9258103892.0,53.01,7205236
BRSL,Brightstar Lottery PLC Trading under the Legal Name to begin at the market open on July 21 2025. Ordinary Shares,NYSE,Consumer Discretionary,Services-Misc. Amusement & Recreation,2038725000.0,11.05,2728073
BRSP,BrightSpire Capital Inc. Class A Common Stock,NYSE,Real Estate,Real Estate Investment Trusts,647803802.0,5.12,833029
BRT,BRT Apartments Corp. (MD) Common Stock,NYSE,Real Estate,Real Estate Investment Trusts,271229631.0,14.41,45072
BRW,Saba Capital Income & Opportunities Fund SBI,NYSE,Finance,Trusts Except Educational Religious and Charitable,0.0,6.67,282109
BRX,Brixmor Property Group Inc. Common Stock,NYSE,Real Estate,Real Estate Investment Trusts,9319712237.0,30.37,2658703
BSAC,Banco Santander - Chile ADS,NYSE,Finance,Commercial Banks,16564414546.0,35.16,254768
BSBR,Banco Santander Brasil SA American Depositary Shares each representing one unit,NYSE,Finance,Commercial Banks,43407661141.0,5.81,5624234
BSL,Blackstone Senior Floating Rate 2027 Term Fund Common Shares of Beneficial Interest,NYSE,Finance,Trusts Except Educational Religious and Charitable,0.0,13.05,98274
BSM,Black Stone Minerals L.P. Common units representing limited partner interests,NYSE,Energy,Oil & Gas Production,2999219051.0,14.1,1627342
BST,BlackRock Science and Technology Trust Common Shares of Beneficial Interest,NYSE,Finance,Finance Companies,1080194213.0,48.75,74625
BSTZ,BlackRock Science and Technology Term Trust Common Shares of Beneficial Interest,NYSE,Finance,Trusts Except Educational Religious and Charitable,666507526.0,30.08,129334
BSX,Boston Scientific Corporation Common Stock,NYSE,Health Care,Medical/Dental Instruments,71461507927.0,49.31,11444600
BTE,Baytex Energy Corp Common Shares,NYSE,Energy,Oil & Gas Production,2963151840.0,4.18,17131299
BTGO,BitGo Holdings Inc. Class A Common Stock,NYSE,Finance,Finance: Consumer Services,586754610.0,5.06,1801884
BTI,British American Tobacco  Industries p.l.c. Common Stock ADR,NYSE,Health Care, Medicinal Chemicals and Botanical Products ,128619747925.0,59.33,2924555
BTO,John Hancock Financial Opportunities Fund Common Stock,NYSE,Finance,Investment Managers,0.0,40.54,54700
BTT,BlackRock Municipal 2030 Target Term Trust,NYSE,Finance,Investment Managers,0.0,22.6,53069
BTU,Peabody Energy Corporation Common Stock ,NYSE,Energy,Coal Mining,2900868230.0,23.81,1689694
BTZ,BlackRock Credit Allocation Income Trust,NYSE,Finance,Finance/Investors Services,1107302400.0,10.24,400041
BUD,Anheuser-Busch Inbev SA Sponsored ADR (Belgium),NYSE,Consumer Staples,Beverages (Production/Distribution),165185864603.0,83.76,2066675
BUI,BlackRock Utility Infrastructure & Power Opportunities Trust,NYSE,Finance,Trusts Except Educational Religious and Charitable,0.0,26.95,152314
BUR,Burford Capital Limited Ordinary Shares,NYSE,Finance,Finance: Consumer Services,967147232.0,4.42,2781131
BURL,Burlington Stores Inc. Common Stock,NYSE,Consumer Discretionary,Department/Specialty Retail Stores,23223156326.0,368.96,641187
BV,BrightView Holdings Inc. Common Stock,NYSE,Consumer Staples,Farming/Seeds/Milling,1060270000.0,11.45,1572309
BVN,Buenaventura Mining Company Inc.,NYSE,Basic Materials,Metal Mining,8673651508.0,34.15,1429160
BW,Babcock & Wilcox Enterprises Inc. Common Stock,NYSE,Industrials,Building Products,1394626405.0,9.37,2261962
BWA,BorgWarner Inc. Common Stock,NYSE,Consumer Discretionary,Auto Parts:O.E.M.,13934851941.0,68.42,2152399
BWG,BrandywineGLOBAL Global Income Opportunities Fund Inc.,NYSE,Finance,Finance/Investors Services,0.0,7.79,118732
BWLP,BW LPG Limited Common Shares,NYSE,Consumer Discretionary,Transportation Services,3464383500.0,21.75,223436
BWMX,Betterware de Mexico S.A.P.I. de C.V. Ordinary Shares,NYSE,Consumer Discretionary,Catalog/Specialty Distribution,622718342.0,16.72,66798
BWNB,Babcock & Wilcox Enterprises Inc. 6.50% Senior Notes due 2026,NYSE,Industrials,Building Products,2543614157.0,25.16,5442
BWXT,BWX Technologies Inc. Common Stock,NYSE,Industrials,Industrial Machinery/Components,15566574402.0,169.9,674618
BX,Blackstone Inc. Common Stock,NYSE,Finance,Investment Managers,101871107934.0,137.13,4069675
BXC,Bluelinx Holdings Inc. Common Stock,NYSE,Consumer Discretionary,Wholesale Distributors,706476304.0,89.88,312146
BXDC,Blackstone Digital Infrastructure Trust Inc. Common Stock,NYSE,Finance,Real Estate,2012998100.0,20.0,522422
BXMT,Blackstone Mortgage Trust Inc. Common Stock,NYSE,Real Estate,Real Estate Investment Trusts,2384891813.0,14.15,2649878
BXP,BXP Inc. Common Stock,NYSE,Real Estate,Real Estate Investment Trusts,11117168927.0,69.71,911562
BXSL,Blackstone Secured Lending Fund Common Shares of Beneficial Interest,NYSE,Finance,Trusts Except Educational Religious and Charitable,0.0,24.54,2090781
BY,Byline Bancorp Inc. Common Stock,NYSE,Finance,Major Banks,1763241527.0,38.83,171764
BYD,Boyd Gaming Corporation Common Stock,NYSE,Consumer Discretionary,Hotels/Resorts,6060914636.0,83.42,584524
BZH,Beazer Homes USA Inc. Common Stock,NYSE,Consumer Discretionary,Homebuilding,906936314.0,33.18,6487845
C,Citigroup Inc. Common Stock,NYSE,Finance,Major Banks,230252888925.0,135.0,10158148
CAAP,Corporacion America Airports SA Common Shares,NYSE,Consumer Discretionary,Aerospace,4143696182.0,25.08,257932
CABO,Cable One Inc. Common Stock,NYSE,Telecommunications,Cable & Other Pay Television Services,211710874.0,37.32,352051
CACI,CACI International Inc. Class A Common Stock,NYSE,Technology,EDP Services,14236299681.0,644.43,417034
CAF,Morgan Stanley China A Share Fund Inc. Common Stock,NYSE,Finance,Investment Managers,0.0,19.46,14867
CAG,ConAgra Brands Inc. Common Stock,NYSE,Consumer Staples,Packaged Foods,7231126851.0,15.11,6925796
CAH,Cardinal Health Inc. Common Stock,NYSE,Health Care,Other Pharmaceuticals,55366264122.0,236.4,1551059
CAL,Caleres Inc. Common Stock,NYSE,Consumer Discretionary,Shoe Manufacturing,487051288.0,14.5,431755
CALX,Calix Inc Common Stock,NYSE,Consumer Discretionary,Telecommunications Equipment,2391372302.0,37.98,606925
CALY,Callaway Golf Company Common Stock,NYSE,Consumer Discretionary,Recreational Games/Products/Toys,3140000064.0,17.59,1801626
CANG,Cango Inc. Class A Ordinary Shares,NYSE,Finance,Finance: Consumer Services,68506685.0,1.67,55231
CAPL,CrossAmerica Partners LP Common Units representing limited partner interests,NYSE,Energy,Oil Refining/Marketing,817289390.0,21.41,41415
CARR,Carrier Global Corporation Common Stock ,NYSE,Industrials,Industrial Machinery/Components,52765046899.0,64.01,5059550
CARS,Cars.com Inc. Common Stock ,NYSE,Technology,EDP Services,702481053.0,12.32,1174369
CAT,Caterpillar Inc. Common Stock,NYSE,Industrials,Construction/Ag Equipment/Trucks,387133594767.0,842.19,2442837
CATO,Cato Corporation (The) Class A Common Stock,NYSE,Consumer Discretionary,Clothing/Shoe/Accessory Stores,66063820.0,3.31,32013
CAVA,CAVA Group Inc. Common Stock,NYSE,Consumer Discretionary,Restaurants,7270298092.0,62.42,2497548
CB,Chubb Limited  Common Stock,NYSE,Finance,Property-Casualty Insurers,135149548606.0,350.31,1354542
CBAN,Colony Bankcorp Inc. Common Stock,NYSE,Finance,Major Banks,467073440.0,22.01,136794
CBL,CBL & Associates Properties Inc. Common Stock,NYSE,Real Estate,Real Estate Investment Trusts,1749926065.0,56.55,243766
CBNA,Chain Bridge Bancorp Inc. Class A Common Stock,NYSE,Finance,Major Banks,306174381.0,46.66,16539
CBRE,CBRE Group Inc Common Stock Class A,NYSE,Finance,Real Estate,42909267658.0,148.18,1425815
CBT,Cabot Corporation Common Stock,NYSE,Industrials,Major Chemicals,4523908833.0,87.62,645395
CBU,Community Financial System Inc. Common Stock,NYSE,Finance,Major Banks,3408187146.0,64.85,161678
CBZ,CBIZ Inc. Common Stock,NYSE,Consumer Discretionary,Business Services,2957381406.0,54.5,1495293
CC,Chemours Company (The) Common Stock,NYSE,Industrials,Major Chemicals,2370359171.0,15.75,2872711
CCI,Crown Castle Inc. Common Stock,NYSE,Real Estate,Real Estate Investment Trusts,32160176634.0,75.59,2091796
CCIF,Carlyle Credit Income Fund Shares of Beneficial Interest,NYSE,Finance,Finance/Investors Services,0.0,2.84,57390
CCJ,Cameco Corporation Common Stock,NYSE,Basic Materials,Other Metals and Minerals,42416556727.0,97.39,3219051
CCK,Crown Holdings Inc.,NYSE,Industrials,Containers/Packaging,13126306073.0,120.69,588249
CCL,Carnival Corporation Ltd. Common Shares,NYSE,Consumer Discretionary,Marine Transportation,39706127960.0,28.99,13372933
CCM,Concord Medical Services Holdings Limited American Depositary Shares (Each represents thirty (30) Class A ordinary shares),NYSE,Health Care,Medical/Nursing Services,19668005.0,4.53,17875
CCO,Clear Channel Outdoor Holdings Inc. Common Stock,NYSE,Consumer Discretionary,Advertising,1232007105.0,2.42,4326485
CCS,Century Communities Inc. Common Stock,NYSE,Consumer Discretionary,Homebuilding,2027550099.0,71.31,202893
CCU,Compania Cervecerias Unidas S.A. Common Stock,NYSE,Consumer Staples,Beverages (Production/Distribution),2207779660.0,11.95,137067
CCZ,Comcast Holdings ZONES,NYSE,Telecommunications,Cable & Other Pay Television Services,227112740672.0,64.0,7
CDE,Coeur Mining Inc. Common Stock,NYSE,Basic Materials,Precious Metals,17875789615.0,17.39,51759510
CDLR,Cadeler A/S American Depositary Share (each representing four (4) Ordinary Shares),NYSE,Consumer Discretionary,Marine Transportation,2074159321.0,23.64,42773
CDP,COPT Defense Properties Common Shares of Beneficial Interest,NYSE,Real Estate,Real Estate Investment Trusts,4212064410.0,37.14,653901
CDRE,Cadre Holdings Inc. Common Stock,NYSE,Health Care,Industrial Specialties,1405376490.0,32.82,472353
CE,Celanese Corporation Common Stock,NYSE,Industrials,Major Chemicals,4816880362.0,43.89,1450478
CEE,The Central and Eastern Europe Fund Inc. (The) Common Stock,NYSE,Finance,Finance Companies,0.0,21.26,24724
CEPU,Central Puerto S.A. American Depositary Shares (each represents ten Common Shares),NYSE,Utilities,Electric Utilities: Central,2116250768.0,13.98,262911
CF,CF Industries Holdings Inc. Common Stock,NYSE,Industrials,Agricultural Chemicals,17567507482.0,114.35,2040933
CFG,Citizens Financial Group Inc. Common Stock,NYSE,Finance,Major Banks,30606917184.0,72.67,1999957
CFR,Cullen/Frost Bankers Inc. Common Stock,NYSE,Finance,Major Banks,10223475133.0,164.5,620019
CGAU,Centerra Gold Inc. Common Shares,NYSE,Basic Materials,Precious Metals,4241847218.0,21.24,2250946
CHCT,Community Healthcare Trust Incorporated Common Stock,NYSE,Real Estate,Real Estate Investment Trusts,454163396.0,15.85,306740
CHD,Church & Dwight Company Inc. Common Stock,NYSE,Consumer Discretionary,Package Goods/Cosmetics,24488931359.0,103.24,1744148
CHE,Chemed Corp,NYSE,Health Care,Medical/Nursing Services,7224028844.0,552.72,154127
CHGG,Chegg Inc. Common Stock,NYSE,Real Estate,Other Consumer Services,102520708.0,0.9157,951012
CHH,Choice Hotels International Inc. Common Stock,NYSE,Consumer Discretionary,Hotels/Resorts,4818839070.0,106.66,432355
CHMI,Cherry Hill Mortgage Investment Corporation Common Stock,NYSE,Real Estate,Real Estate Investment Trusts,88542287.0,2.41,202888
CHPT,ChargePoint Holdings Inc. Common Stock,NYSE,Miscellaneous,Industrial Machinery/Components,161083265.0,6.22,377751
CHT,Chunghwa Telecom Co. Ltd.,NYSE,Telecommunications,Telecommunications Equipment,32984662688.0,42.52,197539
CHWY,Chewy Inc. Class A Common Stock,NYSE,Consumer Discretionary,Catalog/Specialty Distribution,9633751591.0,23.53,5868114
CI,The Cigna Group Common Stock,NYSE,Health Care,Medical Specialities,74645294890.0,282.49,2288966
CIA,Citizens Inc. Class A Common Stock ($1.00 Par),NYSE,Finance,Life Insurance,192103543.0,3.8,395297
CIB,Grupo Cibest S.A. American Depositary Shares each representing four Preferred Shares,NYSE,Finance,Commercial Banks,21173280724.0,88.85,158990
CICB,CION Investment Corporation 7.50% Notes due 2029,NYSE,Finance,Finance/Investors Services,0.0,25.05,806
CICC,CION Investment Corporation 7.50% Notes due 2031,NYSE,Finance,Finance/Investors Services,0.0,24.8,6443
CIEN,Ciena Corporation Common Stock,NYSE,Utilities,Telecommunications Equipment,58375009504.0,412.39,1888251
CIG,Comp En De Mn Cemig ADS American Depositary Shares,NYSE,Utilities,Electric Utilities: Central,6009741980.0,2.1,5285281
CII,BlackRock Enhanced Large Cap Core Fund Inc. Common Stock,NYSE,Finance,Investment Bankers/Brokers/Service,3684846407.0,24.77,84246
CIM,Chimera Investment Corporation Common Stock,NYSE,Real Estate,Real Estate Investment Trusts,1002030461.0,11.97,839978
CIMN,Chimera Investment Corporation 9.000% Senior Notes due 2029,NYSE,Real Estate,Real Estate Investment Trusts,2012325191.0,24.9883,14424
CIMO,Chimera Investment Corporation 9.250% Senior Notes due 2029,NYSE,Real Estate,Real Estate Investment Trusts,0.0,25.0901,5963
CIMP,Chimera Investment Corporation 8.875% Senior Notes due 2030,NYSE,Real Estate,Real Estate Investment Trusts,0.0,25.1,8484
CINT,CI&T Inc Class A Common Shares,NYSE,Technology,EDP Services,458847521.0,3.56,50297
CION,CION Investment Corporation Common Stock,NYSE,Finance,Finance/Investors Services,373916967.0,7.51,1361391
CL,Colgate-Palmolive Company Common Stock,NYSE,Consumer Discretionary,Package Goods/Cosmetics,74352309761.0,93.27,3738700
CLB,Core Laboratories Inc. Common Stock,NYSE,Energy,Oilfield Services/Equipment,520789552.0,11.35,387980
CLDT,Chatham Lodging Trust (REIT) Common Shares of Beneficial Interest,NYSE,Real Estate,Real Estate Investment Trusts,586261080.0,12.59,254806
CLF,Cleveland-Cliffs Inc. Common Stock,NYSE,Basic Materials,Metal Mining,6994820976.0,12.26,12643678
CLH,Clean Harbors Inc. Common Stock,NYSE,Industrials,Environmental Services,16267446216.0,308.17,345793
CLPR,Clipper Realty Inc. Common Stock,NYSE,Real Estate,Real Estate Investment Trusts,46210639.0,2.86,27134
CLS,Celestica Inc. Common Stock,NYSE,Technology,Electrical Products,36541902598.0,317.83,3326042
CLVT,Clarivate Plc Ordinary Shares,NYSE,Technology,EDP Services,1164188485.0,1.82,3077297
CLW,Clearwater Paper Corporation Common Stock,NYSE,Basic Materials,Paper,375938179.0,23.31,159401
CLX,Clorox Company (The) Common Stock,NYSE,Consumer Discretionary,Specialty Chemicals,12714880058.0,105.15,2044089
CM,Canadian Imperial Bank of Commerce Common Stock,NYSE,Finance,Commercial Banks,108587647995.0,118.7,720860
CMBT,CMB.TECH NV Ordinary Shares,NYSE,Consumer Discretionary,Marine Transportation,5147275870.0,16.29,794979
CMC,Commercial Metals Company Common Stock,NYSE,Industrials,Steel/Iron Ore,8311206289.0,75.13,897232
CMCM,Cheetah Mobile Inc. American Depositary Shares each representing fifty (50) Class A Ordinary Shares,NYSE,Technology,Computer Software: Prepackaged Software,96956856.0,3.11,3760
CMDB,Costamare Bulkers Holdings Limited Common Stock,NYSE,Consumer Discretionary,Marine Transportation,430412402.0,17.8,73713
CMG,Chipotle Mexican Grill Inc. Common Stock,NYSE,Consumer Discretionary,Restaurants,41493056220.0,32.79,18437511
CMI,Cummins Inc. Common Stock,NYSE,Industrials,Industrial Machinery/Components,88691722395.0,644.26,963728
CMP,Compass Minerals Intl Inc Common Stock,NYSE,Industrials,Mining & Quarrying of Nonmetallic Minerals (No Fuels),1147560818.0,27.35,793798
CMRE,Costamare Inc. Common Stock $0.0001 par value,NYSE,Consumer Discretionary,Marine Transportation,1767831207.0,14.66,326951
CMS,CMS Energy Corporation Common Stock,NYSE,Utilities,Power Generation,22273383970.0,71.03,3615938
CMSA,CMS Energy Corporation 5.625% Junior Subordinated Notes due 2078,NYSE,Utilities,Power Generation,6203428094.0,20.724,11975
CMSC,CMS Energy Corporation 5.875% Junior Subordinated Notes due 2078,NYSE,Utilities,Power Generation,6508690397.0,21.7438,24725
CMSD,CMS Energy Corporation 5.875% Junior Subordinated Notes due 2079,NYSE,Utilities,Power Generation,6531499759.0,21.82,54464
CMTG,Claros Mortgage Trust Inc. Common Stock,NYSE,Finance,Real Estate,273703360.0,1.94,1300687
CNA,CNA Financial Corporation Common Stock,NYSE,Finance,Property-Casualty Insurers,14076660275.0,52.02,375567
CNC,Centene Corporation Common Stock,NYSE,Health Care,Medical Specialities,32490051150.0,65.77,3525785
CNF,CNFinance Holdings Limited American Depositary Shares each representing two hundred (200) Ordinary Shares,NYSE,Finance,Finance: Consumer Services,39422315.0,2.215,6703
CNH,CNH Industrial N.V. Common Shares,NYSE,Industrials,Construction/Ag Equipment/Trucks,13503590202.0,10.91,9976321
CNI,Canadian National Railway Company Common Stock,NYSE,Industrials,Railroads,76479060000.0,126.6,1718236
CNK,Cinemark Holdings Inc Cinemark Holdings Inc. Common Stock,NYSE,Consumer Discretionary,Movies/Entertainment,4316557480.0,37.24,2139694
CNM,Core & Main Inc. Class A Common Stock,NYSE,Consumer Discretionary,Durable Goods,9008357629.0,46.55,1421853
CNMD,CONMED Corporation Common Stock,NYSE,Health Care,Biotechnology: Electromedical & Electrotherapeutic Apparatus,1471205302.0,49.12,434437
CNNE,Cannae Holdings Inc. Common Stock,NYSE,Consumer Discretionary,Restaurants,649440679.0,14.78,300145
CNO,CNO Financial Group Inc. Common Stock,NYSE,Finance,Accident &Health Insurance,5149103425.0,55.16,524941
CNP,CenterPoint Energy Inc (Holding Co) Common Stock,NYSE,Utilities,Electric Utilities: Central,26796741316.0,40.68,7331618
CNQ,Canadian Natural Resources Limited Common Stock,NYSE,Energy,Oil & Gas Production,94932585720.0,45.51,5302776
CNR,Core Natural Resources Inc. Common Stock,NYSE,Energy,Coal Mining,4516521856.0,89.6,608391
CNS,Cohen & Steers Inc Common Stock,NYSE,Finance,Investment Managers,4298840159.0,83.6,139425
CNX,CNX Resources Corporation Common Stock,NYSE,Energy,Oil & Gas Production,5198739404.0,35.14,853666
CODI,D/B/A Compass Diversified Holdings Shares of Beneficial Interest,NYSE,Consumer Discretionary,Home Furnishings,827595626.0,11.0,416392
COF,Capital One Financial Corporation Common Stock,NYSE,Finance,Major Banks,133592457887.0,217.76,2569907
COHR,Coherent Corp. Common Stock,NYSE,Technology,Electronic Components,74172735771.0,379.13,11235294
COLD,Americold Realty Trust Inc. Common Stock,NYSE,Real Estate,Real Estate Investment Trusts,4268178538.0,14.96,4183689
COMP,Compass Inc. Class A Common Stock,NYSE,Finance,Real Estate,9399185306.0,12.58,10172033
CON,Concentra Group Holdings Parent Inc. Common Stock,NYSE,Health Care,Medical Specialities,4358378227.0,34.06,2037704
COOK,Traeger Inc. Common Stock,NYSE,Consumer Discretionary,Consumer Electronics/Appliances,170636041.0,61.34,40754
COP,ConocoPhillips Common Stock,NYSE,Energy,Integrated oil Companies,143283558163.0,117.61,7865174
COR,Cencora Inc. Common Stock,NYSE,Health Care,Other Pharmaceuticals,61152473296.0,320.46,1560518
COSO,CoastalSouth Bancshares Inc. Common Stock,NYSE,Finance,Major Banks,337476289.0,28.04,77483
COTY,Coty Inc. Class A Common Stock,NYSE,Consumer Discretionary,Package Goods/Cosmetics,2482915355.0,2.82,6733352
COUR,Coursera Inc. Common Stock,NYSE,Technology,Computer Software: Prepackaged Software,1536164000.0,5.81,3912320
CP,Canadian Pacific Kansas City Limited Common Shares,NYSE,Industrials,Railroads,81749218243.0,91.62,2028573
CPA,Copa Holdings S.A. Class A Common Stock,NYSE,Consumer Discretionary,Air Freight/Delivery Services,5847022538.0,142.13,265855
CPAC,Cementos Pacasmayo S.A.A. American Depositary Shares (Each representing five Common Shares),NYSE,Industrials,Building Materials,996938594.0,11.76,22498
CPAY,Corpay Inc. Common Stock,NYSE,Consumer Discretionary,Business Services,25683312452.0,392.94,537469
CPF,Central Pacific Financial Corp New,NYSE,Finance,Major Banks,1015337808.0,38.9,142010
CPK,Chesapeake Utilities Corporation Common Stock,NYSE,Utilities,Oil & Gas Production,3213037260.0,133.85,170319
CPNG,Coupang Inc. Class A Common Stock,NYSE,Consumer Discretionary,Catalog/Specialty Distribution,29173614923.0,16.23,23994457
CPRI,Capri Holdings Limited Ordinary Shares,NYSE,Consumer Discretionary,Apparel,1740006272.0,15.31,6385068
CPS,Cooper-Standard Holdings Inc. Common Stock,NYSE,Consumer Discretionary,Auto Parts:O.E.M.,557515918.0,31.4,376717
CPT,Camden Property Trust Common Stock,NYSE,Real Estate,Real Estate Investment Trusts,11253369446.0,111.93,767812
CQP,Cheniere Energy Partners LP Common Units,NYSE,Utilities,Oil/Gas Transmission,31323142299.0,64.71,93617
CR,Crane Company Common Stock,NYSE,Industrials,Metal Fabrications,12709142277.0,219.88,225929
CRBD,Corebridge Financial Inc. 6.375% Junior Subordinated Notes due 2064,NYSE,Finance,Life Insurance,0.0,21.9,26320
CRBG,Corebridge Financial Inc. Common Stock,NYSE,Finance,Life Insurance,15013618541.0,33.68,3921243
CRC,California Resources Corporation Common Stock,NYSE,Energy,Oil & Gas Production,4624438444.0,52.08,1123307
CRCL,Circle Internet Group Inc. Class A Common Stock,NYSE,Finance,Finance: Consumer Services,16925904986.0,66.67,12121923
CRGY,Crescent Energy Company Class A Common Stock,NYSE,Energy,Oil & Gas Production,3822770763.0,11.57,7756371
CRH,CRH PLC Ordinary Shares,NYSE,Industrials,Building Materials,67255226127.0,100.48,6555904
CRI,Carter's Inc. Common Stock,NYSE,Consumer Discretionary,Apparel,1466978953.0,39.96,588788
CRK,Comstock Resources Inc. Common Stock,NYSE,Energy,Oil & Gas Production,3937451549.0,13.41,1628396
CRL,Charles River Laboratories International Inc. Common Stock,NYSE,Health Care,Biotechnology: Commercial Physical & Biological Resarch,12769670871.0,267.49,612613
CRM,Salesforce Inc. Common Stock,NYSE,Technology,Computer Software: Prepackaged Software,157854060000.0,192.74,11390344
CRS,Carpenter Technology Corporation Common Stock,NYSE,Industrials,Steel/Iron Ore,28353591344.0,570.66,588478
CRT,Cross Timbers Royalty Trust Common Stock,NYSE,Energy,Oil & Gas Production,60240000.0,10.04,38378
CSAN,Cosan S.A. ADS,NYSE,Consumer Discretionary,Retail-Auto Dealers and Gas Stations,2855931071.0,2.88,1146557
CSL,Carlisle Companies Incorporated Common Stock,NYSE,Industrials,Specialty Chemicals,15388829396.0,387.49,278814
CSQR,Csquare Inc. Common Stock,NYSE,Technology,Computer Software: Programming Data Processing,3336045507.0,21.52,882743
CSR,D/B/A Centerspace Common Stock,NYSE,Real Estate,Real Estate Investment Trusts,951892479.0,56.68,106188
CSTM,Constellium SE Ordinary Shares (France),NYSE,Industrials,Metal Fabrications,3989936312.0,29.44,1195520
CSV,Carriage Services Inc. Common Stock,NYSE,Consumer Discretionary,Other Consumer Services,569340405.0,35.87,481688
CSW,CSW Industrials Inc. Common Stock,NYSE,Industrials,Home Furnishings,5713800021.0,350.68,113445
CTEV,Claritev Corporation Class A Common Stock,NYSE,Consumer Discretionary,Business Services,555587444.0,32.59,330039
CTGG,Qwest Corporation 6.500% Senior Notes due 2051 (denominations of $25),NYSE,Telecommunications,Telecommunications Equipment,0.0,16.33,28532
CTHH,Qwest Corporation 6.750% Senior Notes due 2052 (denominations of $25),NYSE,Telecommunications,Telecommunications Equipment,0.0,16.81,41118
CTO,CTO Realty Growth Inc. Common Stock,NYSE,Real Estate,Real Estate Investment Trusts,815308625.0,21.75,311194
CTOS,Custom Truck One Source Inc. Common Stock,NYSE,Consumer Discretionary,Diversified Commercial Services,2370607675.0,10.42,969144
CTRE,CareTrust REIT Inc. Common Stock,NYSE,Real Estate,Real Estate Investment Trusts,9737822487.0,41.22,1934347
CTRI,Centuri Holdings Inc. Common Stock,NYSE,Utilities,Oil & Gas Production,2407968814.0,23.85,2535448
CTS,CTS Corporation Common Stock,NYSE,Technology,Electrical Products,1891276795.0,66.23,139296
CTVA,Corteva Inc. Common Stock ,NYSE,Consumer Staples,Farming/Seeds/Milling,51260668680.0,76.83,3375284
CUBB,Customers Bancorp Inc 5.375% Subordinated Notes Due 2034,NYSE,Finance,Major Banks,708049941.0,22.39,2274
CUBE,CubeSmart Common Shares,NYSE,Real Estate,Real Estate Investment Trusts,9405027308.0,41.77,1103397
CUBI,Customers Bancorp Inc Common Stock,NYSE,Finance,Major Banks,2776024972.0,82.07,169297
CURB,Curbline Properties Corp. Common Stock,NYSE,Finance,Real Estate,3407426301.0,29.62,1054344
CURV,Torrid Holdings Inc. Common Stock,NYSE,Consumer Discretionary,Clothing/Shoe/Accessory Stores,259748194.0,2.61,281625
CUZ,Cousins Properties Incorporated Common Stock,NYSE,Real Estate,Real Estate Investment Trusts,4875512958.0,29.62,1866241
CVE,Cenovus Energy Inc Common Stock,NYSE,Energy,Oil & Gas Production,52968750000.0,28.25,4808605
CVEO,Civeo Corporation (Canada) Common Shares,NYSE,Consumer Discretionary,Hotels/Resorts,317961783.0,30.76,126114
CVI,CVR Energy Inc. Common Stock,NYSE,Energy,Integrated oil Companies,3131528159.0,31.15,802844
CVLG,Covenant Logistics Group Inc. Class A Common Stock,NYSE,Industrials,Trucking Freight/Courier Services,872174769.0,34.65,221639
CVNA,Carvana Co. Class A Common Stock,NYSE,Consumer Discretionary,Retail-Auto Dealers and Gas Stations,77967858105.0,70.85,10487014
CVS,CVS Health Corporation Common Stock,NYSE,Consumer Staples,Retail-Drug Stores and Proprietary Stores,122397464313.0,95.7,12398791
CVSA,Covista Inc. Common Shares,NYSE,Real Estate,Other Consumer Services,4797674449.0,140.98,686874
CVX,Chevron Corporation Common Stock,NYSE,Energy,Integrated oil Companies,371552472882.0,186.56,7095389
CW,Curtiss-Wright Corporation Common Stock,NYSE,Technology,Industrial Machinery/Components,25545553729.0,691.52,359311
CWEN,Clearway Energy Inc. Class C Common Stock,NYSE,Utilities,Electric Utilities: Central,5351782632.0,32.65,1227824
CWH,Camping World Holdings Inc. Class A Common Stock,NYSE,Consumer Discretionary,Retail-Auto Dealers and Gas Stations,652823869.0,6.32,1790411
CWK,Cushman & Wakefield Ltd. Common Shares,NYSE,Finance,Real Estate,3246090582.0,13.83,1636931
CWT,California Water Service Group Common Stock,NYSE,Utilities,Water Supply,3124729774.0,50.53,487119
CX,Cemex S.A.B. de C.V. Sponsored ADR,NYSE,Industrials,Building Materials,17175329583.0,11.33,9860743
CXM,Sprinklr Inc. Class A Common Stock,NYSE,Technology,Computer Software: Prepackaged Software,1606809307.0,6.86,1837817
CXT,Crane NXT Co. Common Stock,NYSE,Industrials,Metal Fabrications,3069744342.0,53.33,710440
CXW,CoreCivic Inc. Common Stock,NYSE,Real Estate,Real Estate Investment Trusts,3191130604.0,32.27,1203678
CYD,China Yuchai International Limited Common Stock,NYSE,Industrials,Industrial Machinery/Components,1775366997.0,47.32,137377
CYH,Community Health Systems Inc. Common Stock,NYSE,Health Care,Hospital/Nursing Management,423028071.0,3.0,866218
D,Dominion Energy Inc. Common Stock,NYSE,Utilities,Electric Utilities: Central,59271253703.0,67.39,4910470
DAC,Danaos Corporation Common Stock,NYSE,Consumer Discretionary,Marine Transportation,2561593002.0,140.72,98853
DAL,Delta Air Lines Inc. Common Stock,NYSE,Consumer Discretionary,Air Freight/Delivery Services,60067287560.0,91.34,3383996
DAN,Dana Incorporated Common Stock ,NYSE,Consumer Discretionary,Auto Parts:O.E.M.,3078223280.0,28.44,1009327
DAO,Youdao Inc. American Depositary Shares each representing one Class A Ordinary Share,NYSE,Real Estate,Other Consumer Services,2188312206.0,18.14,22076
DAR,Darling Ingredients Inc. Common Stock,NYSE,Consumer Staples,Packaged Foods,9441874636.0,59.41,1893583
DAVA,Endava plc American Depositary Shares (each representing one Class A Ordinary Share),NYSE,Technology,EDP Services,160266429.0,2.95,164573
DB,Deutsche Bank AG Common Stock,NYSE,Finance,Major Banks,71606084000.0,38.06,1429858
DBD,Diebold Nixdorf Incorporated Common stock,NYSE,Miscellaneous,Office Equipment/Supplies/Services,2558893803.0,75.38,231379
DBI,Designer Brands Inc. Class A Common Stock,NYSE,Consumer Discretionary,Clothing/Shoe/Accessory Stores,332589867.0,6.55,318557
DBRG,DigitalBridge Group Inc.,NYSE,Real Estate,Real Estate Investment Trusts,2988674779.0,15.94,3187651
DCBG,Dime Commercial Bancshares Inc. 9.000% Junior Subordinated Notes,NYSE,Finance,Major Banks,1037047394.0,26.49,123
DCH,Dauch Corporation Common Stock,NYSE,Consumer Discretionary,Auto Parts:O.E.M.,1507278748.0,6.35,9084035
DCI,Donaldson Company Inc. Common Stock,NYSE,Industrials,Pollution Control Equipment,11429989232.0,98.61,490521
DCO,Ducommun Incorporated Common Stock,NYSE,Industrials,Military/Government/Technical,2972911112.0,197.07,301435
DCOM,Dime Commercial Bancshares Inc. Common Stock,NYSE,Finance,Major Banks,1780393910.0,40.32,295480
DD,DuPont de Nemours Inc. Common Stock,NYSE,Industrials,Major Chemicals,19239572648.0,142.47,1367033
DDD,3D Systems Corporation Common Stock,NYSE,Technology,Computer Software: Prepackaged Software,613082530.0,3.69,3552790
DDL,Dingdong (Cayman) Limited American Depositary Shares (each two representing three Ordinary Shares),NYSE,Consumer Discretionary,Catalog/Specialty Distribution,543323676.0,2.3,133839
DDS,Dillard's Inc. Common Stock,NYSE,Consumer Discretionary,Department/Specialty Retail Stores,9561302978.0,612.14,192662
DDT,Dillard's Capital Trust I,NYSE,Consumer Discretionary,Department/Specialty Retail Stores,411104477.0,26.32,16208
DE,Deere & Company Common Stock,NYSE,Industrials,Industrial Machinery/Components,167585251563.0,620.83,942023
DEA,Easterly Government Properties Inc. Common Stock,NYSE,Real Estate,Real Estate Investment Trusts,1181147560.0,24.96,431393
DECK,Deckers Outdoor Corporation Common Stock,NYSE,Consumer Discretionary,Shoe Manufacturing,13294930563.0,97.46,1235770
DEI,Douglas Emmett Inc. Common Stock,NYSE,Real Estate,Real Estate Investment Trusts,1957902771.0,11.69,1662061
DELL,Dell Technologies Inc. Class C Common Stock ,NYSE,Technology,Computer Manufacturing,294091963076.0,453.77,5199746
DEO,Diageo plc Common Stock,NYSE,Consumer Staples,Beverages (Production/Distribution),53628713021.0,96.35,3135558
DFH,Dream Finders Homes Inc. Class A Common Stock,NYSE,Consumer Discretionary,Homebuilding,1363579901.0,15.03,1032746
DFIN,Donnelley Financial Solutions Inc. Common Stock ,NYSE,Consumer Discretionary,Other Consumer Services,1164855447.0,47.38,215477
DFP,Flaherty & Crumrine Dynamic Preferred and Income Fund Inc. Common Stock,NYSE,Finance,Investment Managers,0.0,20.81,37594
DG,Dollar General Corporation Common Stock,NYSE,Consumer Discretionary,Department/Specialty Retail Stores,27924063644.0,126.59,1833549
DGX,Quest Diagnostics Incorporated Common Stock,NYSE,Health Care,Medical Specialities,26307490356.0,238.35,574519
DHF,BNY Mellon High Yield Strategies Fund Common Stock,NYSE,Finance,Finance Companies,0.0,2.37,193672
DHI,D.R. Horton Inc. Common Stock,NYSE,Consumer Discretionary,Homebuilding,42257267418.0,151.08,2268572
DHR,Danaher Corporation Common Stock,NYSE,Industrials,Industrial Machinery/Components,143943424417.0,204.76,3323821
DHT,DHT Holdings Inc.,NYSE,Consumer Discretionary,Marine Transportation,3021141110.0,18.76,3122173
DHX,DHI Group Inc. Common Stock,NYSE,Consumer Discretionary,Business Services,172828276.0,3.98,172119
DIN,Dine Brands Global Inc. Common Stock,NYSE,Consumer Discretionary,Restaurants,451805064.0,35.69,240828
DINO,HF Sinclair Corporation Common Stock,NYSE,Energy,Natural Gas Distribution,14473383147.0,81.41,2617904
DIS,Walt Disney Company (The) Common Stock,NYSE,Consumer Discretionary,Services-Misc. Amusement & Recreation,181146722889.0,104.91,10933134
DK,Delek US Holdings Inc. Common Stock,NYSE,Energy,Integrated oil Companies,3579632892.0,58.46,1337301
DKL,Delek Logistics Partners L.P. Common Units representing Limited Partner Interests,NYSE,Energy,Natural Gas Distribution,3018946832.0,56.75,103214
DKS,Dick's Sporting Goods Inc Common Stock,NYSE,Consumer Discretionary,Other Specialty Stores,18691709827.0,208.84,1520687
DLB,Dolby Laboratories Common Stock,NYSE,Miscellaneous,Multi-Sector Companies,5785921467.0,61.77,775219
DLNG,Dynagas LNG Partners LP Common Units,NYSE,Consumer Discretionary,Marine Transportation,136796361.0,3.76,73657
DLR,Digital Realty Trust Inc. Common Stock,NYSE,Real Estate,Real Estate Investment Trusts,71713010909.0,193.8,2656891
DLX,Deluxe Corporation Common Stock,NYSE,Consumer Discretionary,Publishing,1145059366.0,25.01,550152
DLY,DoubleLine Yield Opportunities Fund Common Shares of Beneficial Interest,NYSE,Finance,Investment Managers,681309520.0,14.21,242344
DMA,Destra Multi-Alternative Fund Common Stock,NYSE,Finance,Trusts Except Educational Religious and Charitable,0.0,7.61,20400
DMB,BNY Mellon Municipal Bond Infrastructure Fund Inc. Common Stock,NYSE,Finance,Trusts Except Educational Religious and Charitable,0.0,10.66,63562
DMC,Del Monte Corporation Ordinary Shares,NYSE,Consumer Staples,Farming/Seeds/Milling,1449746204.0,30.75,390482
DMO,Western Asset Mortgage Opportunity Fund Inc. Common Stock,NYSE,Finance,Trusts Except Educational Religious and Charitable,0.0,10.48,90036
DNA,Ginkgo Bioworks Holdings Inc. Class A Common Stock,NYSE,Health Care,Biotechnology: Biological Products (No Diagnostic Substances),495219513.0,7.97,1653126
DNOW,DNOW Inc. Common Stock,NYSE,Consumer Discretionary,Oil and Gas Field Machinery,3015659656.0,16.52,4134264
DNP,DNP Select Income Fund Inc. Common Stock,NYSE,Finance,Investment Managers,0.0,10.85,691350
DOC,Healthpeak Properties Inc. Common Stock,NYSE,Real Estate,Real Estate Investment Trusts,14762778637.0,21.41,4094376
DOCN,DigitalOcean Holdings Inc. Common Stock,NYSE,Technology,Computer Software: Programming Data Processing,14597501133.0,124.15,1783231
DOCS,Doximity Inc. Class A Common Stock,NYSE,Technology,EDP Services,5010694088.0,27.4,65211563
DOLE,Dole plc Ordinary Shares,NYSE,Consumer Staples,Farming/Seeds/Milling,1316048279.0,13.83,768461
DOUG,Douglas Elliman Inc. Common Stock,NYSE,Finance,Real Estate,161812826.0,1.78,456292
DOV,Dover Corporation Common Stock,NYSE,Industrials,Industrial Machinery/Components,28435035904.0,211.13,992579
DOW,Dow Inc. Common Stock ,NYSE,Industrials,Major Chemicals,21193476461.0,29.34,9014282
DPC,DPC Holdings PLC Ordinary Shares,NYSE,Telecommunications,Metal Fabrications,7392478704.0,52.44,632161
DPG,Duff & Phelps Utility and Infrastructure Fund Inc.,NYSE,Finance,Trusts Except Educational Religious and Charitable,0.0,14.57,54090
DQ,DAQO New Energy Corp. American Depositary Shares each representing five ordinary shares,NYSE,Technology,Semiconductors,996045537.0,14.72,1581861
DRD,DRDGOLD Limited American Depositary Shares,NYSE,Basic Materials,Precious Metals,2043023122.0,23.63,315995
DRI,Darden Restaurants Inc. Common Stock,NYSE,Consumer Discretionary,Restaurants,24385306653.0,213.76,975669
DSL,DoubleLine Income Solutions Fund Common Shares of Beneficial Interests,NYSE,Finance,Trusts Except Educational Religious and Charitable,1105645616.0,10.84,640467
DSM,BNY Mellon Strategic Municipal Bond Fund Inc. Common Stock,NYSE,Finance,Investment Managers,0.0,5.92,158986
DSU,Blackrock Debt Strategies Fund Inc. Common Stock,NYSE,Finance,Finance Companies,0.0,9.49,337478
DSX,Diana Shipping inc. common stock,NYSE,Consumer Discretionary,Marine Transportation,301081156.0,2.42,841823
DT,Dynatrace Inc. Common Stock,NYSE,Technology,Computer Software: Prepackaged Software,14152434208.0,48.97,5106905
DTB,DTE Energy Company 2020 Series G 4.375% Junior Subordinated Debentures due 2080,NYSE,Utilities,Electric Utilities: Central,3395997286.0,16.32,19598
DTE,DTE Energy Company Common Stock,NYSE,Utilities,Electric Utilities: Central,29105278211.0,139.87,1242615
DTF,DTF Tax-Free Income 2028 Term Fund Inc. Common Stock,NYSE,Finance,Investment Managers,81156351.0,11.545,4460
DTG,DTE Energy Company 2021 Series E 4.375% Junior Subordinated Debentures,NYSE,Utilities,Electric Utilities: Central,3450100184.0,16.58,16930
DTK,DTE Energy Company 2025 Series H 6.25% Junior Subordinated Debentures due 2085,NYSE,Utilities,Electric Utilities: Central,0.0,23.5,41917
DTM,DT Midstream Inc. Common Stock ,NYSE,Utilities,Natural Gas Distribution,13408890506.0,131.44,737851
DTW,DTE Energy Company 2017 Series E 5.25% Junior Subordinated Debentures due 2077,NYSE,Utilities,Electric Utilities: Central,4182570187.0,20.1,19650
DUK,Duke Energy Corporation (Holding Company) Common Stock,NYSE,Utilities,Power Generation,97345818796.0,124.85,4307878
DUKB,Duke Energy Corporation 5.625% Junior Subordinated Debentures due 2078,NYSE,Utilities,Power Generation,17543299343.0,22.5,71696
DV,DoubleVerify Holdings Inc. Common Stock,NYSE,Technology,Computer Software: Programming Data Processing,2027261937.0,13.21,38401799
DVA,DaVita Inc. Common Stock,NYSE,Health Care,Misc Health and Biotechnology Services,11724526000.0,183.77,1244930
DVN,Devon Energy Corporation Common Stock,NYSE,Energy,Oil & Gas Production,47278000000.0,42.98,11838124
DX,Dynex Capital Inc. Common Stock,NYSE,Real Estate,Real Estate Investment Trusts,3213761575.0,12.95,5134719
DXC,DXC Technology Company Common Stock ,NYSE,Technology,EDP Services,1732000989.0,10.84,2259687
DY,Dycom Industries Inc. Common Stock,NYSE,Industrials,Water Sewer Pipeline Comm & Power Line Construction,12252533325.0,407.99,245227
E,ENI S.p.A. Common Stock,NYSE,Energy,Oil & Gas Production,84349038881.0,53.61,192035
EAF,GrafTech International Ltd. Common Stock,NYSE,Energy,Industrial Machinery/Components,212129293.0,8.13,211228
EAI,Entergy Arkansas LLC First Mortgage Bonds 4.875% Series Due September 1 2066,NYSE,Utilities,Electric Utilities: Central,9304632070.0,19.94,14585
EARN,Ellington Credit Company Common Shares of Beneficial Interest,NYSE,Real Estate,Real Estate Investment Trusts,165260458.0,4.4,635938
EAT,Brinker International Inc. Common Stock,NYSE,Consumer Discretionary,Restaurants,9658330308.0,225.2,735164
EBF,Ennis Inc. Common Stock,NYSE,Consumer Discretionary,Office Equipment/Supplies/Services,564151466.0,22.3,113278
EBS,Emergent BioSolutions Inc. Common Stock,NYSE,Health Care,Biotechnology: Pharmaceutical Preparations,249726073.0,4.84,3134277
EC,Ecopetrol S.A. American Depositary Shares,NYSE,Energy,Oil & Gas Production,34496906853.0,16.78,1965249
ECAT,BlackRock ESG Capital Allocation Term Trust Common Shares of Beneficial Interest,NYSE,Finance,Finance/Investors Services,1699882200.0,15.72,592129
ECC           ,Eagle Point Credit Company Common Share of Beneficial Interest,NYSE,Finance,Trusts Except Educational Religious and Charitable,235370593.0,3.88,971518
ECCC,Eagle Point Credit Company 6.50% Series C Term Preferred Stock due 2031,NYSE,Finance,Trusts Except Educational Religious and Charitable,1507160409.0,24.845,14785
ECCV,Eagle Point Credit Company 5.375% Notes due 2029,NYSE,Finance,Trusts Except Educational Religious and Charitable,1466819830.0,24.18,1628
ECG,Everus Construction Group Inc. Common Stock,NYSE,Consumer Discretionary,Homebuilding,6990128510.0,136.89,462238
ECL,Ecolab Inc. Common Stock,NYSE,Consumer Discretionary,Package Goods/Cosmetics,80257532445.0,285.17,1106718
ECO,Okeanis Eco Tankers Corp. Common Stock,NYSE,Consumer Discretionary,Marine Transportation,2415302358.0,61.86,525496
ECVT,Ecovyst Inc. Common Stock,NYSE,Industrials,Major Chemicals,1136127164.0,10.38,1711486
ED,Consolidated Edison Inc. Common Stock,NYSE,Utilities,Power Generation,39793837546.0,107.98,2160882
EDD,Morgan Stanley Emerging Markets Domestic Debt Fund Inc. Common Stock,NYSE,Finance,Finance Companies,0.0,5.98,364393
EDF,Virtus Stone Harbor Emerging Markets Income Fund Common Shares of Beneficial Interest,NYSE,Finance,Investment Managers,0.0,5.33,162279
EDN,Empresa Distribuidora Y Comercializadora Norte S.A. (Edenor) American Depositary Shares,NYSE,Utilities,Electric Utilities: Central,1099403005.0,24.3,52484
EDU,New Oriental Education & Technology Group Inc. Sponsored ADR representing 10 Ordinary Share (Cayman Islands),NYSE,Real Estate,Other Consumer Services,8980594503.0,56.43,573792
EE,Excelerate Energy Inc. Class A Common Stock,NYSE,Utilities,Oil/Gas Transmission,3970270932.0,34.87,488755
EEA,The European Equity Fund Inc. Common Stock,NYSE,Finance,Trusts Except Educational Religious and Charitable,0.0,11.23,4463
EFC,Ellington Financial Inc. Common Stock ,NYSE,Finance,Real Estate,1705353286.0,13.6,2231663
EFOR,Everforth Inc. Common Stock,NYSE,Consumer Discretionary,Professional Services,1321020000.0,32.22,765389
EFR,Eaton Vance Senior Floating-Rate Fund Common Shares of Beneficial Interest,NYSE,Finance,Trusts Except Educational Religious and Charitable,0.0,10.73,135783
EFT,Eaton Vance Floating Rate Income Trust Common Shares of Beneficial Interest,NYSE,Finance,Finance Companies,315340099.0,10.84,104039
EFX,Equifax Inc. Common Stock,NYSE,Finance,Finance: Consumer Services,21448042614.0,182.56,1873808
EFXT,Enerflex Ltd Common Shares,NYSE,Industrials,Industrial Machinery/Components,2436456402.0,19.96,609034
EG,Everest Group Ltd. Common Stock,NYSE,Finance,Property-Casualty Insurers,14376991541.0,374.96,289721
EGO,Eldorado Gold Corporation Ordinary Shares,NYSE,Basic Materials,Precious Metals,9909249205.0,37.92,3002550
EGP,EastGroup Properties Inc. Common Stock,NYSE,Real Estate,Real Estate Investment Trusts,10902002289.0,202.74,418004
EGY,VAALCO Energy Inc.  Common Stock,NYSE,Energy,Oil & Gas Production,578633304.0,5.55,2227715
EHC,Encompass Health Corporation Common Stock,NYSE,Health Care,Hospital/Nursing Management,12422700788.0,125.23,954963
EHI,Western Asset Global High Income Fund Inc Common Stock,NYSE,Finance,Investment Managers,0.0,5.86,127879
EIC,Eagle Point Income Company Inc. Common Stock,NYSE,Finance,Finance/Investors Services,88991999.0,9.99,63753
EICA,Eagle Point Income Company Inc. 5.00% Series A Term Preferred Stock due 2026,NYSE,Finance,Finance/Investors Services,222524538.0,24.98,496
EIG,Employers Holdings Inc Common Stock,NYSE,Finance,Property-Casualty Insurers,888865442.0,49.49,165794
EIX,Edison International Common Stock,NYSE,Utilities,Electric Utilities: Central,26405935239.0,68.62,3440805
EL,Estee Lauder Companies Inc. (The) Common Stock,NYSE,Consumer Discretionary,Package Goods/Cosmetics,31964580740.0,88.35,2117470
ELAN,Elanco Animal Health Incorporated Common Stock,NYSE,Health Care,Biotechnology: Pharmaceutical Preparations,11051634880.0,22.12,22075131
ELC,Entergy Louisiana Inc. Collateral Trust Mortgage Bonds 4.875 % Series due September 1 2066,NYSE,Utilities,Electric Utilities: Central,4243427285.0,19.9,16296
ELF,e.l.f. Beauty Inc. Common Stock,NYSE,Consumer Discretionary,Package Goods/Cosmetics,5854297406.0,98.49,4485066
ELLA,Ellington Credit Company 8.50% Notes due 2031,NYSE,Real Estate,Real Estate Investment Trusts,0.0,25.1,8405
ELME,Elme Communities Common Stock,NYSE,Real Estate,Real Estate Investment Trusts,143949770.0,1.62,510147
ELPC,Companhia Paranaense de Energia (COPEL) American Depositary Shares (each representing four (4) Common Shares),NYSE,Utilities,Electric Utilities: Central,8612865584.0,11.55,317495
ELS,Equity Lifestyle Properties Inc. Common Stock,NYSE,Real Estate,Real Estate Investment Trusts,12647191220.0,65.17,925954
ELV,Elevance Health Inc. Common Stock,NYSE,Health Care,Medical Specialities,85489874118.0,394.2,943776
EMA,Emera Incorporated Common Shares,NYSE,Utilities,Electric Utilities: Central,15547948097.0,50.82,1395482
EMBJ,Embraer S.A. Common Stock,NYSE,Industrials,Aerospace,13192288970.0,73.01,1234920
EMD,Western Asset Emerging Markets Debt Fund Inc Common Stock,NYSE,Finance,Finance/Investors Services,0.0,10.6,147404
EME,EMCOR Group Inc. Common Stock,NYSE,Industrials,Engineering & Construction,36033378127.0,816.9,357113
EMF,Templeton Emerging Markets Fund Common Stock,NYSE,Finance,Finance/Investors Services,0.0,21.83,11540
EMN,Eastman Chemical Company Common Stock,NYSE,Industrials,Major Chemicals,8422753282.0,73.64,661477
EMO,ClearBridge Energy Midstream Opportunity Fund Inc. Common Stock,NYSE,Finance,Investment Managers,0.0,51.0,31986
EMP,Entergy Mississippi LLC First Mortgage Bonds 4.90% Series Due October 1 2066,NYSE,Utilities,Electric Utilities: Central,9261002025.0,19.8465,25994
EMR,Emerson Electric Company Common Stock,NYSE,Technology,Consumer Electronics/Appliances,88277428000.0,158.26,2826767
ENB,Enbridge Inc Common Stock,NYSE,Energy,Natural Gas Distribution,111974900261.0,51.28,7302755
ENHA,Enhanced Group Inc. Class A Common Stock,NYSE,Consumer Discretionary,Services-Misc. Amusement & Recreation,1027696749.0,2.65,412811
ENIC,Enel Chile S.A. American Depositary Shares (Each representing 50 shares of Common Stock),NYSE,Utilities,Electric Utilities: Central,6280323394.0,4.54,514594
ENJ,Entergy New Orleans LLC First Mortgage Bonds 5.0% Series due December 1 2052,NYSE,Utilities,Power Generation,9402624685.0,20.15,2
ENO,Entergy New Orleans LLC First Mortgage Bonds 5.50% Series due April 1 2066,NYSE,Utilities,Power Generation,4518245776.0,21.13,13539
ENOV,Enovis Corporation Common Stock,NYSE,Health Care,Industrial Specialties,1531740866.0,26.61,2058489
ENR,Energizer Holdings Inc. Common Stock,NYSE,Miscellaneous,Industrial Machinery/Components,1545675687.0,22.57,1275571
ENS,EnerSys Common Stock,NYSE,Miscellaneous,Industrial Machinery/Components,7001187440.0,191.72,469599
ENVA,Enova International Inc. Common Stock,NYSE,Finance,Finance: Consumer Services,6290324449.0,252.64,306929
EOD,Allspring Global Dividend Opportunity Fund Common Shares of Beneficial Interest,NYSE,Finance,Investment Managers,0.0,6.64,122666
EOG,EOG Resources Inc. Common Stock,NYSE,Energy,Oil & Gas Production,70675061174.0,134.74,3244905
EOI,Eaton Vance Enhance Equity Income Fund Eaton Vance Enhanced Equity Income Fund Shares of Beneficial Interest,NYSE,Finance,Finance/Investors Services,0.0,20.15,90615
EOS,Eaton Vance Enhance Equity Income Fund II Common Stock,NYSE,Finance,Trusts Except Educational Religious and Charitable,0.0,22.05,132684
EOT,Eaton Vance Municipal Income Trust EATON VANCE NATIONAL MUNICIPAL OPPORTUNITIES TRUST,NYSE,Finance,Investment Bankers/Brokers/Service,273748616.0,17.52,21116
EPAC,Enerpac Tool Group Corp. Common Stock,NYSE,Technology,Industrial Machinery/Components,1928912007.0,37.72,237272
EPAM,EPAM Systems Inc. Common Stock,NYSE,Technology,EDP Services,5090176861.0,97.43,1737786
EPC,Edgewell Personal Care Company Common Stock,NYSE,Consumer Discretionary,Package Goods/Cosmetics,1308003408.0,28.38,648139
EPD,Enterprise Products Partners L.P. Common Stock,NYSE,Utilities,Natural Gas Distribution,81672814730.0,37.75,2489852
EPR,EPR Properties Common Stock,NYSE,Real Estate,Real Estate Investment Trusts,4765074948.0,62.2,660052
EPRT,Essential Properties Realty Trust Inc. Common Stock,NYSE,Real Estate,Real Estate Investment Trusts,6624442113.0,30.63,1557914
EQBK,Equity Bancshares Inc. Class A Common Stock,NYSE,Finance,Major Banks,1051441231.0,50.94,53023
EQH,Equitable Holdings Inc. Common Stock,NYSE,Finance,Specialty Insurers,14503878973.0,51.52,2026973
EQNR,Equinor ASA,NYSE,Energy,Integrated oil Companies,97310548488.0,38.92,2669680
EQR,Equity Residential Common Shares of Beneficial Interest,NYSE,Real Estate,Real Estate Investment Trusts,25147521512.0,67.07,2136206
EQS,Equus Total Return Inc. Common Stock,NYSE,Finance,Finance/Investors Services,16690202.0,1.195,19335
EQT,EQT Corporation Common Stock,NYSE,Energy,Oil & Gas Production,32332922040.0,51.69,4827802
ERO,Ero Copper Corp. Common Shares,NYSE,Basic Materials,Metal Mining,3577777082.0,34.31,2749928
EROC,ERock Inc. Class A Common Stock,NYSE,Energy,Industrial Machinery/Components,2320610220.0,10.59,1329085
EROK,EagleRock Land LLC Class A shares representing limited liability company interests,NYSE,Energy,Oil & Gas Production,2977371377.0,22.97,152860
ES,Eversource Energy (D/B/A) Common Stock,NYSE,Utilities,Electric Utilities: Central,27244884957.0,72.33,1491542
ESAB,ESAB Corporation Common Stock,NYSE,Industrials,Industrial Machinery/Components,5592594064.0,91.86,501523
ESE,ESCO Technologies Inc. Common Stock,NYSE,Telecommunications,Telecommunications Equipment,7920340624.0,305.72,434419
ESI,Element Solutions Inc. Common Stock,NYSE,Industrials,Major Chemicals,9231011822.0,37.88,2118658
ESNT,Essent Group Ltd. Common Shares,NYSE,Finance,Property-Casualty Insurers,6332744539.0,68.72,941867
ESRT,Empire State Realty Trust Inc. Class A Common Stock,NYSE,Real Estate,Real Estate Investment Trusts,834562202.0,4.84,1394216
ESS,Essex Property Trust Inc. Common Stock,NYSE,Real Estate,Real Estate Investment Trusts,18515737276.0,288.1,241177
ESTC,Elastic N.V. Ordinary Shares,NYSE,Technology,Computer Software: Prepackaged Software,7807807155.0,75.11,2538510
ET,Energy Transfer LP Common Units ,NYSE,Utilities,Natural Gas Distribution,69270536246.0,20.13,11087928
ETB,Eaton Vance Tax-Managed Buy-Write Income Fund Eaton Vance Tax-Managed Buy-Write Income Fund Common Shares of Beneficial Interest,NYSE,Finance,Investment Bankers/Brokers/Service,457606381.0,15.58,44919
ETD,Ethan Allen Interiors Inc. Common Stock,NYSE,Consumer Discretionary,Home Furnishings,603332698.0,23.71,348406
ETG,Eaton Vance Tax-Advantaged Global Dividend Income Fund Common Shares of Beneficial Interest,NYSE,Finance,Investment Managers,0.0,24.29,88839
ETJ,Eaton Vance Risk-Managed Diversified Equity Income Fund Common Shares of Beneficial Interest,NYSE,Finance,Finance Companies,0.0,8.54,137873
ETN,Eaton Corporation PLC Ordinary Shares,NYSE,Technology,Industrial Machinery/Components,174267312000.0,448.68,1721731
ETO,Eaton Vance Tax-Advantage Global Dividend Opp Common Stock,NYSE,Finance,Investment Managers,520159500.0,31.74,24858
ETR,Entergy Corporation Common Stock,NYSE,Utilities,Electric Utilities: Central,50013563956.0,107.18,2021528
ETSY,Etsy Inc. Common Stock,NYSE,Consumer Discretionary,Business Services,7851928541.0,85.55,5380495
ETV,Eaton Vance Corporation Eaton Vance Tax-Managed Buy-Write Opportunities Fund Common Shares of Beneficial Interest,NYSE,Finance,Investment Bankers/Brokers/Service,1649952070.0,15.1,116838
ETW,Eaton Vance Corporation Eaton Vance Tax-Managed Global Buy-Write Opportunites Fund Common Shares of Beneficial Interest,NYSE,Finance,Investment Managers,1066386458.0,9.73,304651
ETX           ,Eaton Vance Municipal Income 2028 Term Trust Common Shares of Beneficial Interest,NYSE,Finance,Investment Managers,198945429.0,18.2771,6939
ETY,Eaton Vance Tax-Managed Diversified Equity Income Fund Common Shares of Beneficial Interest,NYSE,Finance,Finance Companies,0.0,14.65,251208
EVAC,EQV Ventures Acquisition Corp. II Class A Ordinary Shares,NYSE,Industrials,Fluid Controls,0.0,10.25,1023
EVC,Entravision Communications Corporation Common Stock,NYSE,Industrials,Broadcasting,1101708985.0,11.97,1736789
EVEX,Eve Holding Inc. Common Stock,NYSE,Industrials,Aerospace,961822279.0,2.76,1433580
EVF,Eaton Vance Senior Income Trust Common Stock,NYSE,Finance,Investment Bankers/Brokers/Service,87343513.0,4.98,45655
EVG,Eaton Vance Short Diversified Income Fund Eaton Vance Short Duration Diversified Income Fund Common Shares of Beneficial Interest,NYSE,Finance,Investment Managers,0.0,10.61,41471
EVH,Evolent Health Inc Class A Common Stock,NYSE,Consumer Discretionary,Other Consumer Services,444300215.0,3.95,5080808
EVMN,Evommune Inc. Common Stock,NYSE,Health Care,Biotechnology: Pharmaceutical Preparations,507138678.0,14.08,374012
EVN,Eaton Vance Municipal Income Trust Common Stock,NYSE,Finance,Investment Managers,423645301.0,10.68,96479
EVR,Evercore Inc. Class A Common Stock,NYSE,Finance,Investment Managers,11765772601.0,305.94,337374
EVT,Eaton Vance Tax Advantaged Dividend Income Fund Common Shares of Beneficial Interest,NYSE,Finance,Finance Companies,0.0,28.94,107616
EVTC,Evertec Inc. Common Stock,NYSE,Technology,EDP Services,1839367268.0,29.85,334930
EVTL,Vertical Aerospace Ltd. Ordinary Shares,NYSE,Industrials,Aerospace,173166085.0,1.36,2023987
EW,Edwards Lifesciences Corporation Common Stock,NYSE,Health Care,Industrial Specialties,51714608000.0,89.72,2442182
EXG,Eaton Vance Tax-Managed Global Diversified Equity Income Fund Common Shares of Beneficial Interest,NYSE,Finance,Finance Companies,0.0,10.0,575642
EXK,Endeavour Silver Corporation Ordinary Shares (Canada),NYSE,Basic Materials,Precious Metals,2824496371.0,9.54,7771062
EXP,Eagle Materials Inc Common Stock,NYSE,Industrials,Building Materials,6573415394.0,214.29,328929
EXPD,Expeditors International of Washington Inc. Common Stock,NYSE,Industrials,Integrated Freight & Logistics,23230624058.0,178.71,816912
EXR,Extra Space Storage Inc Common Stock,NYSE,Real Estate,Real Estate Investment Trusts,31593249703.0,149.54,872556
F,Ford Motor Company Common Stock,NYSE,Industrials,Auto Manufacturing,54756075402.0,13.98,34515331
FAF,First American Corporation (New) Common Stock,NYSE,Finance,Specialty Insurers,7577862000.0,74.22,533926
FBIN,Fortune Brands Innovations Inc. Common Stock,NYSE,Basic Materials,Forest Products,6061683602.0,50.78,2600095
FBK,FB Financial Corporation Common Stock,NYSE,Finance,Major Banks,3040669916.0,60.84,247765
FBP,First BanCorp. New Common Stock,NYSE,Finance,Major Banks,4434800372.0,28.67,971393
FBRT,Franklin BSP Realty Trust Inc. Common Stock,NYSE,Real Estate,Real Estate Investment Trusts,656889241.0,7.91,1460115
FC,Franklin Covey Company Common Stock,NYSE,Consumer Discretionary,Other Consumer Services,246319370.0,21.81,71122
FCBM,First Carolina Financial Services Inc. Common Stock,NYSE,Finance,Major Banks,446464442.0,12.49,96535
FCF,First Commonwealth Financial Corporation Common Stock,NYSE,Finance,Major Banks,2187232627.0,21.51,1009724
FCN,FTI Consulting Inc. Common Stock,NYSE,Consumer Discretionary,Professional Services,4181220802.0,151.43,443947
FCPT,Four Corners Property Trust Inc. Common Stock,NYSE,Real Estate,Real Estate Investment Trusts,2754885791.0,25.1,1276331
FCT,First Trust Senior Floating Rate Income Fund II Common Shares of Beneficial Interest,NYSE,Finance,Finance Companies,0.0,9.67,1136442
FCX,Freeport-McMoRan Inc. Common Stock,NYSE,Basic Materials,Metal Mining,100082917801.0,69.62,11281688
FDS,FactSet Research Systems Inc. Common Stock,NYSE,Technology,Computer Software: Programming Data Processing,10156452115.0,285.57,941273
FDX,FedEx Corporation Common Stock,NYSE,Consumer Discretionary,Air Freight/Delivery Services,75370641956.0,318.57,1214826
FDXF,FedEx Freight Holding Company Inc. Common Stock,NYSE,Consumer Discretionary,Air Freight/Delivery Services,21644244933.0,144.76,1329202
FE,FirstEnergy Corp. Common Stock,NYSE,Utilities,Electric Utilities: Central,27468037572.0,47.47,4112576
FEDU,Four Seasons Education (Cayman) Inc. American Depositary Shares each ADS representing 10 ordinary shares,NYSE,Real Estate,Other Consumer Services,18543792.0,8.2,127
FENG,Phoenix New Media Limited American Depositary Shares each representing 48 Class A ordinary shares.,NYSE,Industrials,Broadcasting,18016164.0,1.5,2917
FERG,Ferguson Enterprises Inc. Common Stock,NYSE,Miscellaneous,Miscellaneous,50194691702.0,256.69,2616952
FET,Forum Energy Technologies Inc. Common Stock,NYSE,Consumer Discretionary,Oil and Gas Field Machinery,834812478.0,74.23,242977
FF,FutureFuel Corp.  Common shares,NYSE,Industrials,Major Chemicals,223265251.0,5.09,388625
FFA,First Trust Enhanced Equity Income Fund Common Shares of Beneficial Interest,NYSE,Finance,Investment Managers,0.0,23.35,36947
FFC,Flaherty & Crumrine Preferred and Income Securities Fund Incorporated,NYSE,Finance,Trusts Except Educational Religious and Charitable,0.0,16.23,49421
FG,F&G Annuities & Life Inc. Common Stock,NYSE,Finance,Life Insurance,3665859673.0,27.67,477732
FGN,F&G Annuities & Life Inc. 7.950% Senior Notes due 2053,NYSE,Finance,Life Insurance,3088153441.0,24.49,18396
FGSN,F&G Annuities & Life Inc. 7.300% Junior Subordinated Notes due 2065,NYSE,Finance,Life Insurance,0.0,20.85,12036
FHI,Federated Hermes Inc. Common Stock,NYSE,Finance,Investment Managers,4715543348.0,63.16,368696
FHN,First Horizon Corporation Common Stock,NYSE,Finance,Major Banks,12083769519.0,25.46,7665537
FICO,Fair Isaac Corporation Common Stock,NYSE,Consumer Discretionary,Business Services,22491777089.0,1041.4,308187
FIG,Figma Inc. Class A Common Stock,NYSE,Technology,Computer Software: Prepackaged Software,12413799802.0,23.29,31499597
FIGS,FIGS Inc. Class A Common Stock,NYSE,Consumer Discretionary,Apparel,2382093828.0,14.26,11253765
FINS,Angel Oak Financial Strategies Income Term Trust Common Shares of Beneficial Interest,NYSE,Finance,Finance/Investors Services,315538612.0,12.59,28412
FINV,FinVolution Group American Depositary Shares,NYSE,Finance,Finance: Consumer Services,1147416850.0,4.86,376403
FIRY,Firy Inc. Class A Common Stock,NYSE,Technology,EDP Services,163098971.0,10.45,187578
FIS,Fidelity National Information Services Inc. Common Stock,NYSE,Consumer Discretionary,Business Services,22056742070.0,42.77,5795905
FITB,Fifth Third Bancorp Common Stock,NYSE,Finance,Major Banks,51774496479.0,57.09,3529733
FIX,Comfort Systems USA Inc. Common Stock,NYSE,Industrials,Engineering & Construction,59638550207.0,1694.55,342750
FLC,Flaherty & Crumrine Total Return Fund Inc Common Stock,NYSE,Finance,Trusts Except Educational Religious and Charitable,0.0,16.78,11226
FLG,Flagstar Bank N.A. Common Stock,NYSE,Finance,Banks,5814570952.0,13.95,3189305
FLNG,FLEX LNG Ltd. Ordinary Shares,NYSE,Consumer Discretionary,Marine Transportation,1668208876.0,30.84,251671
FLO,Flowers Foods Inc. Common Stock,NYSE,Consumer Staples,Packaged Foods,1568749902.0,7.4,3697813
FLOC,Flowco Holdings Inc. Class A Common Stock,NYSE,Consumer Discretionary,Oil and Gas Field Machinery,1968626615.0,21.79,326137
FLR,Fluor Corporation Common Stock,NYSE,Industrials,Military/Government/Technical,7961184072.0,57.0,7957477
FLS,Flowserve Corporation Common Stock,NYSE,Industrials,Fluid Controls,10162666761.0,79.95,1121253
FLUT,Flutter Entertainment plc Ordinary Shares,NYSE,Technology,Computer Software: Programming Data Processing,16596658740.0,94.74,6312574
FMC,FMC Corporation Common Stock,NYSE,Industrials,Major Chemicals,1326152225.0,10.59,1990083
FMN,Federated Hermes Premier Municipal Income Fund,NYSE,Finance,Investment Managers,965191772.0,11.19,26752
FMS,Fresenius Medical Care AG American Depositary Shares (Each representing 1/2 of an Ordinary Share),NYSE,Health Care,Misc Health and Biotechnology Services,13556682478.0,24.27,950513
FMX,Fomento Economico Mexicano S.A.B. de C.V. Common Stock,NYSE,Consumer Staples,Beverages (Production/Distribution),41719852571.0,122.46,530108
FMY,First Trust Mortgage Income Fund Common Shares of Beneficial Interest,NYSE,Finance,Finance/Investors Services,0.0,11.55,799
FN,Fabrinet Ordinary Shares,NYSE,Utilities,Telecommunications Equipment,20149929181.0,562.38,719037
FNB,F.N.B. Corporation Common Stock,NYSE,Finance,Major Banks,6696428439.0,18.97,4160195
FND,Floor & Decor Holdings Inc. Common Stock,NYSE,Consumer Discretionary,RETAIL: Building Materials,6675855906.0,62.69,2439741
FNF,Fidelity National Financial Inc. Common Stock,NYSE,Finance,Specialty Insurers,13506325357.0,50.18,1886094
FNV,Franco-Nevada Corporation,NYSE,Basic Materials,Precious Metals,46035585000.0,238.65,1384766
FOA,Finance of America Companies Inc. Class A Common Stock,NYSE,Finance,Finance: Consumer Services,197677194.0,22.12,49774
FOF,Cohen & Steers Closed-End Opportunity Fund Inc. Common Stock,NYSE,Finance,Investment Managers,672216431.0,13.68,32357
FOR,Forestar Group Inc Common Stock ,NYSE,Finance,Real Estate,1512162464.0,29.64,95522
FOUR,Shift4 Payments Inc. Class A Common Stock,NYSE,Consumer Discretionary,Business Services,3273111404.0,41.26,4691212
FPF,First Trust Intermediate Duration Preferred & Income Fund Common Shares of Beneficial Interest,NYSE,Finance,Trusts Except Educational Religious and Charitable,0.0,17.67,82680
FPH,Five Point Holdings LLC Class A Common Shares,NYSE,Finance,Real Estate,771931846.0,5.22,221519
FPI,Farmland Partners Inc. Common Stock,NYSE,Real Estate,Real Estate Investment Trusts,431944148.0,9.9,577993
FPS,Forgent Power Solutions Inc. Class A Common Stock,NYSE,Energy,Industrial Machinery/Components,11784442293.0,38.71,4322568
FR,First Industrial Realty Trust Inc. Common Stock,NYSE,Real Estate,Real Estate Investment Trusts,8435616554.0,63.63,580932
FRA,Blackrock Floating Rate Income Strategies Fund Inc  Common Stock,NYSE,Finance,Investment Bankers/Brokers/Service,1615560435.0,10.86,102873
FRO,Frontline Plc Ordinary Shares,NYSE,Consumer Discretionary,Marine Transportation,8847033609.0,39.74,1496773
FRT,Federal Realty Investment Trust Common Stock,NYSE,Real Estate,Real Estate Investment Trusts,10312871196.0,118.69,2434620
FSCO,FS Credit Opportunities Corp. Common Stock,NYSE,Finance,Trusts Except Educational Religious and Charitable,997730177.0,5.03,893949
FSK,FS KKR Capital Corp. Common Stock,NYSE,Finance,Investment Managers,3484026427.0,12.44,4865390
FSM,Fortuna Mining Corp. Common Shares,NYSE,Basic Materials,Precious Metals,3164351251.0,10.39,7383725
FSS,Federal Signal Corporation Common Stock,NYSE,Industrials,Auto Manufacturing,7826144946.0,128.21,310122
FSSL,FS Specialty Lending Fund Common Shares of Beneficial Interest,NYSE,Finance,Finance/Investors Services,0.0,11.38,246510
FT,Franklin Universal Trust Common Stock,NYSE,Finance,Trusts Except Educational Religious and Charitable,196782730.0,7.83,43228
FTHY,First Trust High Yield Opportunities 2027 Term Fund Common Stock,NYSE,Finance,Investment Managers,497906271.0,13.54,66686
FTI,TechnipFMC plc Ordinary Share,NYSE,Consumer Discretionary,Oil and Gas Field Machinery,27302484693.0,69.62,3377420
FTK,Flotek Industries Inc. Common Stock,NYSE,Industrials,Major Chemicals,1281406448.0,35.42,529210
FTS,Fortis Inc. Common Shares,NYSE,Utilities,Electric Utilities: Central,28661490000.0,56.1,747622
FTV,Fortive Corporation Common Stock ,NYSE,Industrials,Industrial Machinery/Components,18637472279.0,61.71,2503140
FTW,Presidio Production Company Class A Common Stock,NYSE,Energy,Oil & Gas Production,356836034.0,11.39,38273
FUBO,FuboTV Inc. Class A Common Stock,NYSE,Consumer Discretionary,Movies/Entertainment,1011162322.0,9.26,1297601
FUL,H. B. Fuller Company Common Stock,NYSE,Industrials,Home Furnishings,3284797190.0,61.07,548584
FUN,Six Flags Entertainment Corporation Common Stock New,NYSE,Consumer Discretionary,Services-Misc. Amusement & Recreation,1673078531.0,16.37,5042065
FVR,FrontView REIT Inc. Common Stock,NYSE,Real Estate,Real Estate Investment Trusts,449189715.0,19.83,217206
FVRR,Fiverr International Ltd. Ordinary Shares no par value,NYSE,Consumer Discretionary,Business Services,338655858.0,9.42,834518
G,Genpact Limited Common Stock,NYSE,Consumer Discretionary,Professional Services,5812378228.0,34.29,3930736
GAB,Gabelli Equity Trust Inc. (The) Common Stock,NYSE,Finance,Investment Managers,1686510803.0,5.74,1125797
GAM,General American Investors Inc. Common Stock,NYSE,Finance,Investment Managers,1609482699.0,67.13,30163
GAP,Gap Inc. (The) Common Stock,NYSE,Consumer Discretionary,Clothing/Shoe/Accessory Stores,7368768759.0,20.47,5960717
GATX,GATX Corporation Common Stock,NYSE,Consumer Discretionary,Transportation Services,6273163000.0,177.71,145110
GBAB,Guggenheim Taxable Municipal Bond & Investment Grade Debt Trust Common Shares of Beneficial Interest,NYSE,Finance,Investment Managers,315124453.0,14.07,131270
GBCI,Glacier Bancorp Inc. Common Stock,NYSE,Finance,Major Banks,6347832709.0,48.75,1062369
GBTG,Global Business Travel Group Inc. Class A Common Stock,NYSE,Consumer Discretionary,Transportation Services,4941652771.0,9.46,1034220
GBX,Greenbrier Companies Inc. (The) Common Stock,NYSE,Industrials,Railroads,1460971973.0,47.22,423297
GCO,Genesco Inc. Common Stock,NYSE,Consumer Discretionary,Clothing/Shoe/Accessory Stores,421842835.0,37.98,267713
GCTS,GCT Semiconductor Holding Inc. Common Stock,NYSE,Technology,Semiconductors,234512759.0,2.55,3053340
GCV,Gabelli Convertible and Income Securities Fund Inc. (The) Common Stock,NYSE,Finance,Finance/Investors Services,89488136.0,4.7,35635
GD,General Dynamics Corporation Common Stock,NYSE,Industrials,Marine Transportation,106071948300.0,392.05,1052983
GDDY,GoDaddy Inc. Class A Common Stock,NYSE,Technology,EDP Services,11533806403.0,91.07,1858570
GDL,GDL Fund The Common Shares of Beneficial Interest,NYSE,Finance,Investment Managers,0.0,8.43,9939
GDO,Western Asset Global Corporate Opportunity Fund Inc. Common Stock,NYSE,Finance,Finance Companies,0.0,10.29,161564
GDOT,Green Dot Corporation Class A Common Stock $0.001 par value,NYSE,Finance,Finance: Consumer Services,745345485.0,13.15,247497
GDV,Gabelli Dividend & Income Trust Common Shares of Beneficial Interest,NYSE,Finance,Investment Managers,2740828241.0,30.39,77442
GE,GE Aerospace Common Stock,NYSE,Technology,Consumer Electronics/Appliances,383981134811.0,370.08,2526934
GEL,Genesis Energy L.P. Common Units,NYSE,Energy,Oil Refining/Marketing,1846761915.0,15.08,228344
GENI,Genius Sports Limited Ordinary Shares,NYSE,Consumer Discretionary,Services-Misc. Amusement & Recreation,1952528836.0,7.59,9279889
GEO,Geo Group Inc (The) REIT,NYSE,Consumer Discretionary,Homebuilding,4100745136.0,30.69,1577777
GETY,Getty Images Holdings Inc. Class A Common Stock,NYSE,Consumer Discretionary,Business Services,183001398.0,0.4368,1478800
GEV,GE Vernova Inc. Common Stock,NYSE,Technology,Consumer Electronics/Appliances,263755471936.0,990.32,2475930
GF,New Germany Fund Inc. (The) Common Stock,NYSE,Finance,Investment Managers,0.0,11.56,16937
GFF,Griffon Corporation Common Stock,NYSE,Industrials,Building Products,4856499450.0,107.22,274531
GFI,Gold Fields Limited American Depositary Shares,NYSE,Basic Materials,Precious Metals,36534889763.0,40.82,6840292
GFL,GFL Environmental Inc. Subordinate voting shares no par value,NYSE,Utilities,Environmental Services,15451781470.0,41.32,1597346
GFR,Greenfire Resources Ltd. Common Shares,NYSE,Energy,Oil & Gas Production,771388350.0,6.15,131575
GGB,Gerdau S.A. Common Stock,NYSE,Industrials,Steel/Iron Ore,9771409162.0,4.94,8094557
GGG,Graco Inc. Common Stock,NYSE,Industrials,Fluid Controls,13529622457.0,83.54,1320568
GGT,Gabelli Multi-Media Trust Inc. (The) Common Stock,NYSE,Finance,Trusts Except Educational Religious and Charitable,114548724.0,4.16,217641
GGZ,Gabelli Global Small and Mid Cap Value Trust (The) Common Shares of Beneficial Interest,NYSE,Finance,Investment Managers,147629531.0,16.64,10086
GHC,Graham Holdings Company Common Stock,NYSE,Real Estate,Other Consumer Services,5021396479.0,1185.71,20852
GHG,GreenTree Hospitality Group Ltd. American depositary shares each representing one Class A ordinary share,NYSE,Consumer Discretionary,Hotels/Resorts,113005004.0,1.12,7982
GHI,Greystone Housing Impact Investors LP Beneficial Unit Certificates representing assignments of limited partnership interests,NYSE,Finance,Finance: Consumer Services,135484433.0,5.75,26524
GHM,Graham Corporation Common Stock,NYSE,Industrials,Industrial Machinery/Components,1309734906.0,111.68,254901
GHY,PGIM Global High Yield Fund Inc.,NYSE,Finance,Trusts Except Educational Religious and Charitable,0.0,11.79,245517
GIB,CGI Inc. Common Stock,NYSE,Consumer Discretionary,Professional Services,17331337596.0,74.74,475207
GIC,Global Industrial Company Common Stock,NYSE,Industrials,Industrial Machinery/Components,1491179383.0,39.13,185349
GIL,Gildan Activewear Inc. Class A Sub. Vot. Common Stock,NYSE,Consumer Discretionary,Apparel,10648531260.0,57.5,844083
GIS,General Mills Inc. Common Stock,NYSE,Consumer Staples,Packaged Foods,19688502728.0,36.89,7904743
GJH,Synthetic Fixed-Income Securities Inc 6.375% (STRATS) Cl A-1,NYSE,Finance,Finance: Consumer Services,0.0,9.35,6
GJO,Synthetic Fixed-Income Securities Inc. on behalf of STRATS(SM) Trust for Wal-Mart Stores Inc. Securities Series 2004-5,NYSE,Finance,Finance: Consumer Services,0.0,24.8,600
GJP,Synthetic Fixed-Income Securities Inc. on behalf of STRATS (SM) Trust for Dominion Resources Inc. Securities Series 2005-6 Floating Rate Structured Repackaged Asset-Backed Trust Securities (STRATS) Certificates,NYSE,Finance,Finance: Consumer Services,0.0,24.72,4800
GJR,Synthetic Fixed-Income Securities Inc. STRATS Trust for Procter&Gamble Securities Series 2006-1,NYSE,Finance,Finance: Consumer Services,0.0,24.8,491
GJS,Goldman Sachs Group Securities STRATS Trust for Goldman Sachs Group Securities Series 2006-2,NYSE,Finance,Finance: Consumer Services,7286111421.0,23.35,222
GJT,Synthetic Fixed-Income Securities Inc. Floating Rate Structured Repackaged Asset-Backed Trust Securities Certificates Series 2006-3,NYSE,Finance,Finance: Consumer Services,0.0,23.55,130
GKOS,Glaukos Corporation Common Stock,NYSE,Health Care,Medical/Dental Instruments,10618288339.0,180.02,768871
GL,Globe Life Inc. Common Stock,NYSE,Finance,Life Insurance,14128770831.0,183.85,537790
GLAS,Glass House Brands Inc. Subordinate Voting Shares,NYSE,Health Care, Medicinal Chemicals and Botanical Products ,796000823.0,10.13,457791
GLOB,Globant S.A. Common Shares,NYSE,Technology,EDP Services,1614915394.0,37.4,805851
GLP,Global Partners LP Common Units representing Limited Partner Interests,NYSE,Energy,Oil Refining/Marketing,1705897351.0,50.18,149290
GLW,Corning Incorporated Common Stock,NYSE,Industrials,Telecommunications Equipment,142714818680.0,165.68,10718611
GM,General Motors Company Common Stock,NYSE,Industrials,Auto Manufacturing,76847205961.0,87.58,4021930
GME,GameStop Corporation Common Stock,NYSE,Consumer Discretionary,Electronics Distribution,8596924484.0,19.16,4761720
GMED,Globus Medical Inc. Class A Common Stock,NYSE,Health Care,Medical/Dental Instruments,11178569951.0,82.35,3299741
GMRS,GMR Solutions Inc. Class A Common Stock,NYSE,Consumer Discretionary,Transportation Services,679467324.0,12.58,451628
GNE,Genie Energy Ltd. Class B Common Stock Stock,NYSE,Utilities,Power Generation,384173850.0,14.55,62415
GNK,Genco Shipping & Trading Limited Ordinary Shares New (Marshall Islands),NYSE,Consumer Discretionary,Marine Transportation,1104048705.0,25.33,407291
GNL,Global Net Lease Inc. Common Stock,NYSE,Real Estate,Real Estate Investment Trusts,1946884823.0,9.23,3177338
GNRC,Generac Holdlings Inc. Common Stock,NYSE,Consumer Discretionary,Metal Fabrications,12522329931.0,212.22,664154
GNT,GAMCO Natural Resources Gold & Income Trust,NYSE,Finance,Finance/Investors Services,159443039.0,8.63,98665
GNW,Genworth Financial Inc Common Stock,NYSE,Finance,Life Insurance,3711359691.0,9.69,2885723
GOF,Guggenheim Strategic Opportunities Fund Common Shares of Beneficial Interest,NYSE,Finance,Finance/Investors Services,0.0,10.66,892753
GOLD,Gold.com Inc. Common Stock,NYSE,Industrials,Other Specialty Stores,1261980313.0,43.51,453664
GOLF,Acushnet Holdings Corp. Common Stock,NYSE,Consumer Discretionary,Recreational Games/Products/Toys,5462507604.0,93.29,501915
GOOS,Canada Goose Holdings Inc. Subordinate Voting Shares,NYSE,Consumer Discretionary,Apparel,856493109.0,8.77,904652
GOTU,Gaotu Techedu Inc. American Depositary Shares,NYSE,Real Estate,Other Consumer Services,436348571.0,1.83,393408
GPC,Genuine Parts Company Common Stock,NYSE,Consumer Discretionary,Automotive Aftermarket,18697918978.0,135.63,827430
GPGI,GPGI Inc. Class A Common Stock,NYSE,Finance,Finance: Consumer Services,4345016885.0,14.99,1004882
GPI,Group 1 Automotive Inc. Common Stock,NYSE,Consumer Discretionary,Retail-Auto Dealers and Gas Stations,3176915296.0,266.47,187805
GPJA,Georgia Power Company Series 2017A 5.00% Junior Subordinated Notes due October 1 2077,NYSE,Utilities,Electric Utilities: Central,191620435.0,20.69,18127
GPK,Graphic Packaging Holding Company,NYSE,Consumer Discretionary,Containers/Packaging,3582466033.0,12.1,3082826
GPMT,Granite Point Mortgage Trust Inc. Common Stock,NYSE,Real Estate,Real Estate Investment Trusts,61211671.0,1.27,111967
GPN,Global Payments Inc. Common Stock,NYSE,Consumer Discretionary,Business Services,22788935747.0,86.12,5308752
GPOR,Gulfport Energy Corporation Common Shares,NYSE,Energy,Oil & Gas Production,2878226030.0,162.76,629673
GPRK,Geopark Ltd Common Shares,NYSE,Energy,Oil & Gas Production,611966951.0,9.43,519257
GRBK,Green Brick Partners Inc. Common Stock,NYSE,Consumer Discretionary,Homebuilding,3135479738.0,72.9,195055
GRC,Gorman-Rupp Company (The) Common Stock,NYSE,Industrials,Fluid Controls,2212914261.0,83.79,113518
GRDN,Guardian Pharmacy Services Inc. Class A Common Stock,NYSE,Consumer Staples,Retail-Drug Stores and Proprietary Stores,2775343388.0,43.83,1045123
GRMN,Garmin Ltd. Common Stock (Switzerland),NYSE,Industrials,Industrial Machinery/Components,59955924917.0,310.89,900753
GRND,Grindr Inc. Common Stock,NYSE,Technology,Computer Software: Programming Data Processing,2946696699.0,16.58,3009411
GRNT,Granite Ridge Resources Inc. Common Stock,NYSE,Energy,Oil & Gas Production,643652431.0,4.88,1425839
GROV,Grove Collaborative Holdings Inc. Class A Common Stock,NYSE,Consumer Discretionary,Catalog/Specialty Distribution,45390321.0,1.08,26873
GRX,The Gabelli Healthcare & Wellness Trust Common Shares of Beneficial Interest,NYSE,Finance,Finance/Investors Services,168878573.0,9.88,18254
GS,Goldman Sachs Group Inc. (The) Common Stock,NYSE,Finance,Investment Bankers/Brokers/Service,302704707471.0,1039.61,1429433
GSBD,Goldman Sachs BDC Inc. Common Stock,NYSE,Finance,Investment Managers,1097548403.0,9.75,2147780
GSK,GSK plc American Depositary Shares (Each representing two Ordinary Shares),NYSE,Health Care,Biotechnology: Pharmaceutical Preparations,107250781740.0,52.96,2521684
GSL,Global Ship Lease Inc New Class A Common Shares,NYSE,Consumer Discretionary,Marine Transportation,1524370275.0,42.44,499395
GTES,Gates Industrial Corporation Ltd. Common Shares,NYSE,Industrials,Industrial Machinery/Components,7151520553.0,28.25,1851908
GTN,Gray Media Inc. Common Stock,NYSE,Industrials,Broadcasting,551705503.0,5.37,4322086
GTY,Getty Realty Corporation Common Stock,NYSE,Finance,Real Estate,2067932820.0,33.39,289195
GUG,Guggenheim Active Allocation Fund Common Shares of Beneficial Interest,NYSE,Finance,Trusts Except Educational Religious and Charitable,0.0,15.49,75049
GUT,Gabelli Utility Trust (The) Common Stock,NYSE,Finance,Trusts Except Educational Religious and Charitable,458009941.0,6.24,179890
GVA,Granite Construction Incorporated Common Stock,NYSE,Industrials,Military/Government/Technical,5615861923.0,128.32,929307
GWH,ESS Tech Inc. Common Stock,NYSE,Miscellaneous,Industrial Machinery/Components,18911931.0,0.6435,892212
GWRE,Guidewire Software Inc. Common Stock,NYSE,Technology,Computer Software: Prepackaged Software,14197707753.0,170.53,1124995
GWW,W.W. Grainger Inc. Common Stock,NYSE,Industrials,Office Equipment/Supplies/Services,60173808452.0,1277.55,301696
GXO,GXO Logistics Inc. Common Stock ,NYSE,Consumer Discretionary,Transportation Services,5531237245.0,48.23,1643062
H,Hyatt Hotels Corporation Class A Common Stock,NYSE,Consumer Discretionary,Hotels/Resorts,16746810355.0,177.71,781458
HAE,Haemonetics Corporation Common Stock,NYSE,Health Care,Medical/Dental Instruments,3991975147.0,87.84,657092
HAFN,Hafnia Limited Common Shares,NYSE,Consumer Discretionary,Transportation Services,3753357601.0,7.51,686260
HAL,Halliburton Company Common Stock,NYSE,Energy,Oilfield Services/Equipment,26568527404.0,31.89,8262606
HASI,HA Sustainable Infrastructure Capital Inc. Common Stock,NYSE,Finance,Finance/Investors Services,5224644799.0,40.68,1853166
HAWK,HawkEye 360 Inc. Common Stock,NYSE,Technology,EDP Services,2467611619.0,25.19,701987
HAYW,Hayward Holdings Inc. Common Stock,NYSE,Industrials,Industrial Machinery/Components,3355731787.0,15.82,3032156
HBB,Hamilton Beach Brands Holding Company Class A Common Stock ,NYSE,Consumer Discretionary,Home Furnishings,422358071.0,31.42,227958
HBM,Hudbay Minerals Inc. Ordinary Shares (Canada),NYSE,Basic Materials,Metal Mining,12262836824.0,27.61,4876040
HCA,HCA Healthcare Inc. Common Stock,NYSE,Health Care,Hospital/Nursing Management,89493060040.0,413.36,1071767
HCC,Warrior Met Coal Inc. Common Stock,NYSE,Energy,Coal Mining,4856207941.0,91.97,702607
HCI,HCI Group Inc. Common Stock,NYSE,Finance,Property-Casualty Insurers,2408591622.0,188.69,277232
HCXY,Hercules Capital Inc. 6.25% Notes due 2033,NYSE,Finance,Investment Managers,4541892075.0,25.0,672
HD,Home Depot Inc. (The) Common Stock,NYSE,Consumer Discretionary,RETAIL: Building Materials,354594634453.0,355.62,3583387
HDB,HDFC Bank Limited Common Stock,NYSE,Finance,Commercial Banks,121248431197.0,23.63,4636915
HE,Hawaiian Electric Industries Inc. Common Stock,NYSE,Utilities,Electric Utilities: Central,2140681738.0,12.4,2474205
HEI,Heico Corporation Common Stock,NYSE,Industrials,Aerospace,51364786707.0,367.58,388059
HEQ,John Hancock Diversified Income Fund Common Shares of Beneficial Interest,NYSE,Finance,Investment Managers,0.0,11.63,30652
HESM,Hess Midstream LP Class A Representing Limited Partner Interests,NYSE,Energy,Oil & Gas Production,5108365064.0,39.8,1401508
HFRO,Highland Opportunities and Income Fund Common Shares of Beneficial Interest,NYSE,Finance,Finance/Investors Services,0.0,7.34,150541
HG,Hamilton Insurance Group Ltd. Class B Common Shares,NYSE,Finance,Property-Casualty Insurers,3579608307.0,35.91,463035
HGLB,Highland Global Allocation Fund Common Stock,NYSE,Finance,Trusts Except Educational Religious and Charitable,0.0,7.52,24648
HGTY,Hagerty Inc. Class A Common Stock,NYSE,Finance,Specialty Insurers,4676704661.0,13.61,241243
HGV,Hilton Grand Vacations Inc. Common Stock ,NYSE,Consumer Discretionary,Hotels/Resorts,3548884461.0,45.66,1258273
HHH,Howard Hughes Holdings Inc. Common Stock,NYSE,Real Estate,Real Estate Investment Trusts,4029975509.0,67.48,495855
HIG,The Hartford Insurance Group Inc. Common Stock,NYSE,Finance,Property-Casualty Insurers,38810540447.0,143.28,1474023
HII,Huntington Ingalls Industries Inc. Common Stock,NYSE,Industrials,Marine Transportation,12786003959.0,324.48,292689
HIMS,Hims & Hers Health Inc. Class A Common Stock,NYSE,Health Care,Medical/Nursing Services,7311748585.0,31.59,8366596
HIO,Western Asset High Income Opportunity Fund Inc. Common Stock,NYSE,Finance,Finance/Investors Services,0.0,3.57,365595
HIPO,Hippo Holdings Inc. Common Stock,NYSE,Finance,Property-Casualty Insurers,860821608.0,32.62,132401
HIW,Highwoods Properties Inc. Common Stock,NYSE,Real Estate,Real Estate Investment Trusts,3469130336.0,31.45,929414
HIX,Western Asset High Income Fund II Inc. Common Stock,NYSE,Finance,Finance/Investors Services,0.0,3.94,336743
HKD,AMTD Digital Inc. American Depositary Shares (every five of which represent two Class A Ordinary Shares),NYSE,Finance,Finance: Consumer Services,214478751.0,1.7,156951
HL,Hecla Mining Company Common Stock,NYSE,Industrials,Mining & Quarrying of Nonmetallic Minerals (No Fuels),11319298062.0,16.85,39054130
HLF,Herbalife Ltd. Common Shares,NYSE,Health Care,Other Pharmaceuticals,1294321743.0,12.35,2321006
HLI,Houlihan Lokey Inc. Class A Common Stock,NYSE,Finance,Investment Managers,9015358500.0,129.0,570305
HLIO,Helios Technologies Inc. Common Stock,NYSE,Industrials,Metal Fabrications,2755735794.0,83.39,295227
HLLY,Holley Inc. Common Stock,NYSE,Consumer Discretionary,Auto Parts:O.E.M.,384312233.0,3.17,1321155
HLN,Haleon plc American Depositary Shares (Each representing two Ordinary Shares),NYSE,Consumer Discretionary,Package Goods/Cosmetics,44665954522.0,10.03,5493505
HLT,Hilton Worldwide Holdings Inc. Common Stock ,NYSE,Consumer Discretionary,Hotels/Resorts,71480615416.0,317.6,1447720
HLX,Helix Energy Solutions Group Inc. Common Stock,NYSE,Energy,Oilfield Services/Equipment,1414871491.0,9.6,1515278
HMC,Honda Motor Company Ltd. Common Stock,NYSE,Industrials,Auto Manufacturing,41287303221.0,31.82,1865081
HMN,Horace Mann Educators Corporation Common Stock,NYSE,Finance,Property-Casualty Insurers,2108704802.0,52.22,244913
HMY,Harmony Gold Mining Company Limited,NYSE,Basic Materials,Precious Metals,12504924163.0,19.7,5485358
HNGE,Hinge Health Inc. Class A Common Stock,NYSE,Technology,EDP Services,6912366924.0,89.33,2562867
HNI,HNI Corporation Common Stock,NYSE,Consumer Discretionary,Office Equipment/Supplies/Services,3587435460.0,49.7,629220
HOG,Harley-Davidson Inc. Common Stock,NYSE,Consumer Discretionary,Motor Vehicles,2706925907.0,26.01,1115607
HOMB,Home BancShares Inc. Common Stock,NYSE,Finance,Major Banks,6205547563.0,30.81,919944
HOV,Hovnanian Enterprises Inc. Class A Common Stock,NYSE,Consumer Discretionary,Homebuilding,807335275.0,137.78,75137
HP,Helmerich & Payne Inc. Common Stock,NYSE,Energy,Oil & Gas Production,3707438319.0,37.1,1296669
HPE,Hewlett Packard Enterprise Company Common Stock,NYSE,Technology,Retail: Computer Software & Peripheral Equipment,70474111388.0,53.22,14030897
HPF,John Hancock Pfd Income Fund II Pfd Income Fund II,NYSE,Finance,Finance Companies,0.0,15.92,23910
HPI,John Hancock Preferred Income Fund Common Shares of Beneficial Interest,NYSE,Finance,Trusts Except Educational Religious and Charitable,0.0,16.16,42451
HPP,Hudson Pacific Properties Inc. Common Stock,NYSE,Finance,Real Estate,778915465.0,14.36,1289983
HPQ,HP Inc. Common Stock,NYSE,Technology,Computer Manufacturing,27481406835.0,30.05,17865409
HPS,John Hancock Preferred Income Fund III Preferred Income Fund III,NYSE,Finance,Investment Managers,0.0,14.25,30261
HQH,abrdn Healthcare Investors Shares of Beneficial Interest,NYSE,Finance,Finance Companies,1090799447.0,23.04,228481
HQL,abrdn Life Sciences Investors Shares of Beneficial Interest,NYSE,Finance,Investment Managers,529514094.0,20.62,175202
HR,Healthcare Realty Trust Incorporated Common Stock,NYSE,Real Estate,Real Estate Investment Trusts,6844113607.0,19.97,4217323
HRB,H&R Block Inc. Common Stock,NYSE,Consumer Discretionary,Other Consumer Services,5855053961.0,46.19,4757820
HRI,Herc Holdings Inc. Common Stock ,NYSE,Industrials,Misc Corporate Leasing Services,5613139448.0,167.9,311273
HRL,Hormel Foods Corporation Common Stock,NYSE,Consumer Staples,Meat/Poultry/Fish,13768880274.0,25.02,2207371
HRTG,Heritage Insurance Holdings Inc. Common Stock,NYSE,Finance,Property-Casualty Insurers,993656545.0,32.74,400620
HSBC,HSBC Holdings plc. Common Stock,NYSE,Finance,Savings Institutions,356490215425.0,103.73,1513884
HSHP,Himalaya Shipping Ltd. Common Shares,NYSE,Consumer Discretionary,Marine Transportation,741922500.0,15.87,242243
HSY,The Hershey Company Common Stock,NYSE,Consumer Staples,Specialty Foods,36638793554.0,182.35,1039895
HTB,HomeTrust Bancshares Inc. Common Stock,NYSE,Finance,Savings Institutions,853711780.0,50.8,58351
HTD,John Hancock Tax Advantaged Dividend Income Fund Common Shares of Beneficial Interest,NYSE,Finance,Finance Companies,0.0,25.41,59337
HTFC,Horizon Technology Finance Corporation 6.25% Notes due 2027,NYSE,Finance,Finance: Consumer Services,1059388403.0,24.9,15254
HTGC,Hercules Capital Inc. Common Stock,NYSE,Finance,Investment Managers,3228579000.0,17.25,1692540
HTH,Hilltop Holdings Inc.,NYSE,Finance,Major Banks,2236461720.0,39.04,163847
HTT,High Templar Tech Limited American depositary shares each representing one Class A ordinary share,NYSE,Finance,Finance: Consumer Services,391314430.0,2.52,60934
HUBB,Hubbell Inc Common Stock,NYSE,Technology,Electrical Products,27155413168.0,513.99,374211
HUBS,HubSpot Inc. Common Stock,NYSE,Technology,Computer Software: Prepackaged Software,10494342000.0,210.45,3365061
HUM,Humana Inc. Common Stock,NYSE,Health Care,Medical Specialities,46230918580.0,385.0,1405558
HUN,Huntsman Corporation Common Stock,NYSE,Industrials,Major Chemicals,1774831594.0,10.12,1871690
HUYA,HUYA Inc. American depositary shares each  representing one Class A ordinary share,NYSE,Technology,Computer Software: Programming Data Processing,543185909.0,2.43,350054
HVT,Haverty Furniture Companies Inc. Common Stock,NYSE,Consumer Discretionary,Other Specialty Stores,453618580.0,29.09,122977
HWM,Howmet Aerospace Inc. Common Stock,NYSE,Industrials,Metal Fabrications,112782297308.0,281.88,2000267
HXL,Hexcel Corporation Common Stock,NYSE,Industrials,Major Chemicals,7821733640.0,103.43,534172
HY,Hyster-Yale Inc. Class A common stock,NYSE,Industrials,Construction/Ag Equipment/Trucks,665038054.0,37.09,101331
HYI,Western Asset High Yield Opportunity Fund Inc. Common Stock,NYSE,Finance,Investment Managers,0.0,10.51,26598
HYT,Blackrock Corporate High Yield Fund Inc. Common Stock,NYSE,Finance,Finance Companies,0.0,8.41,1491226
HZO,MarineMax Inc.  (FL) Common Stock,NYSE,Consumer Discretionary,Auto & Home Supply Stores,788055097.0,35.68,206518
IAE,Voya Asia Pacific High Dividend Equity Income Fund ING Asia Pacific High Dividend Equity Income Fund Common Shares of Beneficial Interest,NYSE,Finance,Trusts Except Educational Religious and Charitable,0.0,8.66,59106
IAG,Iamgold Corporation Ordinary Shares,NYSE,Basic Materials,Precious Metals,10627432000.0,18.32,12372415
IBM,International Business Machines Corporation Common Stock,NYSE,Technology,Computer Manufacturing,223549648059.0,237.28,4757840
IBN,ICICI Bank Limited Common Stock,NYSE,Finance,Commercial Banks,108189300933.0,30.22,5506092
IBP,Installed Building Products Inc. Common Stock,NYSE,Consumer Discretionary,Homebuilding,6574880276.0,244.05,381102
IBTA,Ibotta Inc. Class A Common Stock,NYSE,Consumer Discretionary,Advertising,890176570.0,38.42,457430
ICE,Intercontinental Exchange Inc. Common Stock,NYSE,Finance,Investment Bankers/Brokers/Service,84377591396.0,150.3,3132112
ICL,ICL Group Ltd. Ordinary Shares,NYSE,Industrials,Agricultural Chemicals,6853472191.0,5.31,851967
IDA,IDACORP Inc. Common Stock,NYSE,Utilities,Electric Utilities: Central,8204315379.0,141.84,469204
IDE,Voya Infrastructure Industrials and Materials Fund Common Shares of Beneficial Interest,NYSE,Finance,Finance/Investors Services,0.0,13.08,57778
IDT,IDT Corporation Class B Common Stock,NYSE,Telecommunications,Telecommunications Equipment,1618446275.0,65.08,167744
IEX,IDEX Corporation Common Stock,NYSE,Industrials,Fluid Controls,17284366816.0,234.46,577008
IFF,International Flavors & Fragrances Inc. Common Stock,NYSE,Industrials,Major Chemicals,21914830322.0,85.89,1421054
IFN,Aberdeen India Fund Inc. Common Stock,NYSE,Finance,Finance/Investors Services,0.0,11.82,119346
IFS,Intercorp Financial Services Inc. Common Shares,NYSE,Finance,Commercial Banks,6804487733.0,58.94,136153
IGA,Voya Global Advantage and Premium Opportunity Fund Common Shares of Beneficial Interest,NYSE,Finance,Investment Managers,0.0,10.3,83323
IGD,Voya Global Equity Dividend and Premium Opportunity Fund,NYSE,Finance,Trusts Except Educational Religious and Charitable,0.0,6.56,214067
IGI,Western Asset Investment Grade Opportunity Trust Inc. Common Stock,NYSE,Finance,Investment Managers,0.0,15.83,10077
IGR,CBRE Global Real Estate Income Fund Common Shares of Beneficial Interest,NYSE,Finance,Finance Companies,0.0,4.71,425135
IH,iHuman Inc. American depositary shares each representing five Class A ordinary shares,NYSE,Real Estate,Other Consumer Services,68097666.0,1.3323,3312
IHD,Voya Emerging Markets High Income Dividend Equity Fund Common Shares,NYSE,Finance,Investment Managers,0.0,7.39,40330
IHG,Intercontinental Hotels Group American Depositary Shares (Each representing one Ordinary Share),NYSE,Consumer Discretionary,Hotels/Resorts,23845691389.0,157.51,189604
IHS,IHS Holding Limited Ordinary Shares,NYSE,Telecommunications,Telecommunications Equipment,2801602204.0,8.35,1139392
IIF,Morgan Stanley India Investment Fund Inc. Common Stock,NYSE,Finance,Trusts Except Educational Religious and Charitable,0.0,23.35,34558
IIIN,Insteel Industries Inc. Common Stock,NYSE,Industrials,Steel/Iron Ore,625077796.0,32.29,102691
IIM,Invesco Value Municipal Income Trust Common Stock,NYSE,Finance,Investment Managers,597298491.0,12.69,73794
IIPR,Innovative Industrial Properties Inc. Common Stock,NYSE,Finance,Real Estate,1631121007.0,59.16,238072
IMAX,Imax Corporation Common Stock,NYSE,Consumer Discretionary,Industrial Machinery/Components,2659294108.0,48.49,861033
INFQ,Infleqtion Inc. Common Stock,NYSE,Technology,EDP Services,2598724972.0,11.91,7833440
INFY,Infosys Limited American Depositary Shares,NYSE,Technology,EDP Services,50826191940.0,12.53,15272229
ING,ING Group N.V. Common Stock,NYSE,Finance,Commercial Banks,103558976708.0,35.68,1884642
INGM,Ingram Micro Holding Corporation Common Stock,NYSE,Technology,Retail: Computer Software & Peripheral Equipment,6550798074.0,28.4,671115
INGR,Ingredion Incorporated Common Stock,NYSE,Consumer Staples,Packaged Foods,6578951834.0,104.33,626584
INN,Summit Hotel Properties Inc. Common Stock,NYSE,Real Estate,Real Estate Investment Trusts,699968975.0,6.49,608251
INR,Infinity Natural Resources Inc. Class A Common Stock,NYSE,Energy,Oil & Gas Production,824643244.0,12.98,198648
INSP,Inspire Medical Systems Inc. Common Stock,NYSE,Health Care,Medical/Dental Instruments,1739248160.0,60.16,538942
INSW,International Seaways Inc. Common Stock ,NYSE,Consumer Discretionary,Marine Transportation,4574728957.0,92.41,628448
INVH,Invitation Homes Inc. Common Stock,NYSE,Finance,Real Estate,17937227374.0,30.37,2949993
INVX,Innovex International Inc. Common Stock,NYSE,Consumer Discretionary,Oil and Gas Field Machinery,1965196739.0,28.1,3300207
IONQ,IonQ Inc. Common Stock,NYSE,Technology,EDP Services,16584383790.0,44.43,34385851
IOT,Samsara Inc. Class A Common Stock,NYSE,Technology,EDP Services,23821188152.0,40.88,6682259
IP,International Paper Company Common Stock,NYSE,Basic Materials,Paper,22019516234.0,41.58,3594230
IPI,Intrepid Potash Inc Common Stock,NYSE,Industrials,Mining & Quarrying of Nonmetallic Minerals (No Fuels),468965089.0,34.85,221279
IQI,Invesco Quality Municipal Income Trust Common Stock,NYSE,Finance,Finance Companies,533597512.0,10.09,114328
IQV,IQVIA Holdings Inc. Common Stock,NYSE,Health Care,Biotechnology: Commercial Physical & Biological Resarch,39290020000.0,238.7,1054315
IR,Ingersoll Rand Inc. Common Stock,NYSE,Industrials,Industrial Machinery/Components,33744310340.0,86.97,5377103
IRM,Iron Mountain Incorporated (Delaware)Common Stock REIT,NYSE,Real Estate,Real Estate Investment Trusts,36066695674.0,121.15,1492294
IRS,IRSA Inversiones Y Representaciones S.A. Global Depositary Shares (Each representing ten shares of Common Stock),NYSE,Real Estate,Homebuilding,1211330897.0,14.94,113909
IRT,Independence Realty Trust Inc. Common Stock,NYSE,Real Estate,Real Estate Investment Trusts,4068951226.0,17.26,2773769
ISD,PGIM High Yield Bond Fund Inc.,NYSE,Finance,Trusts Except Educational Religious and Charitable,0.0,12.58,121625
IT,Gartner Inc. Common Stock,NYSE,Consumer Discretionary,Other Consumer Services,11720449946.0,185.6,1194937
ITGR,Integer Holdings Corporation Common Stock,NYSE,Health Care,Biotechnology: Electromedical & Electrotherapeutic Apparatus,4258183853.0,125.27,1055837
ITT,ITT Inc. Common Stock ,NYSE,Industrials,Fluid Controls,19053822000.0,213.13,813984
ITUB,Itau Unibanco Banco Holding SA American Depositary Shares (Each repstg 500 Preferred shares),NYSE,Finance,Major Banks,87550604768.0,7.94,27125281
ITW,Illinois Tool Works Inc. Common Stock,NYSE,Industrials,Industrial Machinery/Components,85349082000.0,296.66,918453
IVR,INVESCO MORTGAGE CAPITAL INC Common Stock,NYSE,Real Estate,Real Estate Investment Trusts,805150319.0,7.48,2625264
IVT,InvenTrust Properties Corp. Common Stock,NYSE,Real Estate,Real Estate Investment Trusts,2591223262.0,33.23,497757
IVZ,Invesco Ltd Common Stock,NYSE,Finance,Investment Managers,13942563052.0,31.58,4619546
IX,ORIX Corporation American Depositary Shares,NYSE,Finance,Diversified Financial Services,45065434556.0,40.09,204093
J,Jacobs Solutions Inc. Common Stock,NYSE,Industrials,Military/Government/Technical,16978791298.0,145.07,665942
JAN,Janus Living Inc. Class A-1 Common Stock,NYSE,Real Estate,Real Estate Investment Trusts,8893911945.0,30.47,1974502
JBGS,JBG SMITH Properties Common Shares ,NYSE,Real Estate,Real Estate Investment Trusts,906097366.0,12.16,554884
JBI,Janus International Group Inc. Common Stock,NYSE,Industrials,Building Products,756978147.0,5.55,2152229
JBK,Lehman ABS 3.50 3.50% Adjustable Corp Backed Tr Certs GS Cap I,NYSE,Finance,Finance: Consumer Services,0.0,26.3,310
JBL,Jabil Inc. Common Stock,NYSE,Technology,Electrical Products,35755450509.0,341.22,1057446
JBS,JBS N.V. Class A Common Shares,NYSE,Consumer Staples,Meat/Poultry/Fish,15238577760.0,14.23,6542665
JBTM,JBT Marel Corporation Common Stock,NYSE,Industrials,Industrial Machinery/Components,6387073709.0,123.12,705158
JCE,Nuveen Core Equity Alpha Fund Common Shares of Beneficial Interest,NYSE,Finance,Trusts Except Educational Religious and Charitable,0.0,16.95,37393
JCI,Johnson Controls International plc Ordinary Share,NYSE,Industrials,Industrial Machinery/Components,92199909149.0,152.21,2759507
JEF,Jefferies Financial Group Inc. Common Stock,NYSE,Finance,Investment Bankers/Brokers/Service,10969711108.0,56.62,1153985
JELD,JELD-WEN Holding Inc. Common Stock,NYSE,Basic Materials,Forest Products,163982792.0,1.89,1682918
JFR,Nuveen Floating Rate Income Fund Common Stock,NYSE,Finance,Trusts Except Educational Religious and Charitable,0.0,7.78,482169
JGH,Nuveen Global High Income Fund Common Shares of Beneficial Interest,NYSE,Finance,Investment Managers,0.0,12.66,30616
JHI,John Hancock Investors Trust Common Stock,NYSE,Finance,Trusts Except Educational Religious and Charitable,117002039.0,13.38,7195
JHS,John Hancock Income Securities Trust Common Stock,NYSE,Finance,Finance Companies,127413640.0,10.94,4975
JHX,James Hardie Industries plc. Ordinary Shares,NYSE,Industrials,Building Materials,17543580497.0,30.23,12183208
JILL,J. Jill Inc. Common Stock,NYSE,Consumer Discretionary,Apparel,282880772.0,18.92,77515
JKS,JinkoSolar Holding Company Limited American Depositary Shares (each representing 4 Common Shares),NYSE,Technology,Semiconductors,890816898.0,17.01,703263
JLL,Jones Lang LaSalle Incorporated Common Stock,NYSE,Finance,Real Estate,16672271413.0,362.38,324337
JLS,Nuveen Mortgage and Income Fund,NYSE,Finance,Investment Managers,0.0,17.3,23600
JMIA,Jumia Technologies AG American Depositary Shares each representing two Ordinary Shares,NYSE,Consumer Discretionary,Catalog/Specialty Distribution,766647613.0,6.19,2303777
JMKE,Jersey Mike's Subs Inc. Class A Common Stock,NYSE,Consumer Discretionary,Restaurants,9219983403.0,22.91,1659131
JMM,Nuveen Multi-Market Income Fund (MA),NYSE,Finance,Trusts Except Educational Religious and Charitable,0.0,5.78,1832
JNJ,Johnson & Johnson Common Stock,NYSE,Health Care,Biotechnology: Pharmaceutical Preparations,624742112286.0,259.24,6531049
JOBY,Joby Aviation Inc. Common Stock,NYSE,Industrials,Aerospace,8498674241.0,8.64,33511742
JOE,St. Joe Company (The) Common Stock,NYSE,Real Estate,Homebuilding,3834265875.0,67.35,185577
JOF,Japan Smaller Capitalization Fund Inc Common Stock,NYSE,Finance,Trusts Except Educational Religious and Charitable,0.0,12.37,40482
JPC,Nuveen Preferred & Income Opportunities Fund,NYSE,Finance,Investment Managers,0.0,7.73,1435982
JPM,JP Morgan Chase & Co. Common Stock,NYSE,Finance,Major Banks,957978922163.0,357.52,4565096
JQC,Nuveen Credit Strategies Income Fund Shares of Beneficial Interest,NYSE,Finance,Finance Companies,0.0,4.81,690191
JRI,Nuveen Real Asset Income and Growth Fund Common Shares of Beneficial Interest,NYSE,Finance,Finance Companies,0.0,12.81,123418
JRS,Nuveen Real Estate Income Fund Common Shares of Beneficial Interest,NYSE,Finance,Finance/Investors Services,0.0,8.5,94652
JXN,Jackson Financial Inc. Class A Common Stock ,NYSE,Finance,Life Insurance,8802027570.0,129.96,521667
KAI,Kadant Inc Common Stock,NYSE,Industrials,Industrial Machinery/Components,3986891025.0,337.63,112011
KB,KB Financial Group Inc,NYSE,Finance,Commercial Banks,44468463405.0,124.01,180811
KBH,KB Home Common Stock,NYSE,Consumer Discretionary,Homebuilding,3592136964.0,58.59,855378
KBR,KBR Inc. Common Stock,NYSE,Industrials,Military/Government/Technical,4795617400.0,38.04,1096418
KD,Kyndryl Holdings Inc. Common Stock,NYSE,Technology,EDP Services,3053812047.0,14.02,3088754
KEN,Kenon Holdings Ltd. Ordinary Shares,NYSE,Utilities,Electric Utilities: Central,3445928294.0,66.13,17857
KEP,Korea Electric Power Corporation Common Stock,NYSE,Utilities,Electric Utilities: Central,16036262643.0,12.49,714046
KEX,Kirby Corporation Common Stock,NYSE,Consumer Discretionary,Marine Transportation,6932112000.0,131.29,704277
KEY,KeyCorp Common Stock,NYSE,Finance,Major Banks,24255832032.0,22.73,5589876
KEYS,Keysight Technologies Inc. Common Stock,NYSE,Industrials,Industrial Machinery/Components,58270193627.0,340.97,849257
KF,Korea Fund Inc. (The) New Common Stock,NYSE,Finance,Investment Managers,0.0,59.2058,31354
KFRC,Kforce Inc. Common Stock,NYSE,Consumer Discretionary,Professional Services,1058242810.0,59.09,220537
KFY,Korn Ferry Common Stock,NYSE,Consumer Discretionary,Diversified Commercial Services,4275547990.0,84.07,423707
KGC,Kinross Gold Corporation Common Stock,NYSE,Basic Materials,Precious Metals,33004924000.0,27.64,14121641
KGS,Kodiak Gas Services Inc. Common Stock,NYSE,Utilities,Natural Gas Distribution,5315720376.0,59.9,3005622
KIM,Kimco Realty Corporation (HC) Common Stock,NYSE,Real Estate,Real Estate Investment Trusts,16407508064.0,24.46,3369298
KIO,KKR Income Opportunities Fund Common Shares,NYSE,Finance,Investment Managers,0.0,11.15,189949
KKR,KKR & Co. Inc. Common Stock,NYSE,Finance,Investment Managers,92310317064.0,102.81,7048641
KKRS,KKR Group Finance Co. IX LLC 4.625% Subordinated Notes due 2061,NYSE,Finance,Investment Managers,14330052138.0,15.96,20127
KKRT,KKR & Co. Inc. 6.875% Subordinated Notes due 2065,NYSE,Finance,Investment Managers,0.0,23.01,39443
KLAR,Klarna Group plc Ordinary Shares,NYSE,Finance,Finance: Consumer Services,14042325530.0,19.9,2075053
KLC,KinderCare Learning Companies Inc. Common Stock,NYSE,Consumer Discretionary,Other Consumer Services,612274306.0,5.17,309000
KMI,Kinder Morgan Inc. Common Stock,NYSE,Utilities,Natural Gas Distribution,68696844446.0,30.85,8185552
KMPB,Kemper Corporation 5.875% Fixed-Rate Reset Junior Subordinated Debentures due 2062,NYSE,Finance,Property-Casualty Insurers,1455401904.0,24.7,8828
KMPR,Kemper Corporation,NYSE,Finance,Property-Casualty Insurers,1679899121.0,28.51,749107
KMT,Kennametal Inc. Common Stock,NYSE,Industrials,Industrial Machinery/Components,2524840712.0,33.13,1326683
KMX,CarMax Inc,NYSE,Consumer Discretionary,Retail-Auto Dealers and Gas Stations,8256387565.0,58.18,1444303
KN,Knowles Corporation Common Stock,NYSE,Consumer Staples,Consumer Electronics/Appliances,3337835540.0,39.08,719814
KNF,Knife Riv Holding Co. Common Stock,NYSE,Industrials,Mining & Quarrying of Nonmetallic Minerals (No Fuels),3791796456.0,66.8,935721
KNOP,KNOT Offshore Partners LP Common Units representing Limited Partner Interests,NYSE,Consumer Discretionary,Marine Transportation,356126418.0,10.58,46213
KNSL,Kinsale Capital Group Inc. Common Stock,NYSE,Finance,Property-Casualty Insurers,8513664128.0,373.76,210714
KNTK,Kinetik Holdings Inc. Class A Common Stock,NYSE,Utilities,Natural Gas Distribution,7984861751.0,49.18,1145856
KNX,Knight-Swift Transportation Holdings Inc.,NYSE,Industrials,Trucking Freight/Courier Services,11396175120.0,70.02,3259889
KO,Coca-Cola Company (The) Common Stock,NYSE,Consumer Staples,Beverages (Production/Distribution),374536911603.0,87.05,11217477
KODK,Eastman Kodak Company Common New,NYSE,Consumer Discretionary,Industrial Machinery/Components,982916000.0,10.04,913327
KOF,Coca Cola Femsa S.A.B. de C.V.  American Depositary Shares each representing 10 Units (each Unit consists of 3 Series B Shares and 5 Series L Shares),NYSE,Consumer Staples,Beverages (Production/Distribution),5800397925.0,110.44,121928
KOP,Koppers Holdings Inc. Common Stock,NYSE,Basic Materials,Forest Products,985438764.0,51.24,478692
KOS,Kosmos Energy Ltd. Common Shares (DE),NYSE,Energy,Oil & Gas Production,1476809374.0,2.48,10383782
KR,Kroger Company (The) Common Stock,NYSE,Consumer Staples,Food Chains,34755480308.0,56.73,7370614
KRC,Kilroy Realty Corporation Common Stock,NYSE,Real Estate,Real Estate Investment Trusts,4416252274.0,37.97,916257
KREF,KKR Real Estate Finance Trust Inc. Common Stock,NYSE,Real Estate,Real Estate Investment Trusts,454564876.0,7.76,1152767
KRG,Kite Realty Group Trust Common Stock,NYSE,Real Estate,Real Estate Investment Trusts,5359280458.0,26.75,2616902
KRMN,Karman Holdings Inc. Common Stock,NYSE,Industrials,Military/Government/Technical,7717006391.0,58.23,5056258
KRO,Kronos Worldwide Inc Common Stock,NYSE,Basic Materials,Major Chemicals,988687662.0,8.59,836304
KRP,Kimbell Royalty Partners Common Units Representing Limited Partner Interests,NYSE,Energy,Oil & Gas Production,1614463358.0,14.98,2349899
KSS,Kohl's Corporation Common Stock,NYSE,Consumer Discretionary,Department/Specialty Retail Stores,2188619865.0,19.3,3466809
KT,KT Corporation Common Stock,NYSE,Telecommunications,Telecommunications Equipment,8920517331.0,18.5,1460667
KTB,Kontoor Brands Inc. Common Stock ,NYSE,Industrials,Garments and Clothing,4258735261.0,77.05,750991
KTF,DWS Municipal Income Trust,NYSE,Finance,Finance Companies,354718423.0,8.98,294094
KTH,Structures Products Cp 8% CorTS Issued by Peco Energy Cap Tr II Preferred Stock,NYSE,Finance,Finance: Consumer Services,0.0,28.4501,588
KTN,Structured Products Corp 8.205% CorTS 8.205% Corporate Backed Trust Securities (CorTS),NYSE,Finance,Finance: Consumer Services,0.0,25.415,2395
KVUE,Kenvue Inc. Common Stock,NYSE,Consumer Discretionary,Package Goods/Cosmetics,36921766686.0,19.23,14323994
KVYO,Klaviyo Inc. Series A Common Stock,NYSE,Technology,Computer Software: Prepackaged Software,4732170003.0,16.62,9003816
KWR,Quaker Houghton Common Stock,NYSE,Industrials,Major Chemicals,2924448955.0,169.95,167696
KWY,Kingsway Corporation Common Stock,NYSE,Finance,Property-Casualty Insurers,296413839.0,10.24,114008
KYN,Kayne Anderson Energy Infrastructure Fund Inc.,NYSE,Finance,Finance/Investors Services,1928983780.0,14.17,370859
L,Loews Corporation Common Stock,NYSE,Finance,Property-Casualty Insurers,23617534492.0,115.53,453091
LAC,Lithium Americas Corp. Common Shares,NYSE,Basic Materials,Metal Mining,1168742638.0,3.23,12722556
LAD,Lithia Motors Inc. Common Stock,NYSE,Consumer Discretionary,Retail-Auto Dealers and Gas Stations,8257517863.0,375.63,168036
LADR,Ladder Capital Corp Class A Common Stock,NYSE,Real Estate,Real Estate Investment Trusts,1238205357.0,9.76,1323307
LANV,Lanvin Group Holdings Limited Ordinary Shares,NYSE,Consumer Discretionary,Apparel,150715097.0,1.2,173774
LAR,Lithium Argentina AG Common Shares,NYSE,Basic Materials,Metal Mining,1136772000.0,6.94,2394302
LAW,CS Disco Inc. Common Stock,NYSE,Technology,Computer Software: Prepackaged Software,279154990.0,4.3,334196
LAZ,Lazard Inc. Common Stock,NYSE,Finance,Investment Managers,4307315282.0,44.2,1763464
LB,LandBridge Company LLC Class A Shares Representing Limited Liability Company Interests,NYSE,Energy,Oil & Gas Production,5799326533.0,75.4,836130
LBRT,Liberty Energy Inc. Class A common stock,NYSE,Energy,Oilfield Services/Equipment,3254036835.0,19.94,3515758
LCII,LCI Industries,NYSE,Consumer Discretionary,Auto Parts:O.E.M.,2645091962.0,108.8,183410
LCLN,Lincoln International Inc. Class A Common Stock,NYSE,Finance,Investment Managers,2503680490.0,24.55,445023
LDI,loanDepot Inc. Class A Common Stock,NYSE,Finance,Finance: Consumer Services,321540787.0,0.9518,3496125
LDOS,Leidos Holdings Inc. Common Stock,NYSE,Technology,EDP Services,17263963192.0,137.57,1956331
LDP,Cohen & Steers Limited Duration Preferred and Income Fund Inc.,NYSE,Finance,Finance Companies,0.0,20.65,74541
LEA,Lear Corporation Common Stock,NYSE,Consumer Discretionary,Auto Parts:O.E.M.,6059054010.0,122.84,562391
LEG,Leggett & Platt Incorporated Common Stock,NYSE,Consumer Discretionary,Home Furnishings,1312480227.0,9.62,1988748
LEN,Lennar Corporation Class A Common Stock,NYSE,Consumer Discretionary,Homebuilding,21242133622.0,88.18,2472665
LEO,BNY Mellon Strategic Municipals Inc. Common Stock,NYSE,Finance,Trusts Except Educational Religious and Charitable,387449112.0,6.22,370290
LEU,Centrus Energy Corp. Class A Common Stock,NYSE,Industrials,Mining & Quarrying of Nonmetallic Minerals (No Fuels),3764782588.0,191.37,623302
LEVI,Levi Strauss & Co Class A Common Stock,NYSE,Consumer Discretionary,Apparel,9394202218.0,24.41,1053625
LFT,Lument Finance Trust Inc. Common Stock,NYSE,Real Estate,Real Estate Investment Trusts,36550306.0,0.697,72929
LH,Labcorp Holdings Inc. Common Stock,NYSE,Health Care,Medical Specialities,25884687000.0,319.17,429636
LHX,L3Harris Technologies Inc. Common Stock,NYSE,Industrials,Industrial Machinery/Components,53382143969.0,286.67,1094151
LII,Lennox International Inc. Common Stock,NYSE,Industrials,Industrial Machinery/Components,15198748045.0,439.77,598404
LION,Lionsgate Studios Corp Common Shares,NYSE,Consumer Discretionary,Movies/Entertainment,3858457362.0,12.97,2094640
LITB,LightInTheBox Holding Co. Ltd. American Depositary Shares each representing twelve ordinary shares,NYSE,Consumer Discretionary,Catalog/Specialty Distribution,55624742.0,3.1,2882
LLY,Eli Lilly and Company Common Stock,NYSE,Health Care,Biotechnology: Pharmaceutical Preparations,1116176485541.0,1185.71,2897025
LMND,Lemonade Inc. Common Stock,NYSE,Finance,Property-Casualty Insurers,4097376798.0,52.94,718869
LMT,Lockheed Martin Corporation Common Stock,NYSE,Industrials,Military/Government/Technical,135693423226.0,587.95,749115
LNC,Lincoln National Corporation Common Stock,NYSE,Finance,Life Insurance,8812320876.0,46.03,1572522
LND,Brasilagro Brazilian Agric Real Estate Co Sponsored ADR (Brazil),NYSE,Consumer Staples,Farming/Seeds/Milling,369660398.0,3.6,49734
LNG,Cheniere Energy Inc. Common Stock,NYSE,Utilities,Oil/Gas Transmission,53674615470.0,256.14,1785403
LNN,Lindsay Corporation Common Stock,NYSE,Industrials,Industrial Machinery/Components,1180200793.0,116.06,94638
LOAR,Loar Holdings Inc. Common Stock,NYSE,Industrials,Military/Government/Technical,6635166260.0,70.87,533565
LOB,Live Oak Bancshares Inc. Common Stock,NYSE,Finance,Major Banks,1971682212.0,42.6,190917
LOCL,Local Bounti Corporation Common Stock,NYSE,Consumer Staples,Farming/Seeds/Milling,23480158.0,1.03,10480
LOMA,Loma Negra Compania Industrial Argentina Sociedad Anonima ADS,NYSE,Industrials,Building Materials,1218312817.0,10.44,912785
LOW,Lowe's Companies Inc. Common Stock,NYSE,Consumer Discretionary,RETAIL: Building Materials,125233917607.0,223.35,2359662
LPG,Dorian LPG Ltd. Common Stock,NYSE,Consumer Discretionary,Marine Transportation,1957735483.0,45.76,547446
LPL,LG Display Co Ltd AMERICAN DEPOSITORY SHARES,NYSE,Technology,Industrial Machinery/Components,3300000000.0,3.3,2858071
LPX,Louisiana-Pacific Corporation Common Stock,NYSE,Basic Materials,Forest Products,5489686919.0,78.51,1151947
LRN,Stride Inc. Common Stock,NYSE,Real Estate,Other Consumer Services,3429102811.0,82.51,1538594
LSPD,Lightspeed Commerce Inc. Subordinate Voting Shares,NYSE,Technology,Computer Software: Prepackaged Software,1394469325.0,10.46,546450
LTC,LTC Properties Inc. Common Stock,NYSE,Real Estate,Real Estate Investment Trusts,2148136686.0,39.85,388946
LTH,Life Time Group Holdings Inc. Common Stock,NYSE,Consumer Discretionary,Hotels/Resorts,9789867942.0,43.81,1741389
LTM,LATAM Airlines Group S.A. American Depositary Shares (each representing two thousand (2000) shares of Common Stock),NYSE,Consumer Discretionary,Air Freight/Delivery Services,16284765306.0,56.72,393537
LU,Lufax Holding Ltd American Depositary Shares each representing two (2) Ordinary Shares,NYSE,Finance,Finance: Consumer Services,1300033338.0,1.5,487630
LUCK,Lucky Strike Entertainment Corporation Class A Common Stock,NYSE,Consumer Discretionary,Services-Misc. Amusement & Recreation,912636216.0,6.68,41368
LUMN,Lumen Technologies Inc. Common Stock,NYSE,Telecommunications,Telecommunications Equipment,6436219321.0,6.24,20998573
LUV,Southwest Airlines Company Common Stock,NYSE,Consumer Discretionary,Air Freight/Delivery Services,23017245857.0,47.05,3764397
LUXE,LuxExperience B.V. American Depositary Shares each representing one Ordinary Share,NYSE,Consumer Discretionary,Catalog/Specialty Distribution,1104631474.0,8.1,180157
LVS,Las Vegas Sands Corp. Common Stock,NYSE,Consumer Discretionary,Hotels/Resorts,29645283192.0,45.77,4075966
LVWR,LiveWire Group Inc. Common Stock,NYSE,Consumer Discretionary,Motor Vehicles,221845454.0,1.08,792918
LW,Lamb Weston Holdings Inc. Common Stock ,NYSE,Consumer Staples,Packaged Foods,7186132445.0,52.27,1037970
LXP,LXP Industrial Trust Common Stock (Maryland REIT),NYSE,Real Estate,Real Estate Investment Trusts,3570451908.0,60.56,606769
LXU,LSB Industries Inc. Common Stock,NYSE,Basic Materials,Major Chemicals,692615988.0,9.62,1073756
LYB,LyondellBasell Industries NV Ordinary Shares Class A (Netherlands),NYSE,Industrials,Major Chemicals,19249831560.0,59.59,4891908
LYG,Lloyds Banking Group Plc American Depositary Shares,NYSE,Finance,Commercial Banks,93075967380.0,6.28,13502368
LYV,Live Nation Entertainment Inc. Common Stock,NYSE,Consumer Discretionary,Services-Misc. Amusement & Recreation,42569613148.0,180.66,1336094
LZB,La-Z-Boy Incorporated Common Stock,NYSE,Consumer Discretionary,Home Furnishings,1686072263.0,42.14,467800
LZM,Lifezone Metals Limited Ordinary Shares,NYSE,Basic Materials,Metal Mining,370447975.0,4.12,827619
M,Macy's Inc Common Stock,NYSE,Consumer Discretionary,Department/Specialty Retail Stores,6681164032.0,25.4,3736742
MA,Mastercard Incorporated Common Stock,NYSE,Consumer Discretionary,Business Services,493149795723.0,562.95,3018520
MAA,Mid-America Apartment Communities Inc. Common Stock,NYSE,Real Estate,Real Estate Investment Trusts,15658323317.0,134.96,864662
MAC,Macerich Company (The) Common Stock,NYSE,Real Estate,Real Estate Investment Trusts,6918848750.0,24.4,15264665
MAGN,Magnera Corporation Common Stock,NYSE,Basic Materials,Paper,462178000.0,12.91,1201966
MAIN,Main Street Capital Corporation Common Stock,NYSE,Finance,Finance/Investors Services,5480821052.0,58.94,1321518
MAIR,Madison Air Solutions Corporation Class A Common Stock,NYSE,Industrials,Pollution Control Equipment,15598556007.0,31.09,1431559
MAN,ManpowerGroup Common Stock,NYSE,Consumer Discretionary,Professional Services,2632315557.0,56.6,904633
MANE,Veradermics Incorporated Common Stock,NYSE,Health Care,Biotechnology: Pharmaceutical Preparations,4779064006.0,114.39,542291
MANU,Manchester United Ltd. Class A Ordinary Shares,NYSE,Consumer Discretionary,Services-Misc. Amusement & Recreation,3729636220.0,21.63,228914
MAS,Masco Corporation Common Stock,NYSE,Industrials,Industrial Specialties,15283997699.0,77.51,1838991
MATV,Mativ Holdings Inc. Common Stock,NYSE,Basic Materials,Paper,710463647.0,12.89,1414662
MATX,Matson Inc. Common Stock,NYSE,Consumer Discretionary,Marine Transportation,6183138011.0,206.77,224637
MAX,MediaAlpha Inc. Class A Common Stock,NYSE,Consumer Discretionary,Business Services,820937305.0,13.4,919631
MBC,MasterBrand Inc. Common Stock,NYSE,Consumer Discretionary,Home Furnishings,1906705891.0,9.37,2244799
MBGL,Mobility Global Inc. Common Stock,NYSE,Consumer Discretionary,Business Services,6304000000.0,19.7,10921217
MBI,MBIA Inc. Common Stock,NYSE,Finance,Property-Casualty Insurers,260272939.0,5.11,1177254
MC,Moelis & Company Class A Common Stock,NYSE,Finance,Investment Managers,5215068001.0,66.63,759995
MCB,Metropolitan Bank Holding Corp. Common Stock,NYSE,Finance,Major Banks,1151257665.0,92.86,70540
MCD,McDonald's Corporation Common Stock,NYSE,Consumer Discretionary,Restaurants,195019648178.0,274.48,4906429
MCI,Barings Corporate Investors Common Stock,NYSE,Finance,Trusts Except Educational Religious and Charitable,339789028.0,16.77,44665
MCK,McKesson Corporation Common Stock,NYSE,Health Care,Other Pharmaceuticals,101384647858.0,869.58,1562188
MCO,Moody's Corporation Common Stock,NYSE,Finance,Finance: Consumer Services,82746300000.0,477.75,695667
MCS,Marcus Corporation (The) Common Stock,NYSE,Consumer Discretionary,Movies/Entertainment,945005673.0,30.65,437584
MCY,Mercury General Corporation Common Stock,NYSE,Finance,Property-Casualty Insurers,6065054657.0,109.5,276984
MD,Pediatrix Medical Group Inc. Common Stock,NYSE,Health Care,Hospital/Nursing Management,2200338579.0,27.08,898490
MDA,MDA Space Ltd. Common Shares,NYSE,Consumer Discretionary,Electronic Components,4796228473.0,34.59,1804251
MDT,Medtronic plc. Ordinary Shares,NYSE,Health Care,Biotechnology: Electromedical & Electrotherapeutic Apparatus,111568738760.0,87.16,5055749
MDU,MDU Resources Group Inc. Common Stock (Holding Company),NYSE,Industrials,Mining & Quarrying of Nonmetallic Minerals (No Fuels),4295073793.0,20.55,1730340
MDV,Modiv Industrial Inc. Class C Common Stock,NYSE,Real Estate,Real Estate Investment Trusts,187168137.0,18.13,32644
MEC,Mayville Engineering Company Inc. Common Stock,NYSE,Industrials,Industrial Specialties,616598004.0,24.18,783789
MED,MEDIFAST INC Common Stock,NYSE,Consumer Staples,Packaged Foods,141100472.0,12.62,140520
MEGI,NYLI CBRE Global Infrastructure Megatrends Term Fund Common Shares,NYSE,Finance,Investment Managers,0.0,15.21,103513
MEI,Methode Electronics Inc. Common Stock,NYSE,Technology,Electrical Products,591315006.0,16.67,470571
MET,MetLife Inc. Common Stock,NYSE,Finance,Life Insurance,62908813883.0,97.77,4312833
MFA,MFA Financial Inc.,NYSE,Real Estate,Real Estate Investment Trusts,933041668.0,9.23,1597489
MFAN,MFA Financial Inc. 8.875% Senior Notes due 2029,NYSE,Real Estate,Real Estate Investment Trusts,2562600535.0,24.9599,25540
MFAO,MFA Financial Inc. 9.000% Senior Notes due 2029,NYSE,Real Estate,Real Estate Investment Trusts,2572877672.0,25.06,8671
MFC,Manulife Financial Corporation Common Stock,NYSE,Finance,Life Insurance,73965227580.0,44.32,2077565
MFG,Mizuho Financial Group Inc. Sponosred ADR (Japan),NYSE,Finance,Major Banks,133331392209.0,10.71,2774048
MFM,Aberdeen Municipal Income Fund Common Shares of Beneficial Interest,NYSE,Finance,Finance Companies,224060713.0,5.44,314694
MG,Mistras Group Inc Common Stock,NYSE,Consumer Discretionary,Military/Government/Technical,511612230.0,16.08,99984
MGA,Magna International Inc. Common Stock,NYSE,Consumer Discretionary,Auto Parts:O.E.M.,18677367785.0,70.36,1193710
MGF,Aberdeen Government Markets Income Fund Common Shares of Beneficial Interest,NYSE,Finance,Trusts Except Educational Religious and Charitable,92250622.0,2.83,31637
MGM,MGM Resorts International Common Stock,NYSE,Consumer Discretionary,Hotels/Resorts,11487630169.0,44.47,2842683
MGR,Affiliated Managers Group Inc. 5.875% Junior Subordinated Notes due 2059,NYSE,Finance,Investment Managers,570798346.0,20.09,14823
MGRB,Affiliated Managers Group Inc. 4.750% Junior Subordinated Notes due 2060,NYSE,Finance,Investment Managers,471356125.0,16.59,5082
MGRD,Affiliated Managers Group Inc. 4.200% Junior Subordinated Notes due 2061,NYSE,Finance,Investment Managers,425612704.0,14.98,8092
MGRE,Affiliated Managers Group Inc. 6.750% Junior Subordinated Notes due 2064,NYSE,Finance,Investment Managers,648962772.0,22.8411,17755
MGY,Magnolia Oil & Gas Corporation Class A Common Stock,NYSE,Energy,Oil & Gas Production,5768932298.0,25.08,3649279
MH,McGraw Hill Inc. Common Stock,NYSE,Consumer Discretionary,Publishing,2218803549.0,11.6,363348
MHD,Blackrock MuniHoldings Fund Inc. Common Stock,NYSE,Finance,Investment Bankers/Brokers/Service,1728619913.0,11.62,472401
MHF,Western Asset Municipal High Income Fund Inc. Common Stock,NYSE,Finance,Finance/Investors Services,0.0,6.9,69116
MHK,Mohawk Industries Inc. Common Stock,NYSE,Consumer Discretionary,Home Furnishings,9216452009.0,136.06,851404
MHLA,Maiden Holdings Ltd. 6.625% Notes due 2046,NYSE,Finance,Property-Casualty Insurers,82258144.0,10.625,333
MHNC,Maiden Holdings North America Ltd. 7.75% Notes due 2043,NYSE,Finance,Property-Casualty Insurers,92438799.0,11.94,2491
MHO,M/I Homes Inc. Common Stock,NYSE,Consumer Discretionary,Homebuilding,3842767882.0,151.99,192071
MIAX,Miami International Holdings Inc. Common Stock,NYSE,Finance,Investment Bankers/Brokers/Service,4197740414.0,44.23,1053626
MICC,The Magnum Ice Cream Company N.V. Ordinary Shares,NYSE,Consumer Staples,Specialty Foods,11798245171.0,19.27,658115
MIN,Aberdeen Intermediate Income Fund Common Shares of Beneficial Interest,NYSE,Finance,Trusts Except Educational Religious and Charitable,280350561.0,2.44,255524
MIR,Mirion Technologies Inc. Class A Common Stock,NYSE,Industrials,Industrial Machinery/Components,3912381434.0,15.71,2880779
MITN,TPG Mortgage Investment Trust Inc. 9.500% Senior Notes due 2029,NYSE,Real Estate,Real Estate Investment Trusts,748089539.0,25.365,1809
MITP,TPG Mortgage Investment Trust Inc. 9.500% Senior Notes due 2029,NYSE,Real Estate,Real Estate Investment Trusts,740863758.0,25.12,1183
MITT,TPG Mortgage Investment Trust Inc. Common Stock,NYSE,Real Estate,Real Estate Investment Trusts,225486638.0,7.09,409538
MIY,Blackrock MuniYield Michigan Quality Fund Inc. Common Stock,NYSE,Finance,Investment Bankers/Brokers/Service,1813414521.0,12.19,94501
MKC,McCormick & Company Incorporated Common Stock,NYSE,Consumer Staples,Packaged Foods,14238378194.0,52.96,1533092
MKL,Markel Group Inc. Common Stock,NYSE,Finance,Property-Casualty Insurers,23231790748.0,1875.05,51176
MLI,Mueller Industries Inc. Common Stock,NYSE,Industrials,Metal Fabrications,15228338564.0,68.85,759359
MLM,Martin Marietta Materials Inc. Common Stock,NYSE,Industrials,Mining & Quarrying of Nonmetallic Minerals (No Fuels),32950317300.0,548.57,453667
MLP,Maui Land & Pineapple Company Inc. Common Stock,NYSE,Finance,Real Estate,344054976.0,17.32,30324
MLR,Miller Industries Inc. Common Stock,NYSE,Consumer Discretionary,Construction/Ag Equipment/Trucks,619148115.0,54.54,122310
MMD,NYLI MacKay DefinedTerm Muni Opportunities Fund Common Shares,NYSE,Finance,Investment Managers,0.0,15.01,44427
MMI,Marcus & Millichap Inc. Common Stock,NYSE,Finance,Real Estate,1190630516.0,31.48,118031
MMM,3M Company Common Stock,NYSE,Health Care,Medical/Dental Instruments,94325630069.0,182.9,2430400
MMS,Maximus Inc. Common Stock,NYSE,Consumer Discretionary,Business Services,3109864086.0,59.19,1378488
MMT,Aberdeen Multi-Market Income Fund Common Shares of Beneficial Interest,NYSE,Finance,Trusts Except Educational Religious and Charitable,264394474.0,4.44,229700
MMU,Western Asset Managed Municipals Fund Inc. Common Stock,NYSE,Finance,Investment Managers,0.0,10.14,96724
MNR,Mach Natural Resources LP Common Units representing Limited Partner Interests,NYSE,Energy,Oil & Gas Production,2161750512.0,12.96,522614
MNSO,MINISO Group Holding Limited American Depositary Shares each representing four Ordinary Shares,NYSE,Consumer Discretionary,Department/Specialty Retail Stores,3882857602.0,12.55,347686
MNTN,MNTN Inc. Class A Common Stock,NYSE,Consumer Discretionary,Advertising,866781769.0,11.11,1056943
MO,Altria Group Inc.,NYSE,Health Care, Medicinal Chemicals and Botanical Products ,114126997342.0,68.35,9489442
MOD,Modine Manufacturing Company Common Stock,NYSE,Consumer Discretionary,Auto Parts:O.E.M.,10388845685.0,195.6,1182968
MOGU,MOGU Inc. American Depositary Shares (each  representing 25 Class A Ordinary Shares),NYSE,Consumer Discretionary,Business Services,15302758.0,1.87,2864
MOH,Molina Healthcare Inc Common Stock,NYSE,Health Care,Medical Specialities,10254690000.0,196.45,438123
MOS,Mosaic Company (The) Common Stock,NYSE,Industrials,Agricultural Chemicals,7330673597.0,23.06,5694426
MOV,Movado Group Inc. Common Stock,NYSE,Consumer Discretionary,Consumer Specialties,841078497.0,37.84,128189
MP,MP Materials Corp. Common Stock,NYSE,Basic Materials,Metal Mining,9098714540.0,51.11,12350681
MPA,Blackrock MuniYield Pennsylvania Quality Fund Common Stock,NYSE,Finance,Finance Companies,0.0,11.095,9687
MPC,Marathon Petroleum Corporation Common Stock,NYSE,Energy,Integrated oil Companies,83741944327.0,298.2,2299244
MPLX,MPLX LP Common Units Representing Limited Partner Interests,NYSE,Energy,Natural Gas Distribution,59665558071.0,58.85,1937422
MPT,Medical Properties Trust Inc. common stock,NYSE,Real Estate,Real Estate Investment Trusts,2811070000.0,4.7,5175128
MPV,Barings Participation Investors Common Stock,NYSE,Finance,Finance Companies,173549829.0,16.37,30259
MQY,Blackrock MuniYield Quality Fund Inc. Common Stock,NYSE,Finance,Investment Bankers/Brokers/Service,1691429295.0,11.37,433376
MRK,Merck & Company Inc. Common Stock (new),NYSE,Health Care,Biotechnology: Pharmaceutical Preparations,317570023281.0,128.58,7347395
MRP,Millrose Properties Inc. Class A Common Stock,NYSE,Finance,Real Estate,4812068924.0,28.98,959924
MRSH,Marsh Common Stock,NYSE,Finance,Specialty Insurers,91457539512.0,191.65,1688932
MS,Morgan Stanley Common Stock,NYSE,Finance,Investment Bankers/Brokers/Service,339760605948.0,216.33,5225790
MSA,MSA Safety Incorporated Common Stock,NYSE,Health Care,Industrial Specialties,7491517941.0,194.19,471446
MSB,Mesabi Trust Common Stock,NYSE,Industrials,Precious Metals,305958633.0,23.32,22940
MSC,Studio City International Holdings Limited American depositary shares each representing four  Class A ordinary shares,NYSE,Consumer Discretionary,Hotels/Resorts,381396168.0,1.81,812117
MSCI,MSCI Inc. Common Stock,NYSE,Consumer Discretionary,Business Services,40942459000.0,563.17,617270
MSD,Morgan Stanley Emerging Markets Debt Fund Inc. Common Stock,NYSE,Finance,Trusts Except Educational Religious and Charitable,0.0,7.33,49693
MSGE,Madison Square Garden Entertainment Corp. Class A Common Stock,NYSE,Consumer Discretionary,Services-Misc. Amusement & Recreation,3621215663.0,76.55,278984
MSGS,Madison Square Garden Sports Corp. Class A Common Stock (New),NYSE,Consumer Discretionary,Services-Misc. Amusement & Recreation,9389440969.0,389.99,185478
MSI,Motorola Solutions Inc. Common Stock,NYSE,Technology,Radio And Television Broadcasting And Communications Equipment,77376620579.0,467.55,996282
MSIF,MSC Income Fund Inc. Common Stock,NYSE,Finance,Finance/Investors Services,565908458.0,12.48,814383
MSM,MSC Industrial Direct Company Inc. Common Stock,NYSE,Industrials,Industrial Machinery/Components,6864626950.0,122.92,825639
MT,Arcelor Mittal NY Registry Shares NEW,NYSE,Industrials,Steel/Iron Ore,55782911275.0,73.29,1306778
MTAL,Metals Acquisition Corp. II Class A Ordinary Shares,NYSE,Basic Materials,Metal Mining,836989645.0,10.15,6134
MTB,M&T Bank Corporation Common Stock,NYSE,Finance,Major Banks,36169052818.0,250.45,732536
MTD,Mettler-Toledo International Inc. Common Stock,NYSE,Industrials,Biotechnology: Laboratory Analytical Instruments,28641459628.0,1429.46,123699
MTDR,Matador Resources Company Common Stock,NYSE,Energy,Oil & Gas Production,6092183817.0,49.06,2409511
MTG,MGIC Investment Corporation Common Stock,NYSE,Finance,Property-Casualty Insurers,6252205123.0,30.48,1573116
MTH,Meritage Homes Corporation Common Stock,NYSE,Consumer Discretionary,Homebuilding,4861335597.0,74.59,934818
MTN,Vail Resorts Inc. Common Stock,NYSE,Consumer Discretionary,Services-Misc. Amusement & Recreation,5303337675.0,148.83,268582
MTR,Mesa Royalty Trust Common Stock,NYSE,Energy,Oil & Gas Production,5329867.0,2.86,3148
MTRN,Materion Corporation,NYSE,Industrials,Industrial Specialties,6042821936.0,290.05,448494
MTUS,Metallus Inc. Common Shares,NYSE,Industrials,Steel/Iron Ore,898205984.0,21.67,447329
MTW,Manitowoc Company Inc. (The) Common Stock,NYSE,Industrials,Construction/Ag Equipment/Trucks,675459275.0,18.81,1345110
MTX,Minerals Technologies Inc. Common Stock,NYSE,Basic Materials,Major Chemicals,2343684491.0,75.29,180500
MTZ,MasTec Inc. Common Stock,NYSE,Industrials,Water Sewer Pipeline Comm & Power Line Construction,21879886132.0,272.46,1771658
MUA,Blackrock MuniAssets Fund Inc Common Stock,NYSE,Finance,Investment Bankers/Brokers/Service,1526302952.0,10.26,356407
MUC,Blackrock MuniHoldings California Quality Fund Inc.  Common Stock,NYSE,Finance,Investment Bankers/Brokers/Service,1593246064.0,10.71,367085
MUFG,Mitsubishi UFJ Financial Group Inc. Common Stock,NYSE,Finance,Commercial Banks,266904818591.0,22.49,2196939
MUJ,Blackrock MuniHoldings New Jersey Quality Fund Inc. Common Stock,NYSE,Finance,Investment Bankers/Brokers/Service,1828290769.0,12.29,93663
MUR,Murphy Oil Corporation Common Stock,NYSE,Energy,Oil & Gas Production,4784628141.0,33.37,2230031
MUSA,Murphy USA Inc. Common Stock,NYSE,Consumer Discretionary,Retail-Auto Dealers and Gas Stations,9606049148.0,520.07,418565
MUX,McEwen Inc. Common Stock,NYSE,Basic Materials,Precious Metals,1177470882.0,19.19,1176042
MWA,MUELLER WATER PRODUCTS Common Stock,NYSE,Industrials,Metal Fabrications,4169954255.0,26.65,988012
MX,Magnachip Semiconductor Corporation Common Stock,NYSE,Technology,Semiconductors,145034599.0,3.98,1278207
MXE,Mexico Equity and Income Fund Inc. (The) Common Stock,NYSE,Finance,Finance Companies,0.0,13.5483,1003
MXF,Mexico Fund Inc. (The) Common Stock,NYSE,Finance,Trusts Except Educational Religious and Charitable,0.0,21.87,37546
MYE,Myers Industries Inc. Common Stock,NYSE,Industrials,Plastic Products,1292933066.0,34.37,311754
MYI,Blackrock MuniYield Quality Fund III Inc Common Stock,NYSE,Finance,Investment Bankers/Brokers/Service,1612585186.0,10.84,367528
MYN,Blackrock MuniYield New York Quality Fund Inc.Common Stock,NYSE,Finance,Finance Companies,0.0,9.85,225047
NABL,N-able Inc. Common Stock,NYSE,Technology,Computer Software: Prepackaged Software,940007667.0,4.99,1462628
NAC,Nuveen California Quality Municipal Income Fund,NYSE,Finance,Investment Managers,0.0,11.84,479131
NAD,Nuveen Quality Municipal Income Fund Common Stock,NYSE,Finance,Investment Managers,0.0,11.89,553558
NAN,Nuveen New York Quality Municipal Income Fund Common Stock,NYSE,Finance,Investment Managers,3416168540.0,11.3,103655
NAT,Nordic American Tankers Limited Common Stock,NYSE,Consumer Discretionary,Marine Transportation,1367909283.0,6.46,2087720
NATL,NCR Atleos Corporation Common Stock,NYSE,Miscellaneous,Office Equipment/Supplies/Services,3442119186.0,46.58,575461
NAZ,Nuveen Arizona Quality Municipal Income Fund Common Stock,NYSE,Finance,Finance/Investors Services,0.0,12.34,14441
NBB,Nuveen Taxable Municipal Income Fund Common Shares of Beneficial Interest,NYSE,Finance,Finance Companies,0.0,15.4,41026
NBHC,National Bank Holdings Corporation Common Stock,NYSE,Finance,Major Banks,1898275493.0,42.62,329570
NBR,Nabors Industries Ltd.,NYSE,Energy,Oil & Gas Production,1302284670.0,81.59,157782
NBXG,Neuberger Next Generation Connectivity Fund Inc. Common Stock,NYSE,Finance,Trusts Except Educational Religious and Charitable,0.0,15.26,144787
NC,NACCO Industries Inc. Common Stock,NYSE,Energy,Coal Mining,319753467.0,42.37,14284
NCA,Nuveen California Municipal Value Fund,NYSE,Finance,Investment Managers,0.0,9.11,21056
NCLH,Norwegian Cruise Line Holdings Ltd. Ordinary Shares,NYSE,Consumer Discretionary,Marine Transportation,8839366036.0,19.25,14421037
NCV,Virtus Convertible & Income Fund Common Shares of Beneficial Interest,NYSE,Finance,Finance Companies,1558944065.0,17.25,69982
NCZ,Virtus Convertible & Income Fund II Common Shares of Beneficial Interest,NYSE,Finance,Finance Companies,1204912307.0,15.83,52584
NDMO,Nuveen Dynamic Municipal Opportunities Fund Common Shares of Beneficial Interest,NYSE,Finance,Trusts Except Educational Religious and Charitable,595841645.0,10.02,273406
NE,Noble Corporation plc A Ordinary Shares,NYSE,Energy,Oil & Gas Production,6508613228.0,40.77,1026457
NEA,Nuveen AMT-Free Quality Municipal Income Fund Common Shares of Beneficial Interest Par Value $.01,NYSE,Finance,Finance/Investors Services,0.0,11.43,854442
NEE,NextEra Energy Inc. Common Stock,NYSE,Utilities,Electric Utilities: Central,176578055392.0,84.65,9321991
NEM,Newmont Corporation,NYSE,Basic Materials,Precious Metals,119046152778.0,112.98,10661720
NET,Cloudflare Inc. Class A Common Stock,NYSE,Technology,Computer Software: Prepackaged Software,106135318695.0,300.27,8766325
NEU,NewMarket Corp Common Stock,NYSE,Industrials,Major Chemicals,8182134382.0,889.71,132764
NEXA,Nexa Resources S.A. Common Shares,NYSE,Basic Materials,Metal Mining,1867389900.0,14.1,710142
NFG,National Fuel Gas Company Common Stock,NYSE,Utilities,Oil/Gas Transmission,7654932273.0,80.54,673765
NFJ,Virtus Dividend Interest & Premium Strategy Fund Common Shares of Beneficial Interest,NYSE,Finance,Finance: Consumer Services,0.0,15.42,96516
NGG,National Grid Transco PLC National Grid PLC (NEW) American Depositary Shares,NYSE,Utilities,Natural Gas Distribution,80257950060.0,80.88,610652
NGL,NGL ENERGY PARTNERS LP Common Units representing Limited Partner Interests,NYSE,Utilities,Natural Gas Distribution,2106865198.0,16.88,195401
NGS,Natural Gas Services Group Inc. Common Stock,NYSE,Energy,Oilfield Services/Equipment,466265489.0,37.01,81491
NGVC,Natural Grocers by Vitamin Cottage Inc. Common Stock,NYSE,Consumer Staples,Food Chains,654127915.0,28.39,603044
NGVT,Ingevity Corporation Common Stock ,NYSE,Industrials,Major Chemicals,2675289890.0,77.82,252513
NHI,National Health Investors Inc. Common Stock,NYSE,Real Estate,Real Estate Investment Trusts,3649872249.0,75.3,291716
NI,NiSource Inc Common Stock,NYSE,Utilities,Power Generation,20434055861.0,42.61,7665850
NIC,Nicolet Bankshares Inc. Common Stock,NYSE,Finance,Major Banks,3616009293.0,172.54,219397
NIE,Virtus Equity & Convertible Income Fund Common Shares of Beneficial Interest,NYSE,Finance,Investment Managers,731516676.0,26.4,20591
NIM,Nuveen Select Maturities Municipal Fund Common Stock,NYSE,Finance,Trusts Except Educational Religious and Charitable,0.0,9.365,769
NIO,NIO Inc. American depositary shares each  representing one Class A ordinary share,NYSE,Industrials,Auto Manufacturing,11876861684.0,4.74,25039597
NIQ,NIQ Global Intelligence plc Ordinary Shares,NYSE,Technology,Computer Software: Programming Data Processing,3447192475.0,11.68,1439993
NJR,NewJersey Resources Corporation Common Stock,NYSE,Utilities,Oil/Gas Transmission,5582766389.0,55.02,576984
NKE,Nike Inc. Common Stock,NYSE,Consumer Discretionary,Shoe Manufacturing,61861895915.0,41.7,21997264
NKX,Nuveen California AMT-Free Quality Municipal Income Fund,NYSE,Finance,Finance/Investors Services,0.0,12.3,109386
NL,NLI Holdings Inc. Common Stock,NYSE,Basic Materials,Major Chemicals,317352784.0,6.49,54400
NLOP,Net Lease Office Properties Common Shares of Beneficial Interest,NYSE,Real Estate,Real Estate Investment Trusts,171398848.0,11.57,105305
NLY,Annaly Capital Management Inc. Common Stock,NYSE,Real Estate,Real Estate Investment Trusts,17365580744.0,23.04,8437599
NMAI,Nuveen Multi-Asset Income Fund Common Shares of Beneficial Interest,NYSE,Finance,Investment Managers,0.0,14.5,153251
NMAX,Newsmax Inc. Class B Common Stock,NYSE,Industrials,Broadcasting,1158570986.0,8.97,686796
NMCO,Nuveen Municipal Credit Opportunities Fund Common Shares,NYSE,Finance,Finance/Investors Services,577839051.0,10.55,199523
NMG,Nouveau Monde Graphite Inc. Common Shares,NYSE,Basic Materials,Other Metals and Minerals,454177775.0,1.38,933009
NMI,Nuveen Municipal Income Fund Inc. Common Stock,NYSE,Finance,Trusts Except Educational Religious and Charitable,0.0,10.7976,30195
NMM,Navios Maritime Partners LP Common Units Representing Limited Partner Interests,NYSE,Consumer Discretionary,Marine Transportation,2314505160.0,79.35,56306
NMR,Nomura Holdings Inc ADR American Depositary Shares,NYSE,Finance,Investment Bankers/Brokers/Service,28868305379.0,9.95,472740
NMS,Nuveen Minnesota Quality Municipal Income Fund ,NYSE,Finance,Finance Companies,0.0,11.58,10057
NMT,Nuveen Massachusetts Quality Municipal Income Fund Common Stock,NYSE,Finance,Finance/Investors Services,0.0,12.61,6685
NMZ,Nuveen Municipal High Income Opportunity Fund Common Stock $0.01 par value per share,NYSE,Finance,Finance/Investors Services,0.0,10.29,871178
NNI,Nelnet Inc. Common Stock,NYSE,Finance,Finance: Consumer Services,4723886664.0,131.46,196709
NNN,NNN REIT Inc. Common Stock,NYSE,Real Estate,Real Estate Investment Trusts,8990066776.0,46.84,1244496
NNY,Nuveen New York Municipal Value Fund Common Stock,NYSE,Finance,Investment Managers,0.0,8.31,70097
NOA,North American Construction Group Ltd. Common Shares (no par),NYSE,Energy,Oilfield Services/Equipment,411740950.0,14.58,38178
NOAH,Noah Holdings Limited American Depositary Shares,NYSE,Finance,Investment Managers,588713548.0,8.78,187176
NOC,Northrop Grumman Corporation Common Stock,NYSE,Industrials,Industrial Machinery/Components,81200384401.0,571.58,442857
NOG,Northern Oil and Gas Inc. Common Stock,NYSE,Energy,Oil & Gas Production,2285088257.0,21.6,3315809
NOK,Nokia Corporation Sponsored American Depositary Shares,NYSE,Technology,Radio And Television Broadcasting And Communications Equipment,53747363555.0,9.36,49969760
NOMD,Nomad Foods Limited Ordinary Shares,NYSE,Consumer Staples,Packaged Foods,1703612243.0,11.99,745639
NOV,NOV Inc. Common Stock,NYSE,Consumer Discretionary,Oil and Gas Field Machinery,7004795156.0,19.65,2019177
NOW,ServiceNow Inc. Common Stock,NYSE,Technology,Computer Software: Prepackaged Software,129125920000.0,124.88,26656082
NP,Neptune Insurance Holdings Inc. Class A Common Stock,NYSE,Finance,Specialty Insurers,4394203542.0,32.02,515949
NPB,Northpointe Bancshares Inc. Common Stock,NYSE,Finance,Major Banks,591695317.0,17.11,128953
NPCT,Nuveen Core Plus Impact Fund Common Shares of Beneficial Interest,NYSE,Finance,Investment Managers,0.0,9.81,51491
NPFD,Nuveen Variable Rate Preferred & Income Fund Common Shares,NYSE,Finance,Trusts Except Educational Religious and Charitable,0.0,18.47,74977
NPK,National Presto Industries Inc. Common Stock,NYSE,Industrials,Ordnance And Accessories,988496471.0,137.99,81356
NPKI,NPK International Inc. Common Stock,NYSE,Industrials,Misc Corporate Leasing Services,1144585371.0,13.48,531660
NPO,Enpro Inc. Common Stock,NYSE,Industrials,Metal Fabrications,7048414419.0,332.98,109622
NPV,Nuveen Virginia Quality Municipal Income Fund Common Stock,NYSE,Finance,Investment Managers,0.0,10.96,37774
NPWR,NET Power Inc. Class A Common Stock,NYSE,Energy,Industrial Machinery/Components,341637755.0,1.52,331517
NRDY,Nerdy Inc. Class A Common Stock,NYSE,Real Estate,Other Consumer Services,144242962.0,0.7561,1305561
NREF,NexPoint Real Estate Finance Inc. Common Stock,NYSE,Real Estate,Real Estate Investment Trusts,339542481.0,18.17,61295
NRG,NRG Energy Inc. Common Stock,NYSE,Utilities,Electric Utilities: Central,24832164357.0,118.13,3601439
NRGV,Energy Vault Holdings Inc. Common Stock,NYSE,Miscellaneous,Industrial Machinery/Components,632525052.0,3.49,19449670
NRK,Nuveen New York AMT-Free Quality Municipal Income Fund ,NYSE,Finance,Trusts Except Educational Religious and Charitable,0.0,10.46,386020
NRP,Natural Resource Partners LP Limited Partnership,NYSE,Energy,Coal Mining,1417264068.0,106.96,77240
NRT,North European Oil Royality Trust Common Stock,NYSE,Energy,Oil & Gas Production,80969098.0,8.81,12243
NRUC,National Rural Utilities Cooperative Finance Corporation 5.500% Subordinated Notes due 2064 (Subordinated Deferrable Interest Notes),NYSE,Finance,Diversified Financial Services,0.0,22.12,19139
NSC,Norfolk Southern Corporation Common Stock,NYSE,Industrials,Railroads,75100055596.0,334.36,2393646
NSP,Insperity Inc. Common Stock,NYSE,Consumer Discretionary,Professional Services,2006015580.0,52.52,598789
NTB,Bank of N.T. Butterfield & Son Limited (The) Voting Ordinary Shares,NYSE,Finance,Commercial Banks,2492800000.0,62.32,140477
NTR,Nutrien Ltd. Common Shares,NYSE,Industrials,Agricultural Chemicals,31048007050.0,64.42,3079861
NTST,NetSTREIT Corp. Common Stock,NYSE,Real Estate,Real Estate Investment Trusts,2100614279.0,20.69,1503423
NTZ,Natuzzi S.p.A.,NYSE,Consumer Discretionary,Home Furnishings,14539284.0,1.32,21030
NU,Nu Holdings Ltd. Class A Ordinary Shares,NYSE,Finance,Finance: Consumer Services,67202523067.0,13.84,47648177
NUE,Nucor Corporation Common Stock,NYSE,Industrials,Steel/Iron Ore,62089015199.0,272.63,1045713
NUS,Nu Skin Enterprises Inc. Common Stock,NYSE,Health Care,Other Pharmaceuticals,266542481.0,5.49,512407
NUV,Nuveen Municipal Value Fund Inc. Common Stock,NYSE,Finance,Trusts Except Educational Religious and Charitable,0.0,9.1,601598
NUVB,Nuvation Bio Inc. Class A Common Stock,NYSE,Health Care,Biotechnology: Pharmaceutical Preparations,2298133009.0,6.6,5773676
NUW,Nuveen AMT-Free Municipal Value Fund,NYSE,Finance,Investment Managers,0.0,14.02,34923
NVG,Nuveen AMT-Free Municipal Credit Income Fund ,NYSE,Finance,Investment Managers,0.0,12.52,487974
NVGS,Navigator Holdings Ltd. Ordinary Shares (Marshall Islands),NYSE,Consumer Discretionary,Marine Transportation,1348726677.0,20.67,331033
NVO,Novo Nordisk A/S Common Stock,NYSE,Health Care,Biotechnology: Pharmaceutical Preparations,209263996375.0,47.26,12069662
NVR,NVR Inc. Common Stock,NYSE,Consumer Discretionary,Homebuilding,17028828480.0,6390.14,40195
NVRI,Enviri Corporation Common Stock,NYSE,Miscellaneous,Diversified Commercial Services,1825312636.0,22.07,238759
NVS,Novartis AG Common Stock,NYSE,Health Care,Biotechnology: Pharmaceutical Preparations,298301351978.0,156.33,1309131
NVST,Envista Holdings Corporation Common Stock,NYSE,Health Care,Medical/Dental Instruments,4521388508.0,28.15,4070970
NVT,nVent Electric plc Ordinary Shares ,NYSE,Industrials,Industrial Machinery/Components,26656383974.0,164.69,1434935
NWG,NatWest Group plc American Depositary Shares (each representing two (2) Ordinary Shares),NYSE,Finance,Commercial Banks,78938465668.0,19.19,2221247
NWN,Northwest Natural Holding Company Common Stock,NYSE,Utilities,Oil/Gas Transmission,2124460863.0,50.47,235875
NX,Quanex Building Products Corporation Common Stock,NYSE,Industrials,Metal Fabrications,1009496671.0,21.98,369400
NXDR,Nextdoor Holdings Inc. Class A Common Stock,NYSE,Technology,Computer Software: Programming Data Processing,986463425.0,2.55,3001076
NXDT,NexPoint Diversified Real Estate Trust Common Stock,NYSE,Real Estate,Real Estate Investment Trusts,238446617.0,4.61,87810
NXE,Nexgen Energy Ltd. Common Shares,NYSE,Basic Materials,Other Metals and Minerals,6993378633.0,10.43,3669729
NXP,Nuveen Select Tax Free Income Portfolio Common Stock,NYSE,Finance,Trusts Except Educational Religious and Charitable,668291334.0,14.28,122630
NXRT,NexPoint Residential Trust Inc. Common Stock,NYSE,Real Estate,Real Estate Investment Trusts,652286726.0,25.53,233270
NYC,American Strategic Investment Co. Class A Common Stock,NYSE,Real Estate,Real Estate Investment Trusts,23482446.0,8.72,7810
NYT,New York Times Company (The) Common Stock,NYSE,Consumer Discretionary,Newspapers/Magazines,10198351851.0,63.54,3498860
NZF,Nuveen Municipal Credit Income Fund ,NYSE,Finance,Finance Companies,0.0,12.46,533932
O,Realty Income Corporation Common Stock,NYSE,Real Estate,Real Estate Investment Trusts,58290108050.0,62.51,4779653
OBDC,Blue Owl Capital Corporation Common Stock,NYSE,Finance,Diversified Financial Services,5740179503.0,11.64,8769323
OBK,Origin Bancorp Inc. Common Stock,NYSE,Finance,Major Banks,1660946664.0,53.84,189888
OC,Owens Corning Inc Common Stock New,NYSE,Industrials,Industrial Machinery/Components,12418548099.0,157.1,1142578
ODC,Oil-Dri Corporation Of America Common Stock,NYSE,Consumer Discretionary,Miscellaneous manufacturing industries,1344372605.0,92.79,260857
OEC,Orion S.A. Common Shares,NYSE,Industrials,Major Chemicals,409224341.0,7.24,560243
OFG,OFG Bancorp Common Stock,NYSE,Finance,Major Banks,2210113849.0,52.3,175180
OFRM,Once Upon a Farm PBC Common Stock,NYSE,Consumer Staples,Packaged Foods,751303416.0,17.93,1000925
OGE,OGE Energy Corp Common Stock,NYSE,Utilities,Electric Utilities: Central,9713452115.0,47.02,1084048
OGG,Osisko Gold Group Inc. Common Shares,NYSE,Basic Materials,Precious Metals,856345944.0,2.8,2936252
OGN,Organon & Co. Common Stock ,NYSE,Health Care,Biotechnology: Pharmaceutical Preparations,3571488289.0,13.6,3332683
OGS,ONE Gas Inc. Common Stock,NYSE,Utilities,Oil/Gas Transmission,5042329979.0,80.22,393247
OHI,Omega Healthcare Investors Inc. Common Stock,NYSE,Real Estate,Real Estate Investment Trusts,14684009980.0,48.46,1269459
OI,O-I Glass Inc. Common Stock,NYSE,Consumer Discretionary,Containers/Packaging,1080228021.0,7.03,2869835
OIA,Invesco Municipal Income Opportunities Trust Common Stock,NYSE,Finance,Finance Companies,289918037.0,6.09,118762
OII,Oceaneering International Inc. Common Stock,NYSE,Energy,Oilfield Services/Equipment,4774437071.0,47.97,599261
OIS,Oil States International Inc. Common Stock,NYSE,Consumer Discretionary,Oil and Gas Field Machinery,491026119.0,8.14,454986
OKE,ONEOK Inc. Common Stock,NYSE,Utilities,Oil & Gas Production,54476546622.0,86.42,2740883
OKLO,Oklo Inc. Class A common stock,NYSE,Utilities,Electric Utilities: Central,8424643591.0,48.42,22049874
OLN,Olin Corporation Common Stock,NYSE,Industrials,Major Chemicals,2118934489.0,18.59,2278090
OLP,One Liberty Properties Inc. Common Stock,NYSE,Real Estate,Real Estate Investment Trusts,527292580.0,24.16,76989
OMC,Omnicom Group Inc. Common Stock,NYSE,Consumer Discretionary,Advertising,23385250227.0,85.24,2132137
OMF,OneMain Holdings Inc. Common Stock,NYSE,Finance,Finance: Consumer Services,7471943412.0,64.95,1075364
ONIT,Onity Group Inc. Common Stock,NYSE,Finance,Finance: Consumer Services,332141876.0,39.39,94627
ONL,Orion Properties Inc. Common Stock,NYSE,Real Estate,Real Estate Investment Trusts,160260792.0,2.82,936640
ONON,On Holding AG Class A Ordinary Shares,NYSE,Consumer Discretionary,Shoe Manufacturing,23961219489.0,37.55,5089296
ONT,Onterris Inc. Common Stock,NYSE,Consumer Discretionary,Professional Services,596658638.0,16.51,2928919
ONTO,Onto Innovation Inc. Common Stock,NYSE,Industrials,Industrial Machinery/Components,15335941706.0,308.3,2093959
OOMA,Ooma Inc. Common Stock,NYSE,Technology,EDP Services,604175000.0,21.97,230397
OPAD,Offerpad Solutions Inc. Class A Common Stock,NYSE,Finance,Real Estate,23148868.0,4.79,69589
OPFI,OppFi Inc. Class A Common Stock,NYSE,Finance,Finance: Consumer Services,802696531.0,9.4,451197
OPLN,OPENLANE Inc. Common Stock,NYSE,Consumer Discretionary,Retail-Auto Dealers and Gas Stations,4541049886.0,36.98,752870
OPP,RiverNorth/DoubleLine Strategic Opportunity Fund Inc. Common Stock,NYSE,Finance,Finance/Investors Services,0.0,7.66,129195
OPTU,Optimum Communications Inc. Class A common stock,NYSE,Telecommunications,Cable & Other Pay Television Services,366356745.0,0.7689,2062353
OPY,Oppenheimer Holdings Inc. Class A Common Stock (DE),NYSE,Finance,Investment Bankers/Brokers/Service,1195441678.0,111.64,107784
OR,OR Royalties Inc. Common Shares,NYSE,Basic Materials,Precious Metals,6202363181.0,33.08,1503749
ORA,Ormat Technologies Inc. Common Stock,NYSE,Utilities,Electric Utilities: Central,6642319874.0,108.09,703741
ORC,Orchid Island Capital Inc. Common Stock,NYSE,Real Estate,Real Estate Investment Trusts,1309398553.0,6.56,4614259
ORCL,Oracle Corporation Common Stock,NYSE,Technology,Computer Software: Prepackaged Software,423486846420.0,147.02,22804301
ORI,Old Republic International Corporation Common Stock,NYSE,Finance,Property-Casualty Insurers,10388858634.0,43.03,848712
ORN,Orion Group Holdings Inc. Common,NYSE,Industrials,Military/Government/Technical,417506440.0,10.31,392504
OSCR,Oscar Health Inc. Class A Common Stock,NYSE,Health Care,Medical Specialities,8411654700.0,27.9,10468912
OSG,Octave Specialty Group Inc. Common Stock,NYSE,Finance,Property-Casualty Insurers,221917009.0,4.93,1124879
OSK,Oshkosh Corporation (Holding Company)Common Stock,NYSE,Industrials,Auto Manufacturing,9585713430.0,155.26,422711
OTIS,Otis Worldwide Corporation Common Stock ,NYSE,Technology,Consumer Electronics/Appliances,28165724393.0,73.99,2602400
OUT,OUTFRONT Media Inc. Common Stock,NYSE,Real Estate,Real Estate Investment Trusts,5494942147.0,31.21,2908075
OVV,Ovintiv Inc. (DE),NYSE,Energy,Oil & Gas Production,16781072000.0,59.36,2196204
OWL,Blue Owl Capital Inc. Class A Common Stock,NYSE,Finance,Investment Managers,18506424687.0,11.87,34384430
OWLT,Owlet Inc. Class A Common Stock,NYSE,Industrials,Industrial Machinery/Components,159851747.0,5.5,105643
OXM,Oxford Industries Inc. Common Stock,NYSE,Industrials,Garments and Clothing,552295175.0,36.99,262552
OXY,Occidental Petroleum Corporation Common Stock,NYSE,Energy,Oil & Gas Production,55889725413.0,55.91,7680696
P,Everpure Inc. Class A common stock,NYSE,Technology,Electronic Components,29933064127.0,90.05,1979157
PAAS,Pan American Silver Corp. Common Stock,NYSE,Basic Materials,Precious Metals,21585340558.0,51.22,5429573
PAC,Grupo Aeroportuario Del Pacifico S.A. B. de C.V. Grupo Aeroportuario Del Pacifico S.A. de C.V. (each representing 10 Series B shares),NYSE,Consumer Discretionary,Aerospace,13251055314.0,222.7,127007
PACK,Ranpak Holdings Corp Class A Common Stock,NYSE,Consumer Discretionary,Containers/Packaging,472528172.0,5.51,530956
PACS,PACS Group Inc. Common Stock,NYSE,Health Care,Hospital/Nursing Management,7669777045.0,48.44,968551
PAG,Penske Automotive Group Inc. Common Stock,NYSE,Consumer Discretionary,Retail-Auto Dealers and Gas Stations,14210102346.0,216.41,307835
PAGS,PagSeguro Digital Ltd. Class A Common Shares,NYSE,Technology,EDP Services,2656794260.0,9.14,3250249
PAI,Western Asset Investment Grade Income Fund Inc.,NYSE,Finance,Trusts Except Educational Religious and Charitable,0.0,11.96,13800
PAM,Pampa Energia S.A.,NYSE,Utilities,Electric Utilities: Central,4491981523.0,82.36,156653
PAR,PAR Technology Corporation Common Stock,NYSE,Miscellaneous,Office Equipment/Supplies/Services,734594804.0,17.81,1886590
PARR,Par Pacific Holdings Inc.  Common Stock,NYSE,Energy,Oil & Gas Production,3321104274.0,66.29,1227277
PATH,UiPath Inc. Class A Common Stock,NYSE,Technology,Computer Software: Prepackaged Software,7797710003.0,15.05,62523754
PAXS,PIMCO Access Income Fund Common Shares of Beneficial Interest,NYSE,Finance,Investment Managers,0.0,14.33,170444
PAY,Paymentus Holdings Inc. Class A Common Stock,NYSE,Consumer Discretionary,Business Services,4857492185.0,38.57,705347
PAYC,Paycom Software Inc. Common Stock,NYSE,Technology,Computer Software: Prepackaged Software,10237903863.0,214.94,1267230
PB,Prosperity Bancshares Inc. Common Stock,NYSE,Finance,Major Banks,8863254252.0,73.95,773665
PBA,Pembina Pipeline Corp. Ordinary Shares (Canada),NYSE,Energy,Oil & Gas Production,27623862500.0,47.5,774903
PBF,PBF Energy Inc. Class A Common Stock,NYSE,Energy,Integrated oil Companies,7314908273.0,61.71,2875525
PBH,Prestige Consumer Healthcare Inc. Common Stock,NYSE,Health Care,Biotechnology: Pharmaceutical Preparations,2598363305.0,54.85,597767
PBI,Pitney Bowes Inc. Common Stock,NYSE,Miscellaneous,Office Equipment/Supplies/Services,2388111493.0,17.42,1405311
PBR,Petroleo Brasileiro S.A. Petrobras ADS,NYSE,Energy,Oil & Gas Production,115740820203.0,17.96,28527483
PBT,Permian Basin Royalty Trust Common Stock,NYSE,Energy,Oil & Gas Production,1491947560.0,32.01,101264
PCF,High Income Securities Fund Common Stock,NYSE,Finance,Trusts Except Educational Religious and Charitable,0.0,5.34,80357
PCG,Pacific Gas & Electric Co. Common Stock,NYSE,Utilities,Power Generation,46794729260.0,17.46,28791773
PCM,PCM Fund Inc. Common Stock,NYSE,Finance,Trusts Except Educational Religious and Charitable,0.0,5.68,18519
PCN,Pimco Corporate & Income Strategy Fund Common Stock,NYSE,Finance,Investment Managers,0.0,11.85,417606
PCOR,Procore Technologies Inc. Common Stock,NYSE,Technology,Computer Software: Prepackaged Software,8670571586.0,57.06,2767325
PCQ,PIMCO California Municipal Income Fund Common Stock,NYSE,Finance,Investment Managers,0.0,8.78,66692
PD,PagerDuty Inc. Common Stock,NYSE,Technology,Computer Software: Prepackaged Software,901562785.0,11.69,1009599
PDI,PIMCO Dynamic Income Fund Common Stock,NYSE,Finance,Trusts Except Educational Religious and Charitable,3908887200.0,16.08,2252102
PDM,Piedmont Realty Trust Inc. Class A Common Stock,NYSE,Real Estate,Building operators,1186259181.0,9.48,718452
PDO,PIMCO Dynamic Income Opportunities Fund Common Shares of Beneficial Interest,NYSE,Finance,Trusts Except Educational Religious and Charitable,1899320104.0,13.08,635729
PDS,Precision Drilling Corporation Common Stock,NYSE,Energy,Oil & Gas Production,965544194.0,75.75,107288
PDT,John Hancock Premium Dividend Fund,NYSE,Finance,Finance Companies,0.0,12.72,189658
PDX,PIMCO Dynamic Income Strategy Fund Common Shares of Beneficial Interest,NYSE,Finance,Finance/Investors Services,965224130.0,21.59,147358
PEB,Pebblebrook Hotel Trust Common Shares of Beneficial Interest,NYSE,Real Estate,Real Estate Investment Trusts,2051480577.0,18.18,1581920
PEG,Public Service Enterprise Group Incorporated Common Stock,NYSE,Utilities,Power Generation,37710459470.0,75.66,2351915
PEN,Penumbra Inc. Common Stock,NYSE,Health Care,Medical/Dental Instruments,12788169747.0,324.66,239533
PEO,Adams Natural Resources Fund Inc. Common Stock,NYSE,Finance,Finance/Investors Services,0.0,26.35,41686
PERF,Perfect Corp. Class A Ordinary Share,NYSE,Technology,Computer Software: Prepackaged Software,195549448.0,1.92,785422
PEW,GrabAGun Digital Holdings Inc. Common Stock,NYSE,Consumer Discretionary,Other Specialty Stores,77910193.0,2.65,230069
PFD,Flaherty & Crumrine Preferred and Income Fund Incorporated,NYSE,Finance,Investment Managers,0.0,11.39,37716
PFE,Pfizer Inc. Common Stock,NYSE,Health Care,Biotechnology: Pharmaceutical Preparations,152523265242.0,26.76,42715920
PFGC,Performance Food Group Company Common Stock,NYSE,Consumer Discretionary,Food Distributors,18049623880.0,114.9,1187234
PFH,Prudential Financial Inc. 4.125% Junior Subordinated Notes due 2060,NYSE,Finance,Life Insurance,5665590000.0,15.87,20134
PFL,PIMCO Income Strategy Fund Shares of Beneficial Interest,NYSE,Finance,Finance Companies,0.0,7.8,149319
PFLA,PennantPark Floating Rate Capital Ltd. 7.375% Notes Due 2031,NYSE,Finance,Finance: Consumer Services,0.0,25.3,2007
PFLT,PennantPark Floating Rate Capital Ltd. Common Stock,NYSE,Finance,Finance: Consumer Services,746118578.0,7.52,1008903
PFN,PIMCO Income Strategy Fund II,NYSE,Finance,Finance/Investors Services,0.0,7.13,278858
PFO,Flaherty & Crumrine Preferred and Income Opportunity Fund Incorporated,NYSE,Finance,Finance Companies,0.0,9.13,15122
PFS,Provident Financial Services Inc Common Stock,NYSE,Finance,Savings Institutions,3187472784.0,24.46,760725
PFSI,PennyMac Financial Services Inc. Common Stock,NYSE,Finance,Finance: Consumer Services,4021571189.0,77.41,1251293
PG,Procter & Gamble Company (The) Common Stock,NYSE,Consumer Discretionary,Package Goods/Cosmetics,338879095817.0,145.79,7564939
PGP,Pimco Global StocksPlus & Income Fund Common Shares of Beneficial Interest,NYSE,Finance,Finance Companies,0.0,8.64,120627
PGR,Progressive Corporation (The) Common Stock,NYSE,Finance,Property-Casualty Insurers,125186783234.0,215.33,1755132
PGZ,Principal Real Estate Income Fund Common Shares of Beneficial Interest,NYSE,Finance,Investment Managers,0.0,10.27,6147
PH,Parker-Hannifin Corporation Common Stock,NYSE,Industrials,Metal Fabrications,135400390555.0,1073.87,823565
PHG,Koninklijke Philips N.V. NY Registry Shares,NYSE,Health Care,Medical Electronics,26272510357.0,26.73,729406
PHI,PLDT Inc. Sponsored ADR,NYSE,Telecommunications,Telecommunications Equipment,4327597173.0,20.03,97889
PHIN,PHINIA Inc. Common Stock,NYSE,Consumer Discretionary,Auto Parts:O.E.M.,2744559172.0,74.91,293666
PHK,Pimco High Income Fund,NYSE,Finance,Finance/Investors Services,0.0,4.72,560879
PHM,PulteGroup Inc. Common Stock,NYSE,Consumer Discretionary,Homebuilding,24912442566.0,132.9,1079496
PHR,Phreesia Inc. Common Stock,NYSE,Consumer Discretionary,Business Services,773266731.0,12.51,1126199
PII,Polaris Inc. Common Stock,NYSE,Consumer Discretionary,Industrial Specialties,4072585213.0,71.57,553675
PIM,Franklin Master Intermediate Income Trust Shares of Beneficial Interest,NYSE,Finance,Finance Companies,157795657.0,3.14,31016
PINE,Alpine Income Property Trust Inc. Common Stock,NYSE,Real Estate,Real Estate Investment Trusts,352061826.0,19.98,89661
PINS,Pinterest Inc. Class A Common Stock,NYSE,Technology,Computer Software: Programming Data Processing,13410292479.0,23.68,12427350
PIPR,Piper Sandler Companies Common Stock,NYSE,Finance,Investment Bankers/Brokers/Service,5285431064.0,74.79,540574
PJT,PJT Partners Inc. Class A Common Stock,NYSE,Finance,Investment Managers,7026929086.0,171.34,212975
PK,Park Hotels & Resorts Inc. Common Stock ,NYSE,Consumer Discretionary,Hotels/Resorts,2972100685.0,14.76,6807696
PKE,Park Aerospace Corp. Common Stock,NYSE,Industrials,Military/Government/Technical,819368118.0,37.67,207215
PKG,Packaging Corporation of America Common Stock,NYSE,Consumer Discretionary,Containers/Packaging,22812817578.0,256.04,479388
PKX,POSCO HOLDINGS INC. American Depositary Shares (Each representing 1/4th of a share of Common Stock),NYSE,Industrials,Steel/Iron Ore,18701986548.0,57.77,346970
PL,Planet Labs PBC Class A Common Stock,NYSE,Technology,Radio And Television Broadcasting And Communications Equipment,8528712447.0,23.93,5346532
PLD,Prologis Inc. Common Stock,NYSE,Real Estate,Real Estate Investment Trusts,132882332160.0,140.16,4575633
PLGO,Pelagos Insurance Capital Limited Common Shares,NYSE,Finance,Property-Casualty Insurers,2164598029.0,25.03,227595
PLNT,Planet Fitness Inc. Common Stock,NYSE,Consumer Discretionary,Hotels/Resorts,3972933278.0,50.01,2904590
PLOW,Douglas Dynamics Inc. Common Stock,NYSE,Industrials,Construction/Ag Equipment/Trucks,1023697761.0,44.36,371864
PM,Philip Morris International Inc Common Stock,NYSE,Health Care, Medicinal Chemicals and Botanical Products ,295466349631.0,189.57,4718368
PML,Pimco Municipal Income Fund II Common Shares of Beneficial Interest,NYSE,Finance,Investment Managers,0.0,7.42,393258
PMM,Franklin Managed Municipal Income Trust Shares of Beneficial Interest,NYSE,Finance,Investment Managers,310953601.0,6.38,65201
PMO,Franklin Municipal Opportunities Trust Shares of Beneficial Interest,NYSE,Finance,Finance Companies,353068481.0,10.39,87033
PMT,PennyMac Mortgage Investment Trust Common Shares of Beneficial Interest,NYSE,Real Estate,Real Estate Investment Trusts,841502793.0,9.65,1039618
PMTU,PennyMac Mortgage Investment Trust 8.50% Senior Notes due 2028,NYSE,Real Estate,Real Estate Investment Trusts,2223660231.0,25.5,172
PMTV,PennyMac Mortgage Investment Trust 9.00% Senior Notes due 2030,NYSE,Real Estate,Real Estate Investment Trusts,0.0,25.1699,12245
PMTW,PennyMac Mortgage Investment Trust 9.00% Senior Notes due 2030,NYSE,Real Estate,Real Estate Investment Trusts,0.0,25.51,11700
PNC,PNC Financial Services Group Inc. (The) Common Stock,NYSE,Finance,Major Banks,100757212538.0,252.56,956175
PNFP,Pinnacle Financial Partners Inc. Common stock,NYSE,Finance,Major Banks,15818471155.0,104.68,969536
PNI,Pimco New York Municipal Income Fund II Common Shares of Beneficial Interest,NYSE,Finance,Trusts Except Educational Religious and Charitable,0.0,6.93,34173
PNNT,PennantPark Investment Corporation Common Stock,NYSE,Finance,Finance: Consumer Services,240942587.0,3.69,473668
PNR,Pentair plc. Ordinary Share,NYSE,Industrials,Industrial Machinery/Components,10997458376.0,68.89,3243368
PNW,Pinnacle West Capital Corporation Common Stock,NYSE,Utilities,Electric Utilities: Central,12244556551.0,101.03,1010161
POR,Portland General Electric Co Common Stock,NYSE,Utilities,Electric Utilities: Central,5768659647.0,49.05,860225
POST,Post Holdings Inc. Common Stock,NYSE,Consumer Staples,Packaged Foods,3566434292.0,78.69,3897576
PPG,PPG Industries Inc. Common Stock,NYSE,Consumer Discretionary,Paints/Coatings,26613756000.0,119.72,1267047
PPL,PPL Corporation Common Stock,NYSE,Utilities,Electric Utilities: Central,26678343837.0,35.46,10944536
PPLC,PPL Corporation Corporate Units,NYSE,Utilities,Electric Utilities: Central,35413131539.0,47.07,56882
PPT,Franklin Premier Income Trust Shares of Beneficial Interest,NYSE,Finance,Finance Companies,341381942.0,3.43,122904
PR,Permian Resources Corporation Class A Common Stock,NYSE,Energy,Oil & Gas Production,16871355699.0,20.15,7431694
PRG,PROG Holdings Inc. Common Stock,NYSE,Consumer Discretionary,Diversified Commercial Services,1706785474.0,42.85,458271
PRGO,Perrigo Company plc Ordinary Shares,NYSE,Health Care,Biotechnology: Pharmaceutical Preparations,1781797106.0,12.84,2107081
PRH,Prudential Financial Inc. 5.950% Junior Subordinated Notes due 2062,NYSE,Finance,Life Insurance,7751040000.0,22.02,58017
PRI,Primerica Inc. Common Stock,NYSE,Finance,Life Insurance,10090394213.0,321.38,180866
PRIM,Primoris Services Corporation Common Stock,NYSE,Industrials,Water Sewer Pipeline Comm & Power Line Construction,4448165180.0,82.63,1224758
PRKS,United Parks & Resorts Inc. Common Stock,NYSE,Consumer Discretionary,Services-Misc. Amusement & Recreation,2152700983.0,45.03,472614
PRLB,Proto Labs Inc. Common stock,NYSE,Industrials,Metal Fabrications,2126895862.0,88.91,153792
PRM,Perimeter Solutions SA Common Stock,NYSE,Industrials,Major Chemicals,5771600905.0,35.26,1501387
PRMB,Primo Brands Corporation Class A Common Stock,NYSE,Consumer Staples,Beverages (Production/Distribution),8540684841.0,23.57,4833795
PRS,Prudential Financial Inc. 5.625% Junior Subordinated Notes due 2058,NYSE,Finance,Life Insurance,7420160000.0,21.08,31838
PRSU,Pursuit Attractions and Hospitality Inc. Common Stock,NYSE,Consumer Discretionary,Services-Misc. Amusement & Recreation,1245153959.0,45.67,246065
PRT,PermRock Royalty Trust Units of Beneficial Interest,NYSE,Energy,Oil & Gas Production,27129582.0,2.23,48000
PRU,Prudential Financial Inc. Common Stock,NYSE,Finance,Life Insurance,41841600000.0,121.28,2079866
PS,Pershing Square Inc. Common Stock,NYSE,Finance,Investment Managers,15152000000.0,37.88,129694
PSA,Public Storage Common Stock,NYSE,Real Estate,Real Estate Investment Trusts,57673980406.0,328.4,978940
PSF,Cohen & Steers Select Preferred and Income Fund Inc. Common Stock,NYSE,Finance,Investment Managers,965574040.0,19.65,18687
PSFE,Paysafe Limited Common Shares,NYSE,Consumer Discretionary,Business Services,466111124.0,7.32,289101
PSN,Parsons Corporation Common Stock,NYSE,Technology,EDP Services,5078596485.0,47.55,1101662
PSO,Pearson Plc Common Stock,NYSE,Consumer Discretionary,Books,10464822559.0,16.46,609821
PSQH,PSQ Holdings Inc. Class A Common Stock,NYSE,Consumer Discretionary,Advertising,14674814.0,4.36,33418
PSTL,Postal Realty Trust Inc. Class A Common Stock,NYSE,Real Estate,Real Estate Investment Trusts,699051455.0,23.11,199604
PSX,Phillips 66 Common Stock,NYSE,Energy,Integrated oil Companies,81364354982.0,203.91,2908997
PTA,Cohen & Steers Tax-Advantaged Preferred Securities and Income Fund Common Shares of Beneficial Interest,NYSE,Finance,Trusts Except Educational Religious and Charitable,1052959356.0,19.05,111428
PTY,Pimco Corporate & Income Opportunity Fund,NYSE,Finance,Investment Managers,0.0,11.84,1592315
PUK,Prudential Public Limited Company Common Stock,NYSE,Finance,Life Insurance,36131078923.0,28.28,1340812
PUMP,ProPetro Holding Corp. Common Stock,NYSE,Energy,Oilfield Services/Equipment,1348606609.0,10.98,2143884
PVH,PVH Corp. Common Stock,NYSE,Industrials,Garments and Clothing,4038146697.0,87.58,718081
PVL,Permianville Royalty Trust Units of Beneficial Interest,NYSE,Energy,Oil & Gas Production,57090000.0,1.73,37497
PWR,Quanta Services Inc. Common Stock,NYSE,Industrials,Engineering & Construction,98984985319.0,671.86,750110
PXED,Phoenix Education Partners Inc. Common Stock,NYSE,Real Estate,Other Consumer Services,1039245850.0,28.83,103532
PYT,PPlus Tr GSC-2 Tr Ctf Fltg Rate,NYSE,Finance,Finance: Consumer Services,0.0,23.7399,3000
Q,Qnity Electronics Inc. Common Stock,NYSE,Technology,Semiconductors,28870778934.0,138.0,1311729
QGEN,Qiagen N.V. Common Shares,NYSE,Health Care,Biotechnology: Biological Products (No Diagnostic Substances),8716962052.0,42.3,3796330
QSR,Restaurant Brands International Inc. Common Shares,NYSE,Consumer Discretionary,Restaurants,33718733098.0,73.89,2635428
QTWO,Q2 Holdings Inc. Common Stock,NYSE,Technology,Computer Software: Prepackaged Software,3916498393.0,62.81,660865
QUAD,Quad Graphics Inc Class A Common Stock,NYSE,Consumer Discretionary,Publishing,523876054.0,10.18,523540
QXO,QXO Inc. Common Stock,NYSE,Consumer Discretionary,RETAIL: Building Materials,16766000000.0,16.16,16227897
R,Ryder System Inc. Common Stock,NYSE,Consumer Discretionary,Rental/Leasing Companies,10054165321.0,262.19,275764
RA,Brookfield Real Assets Income Fund Inc. Common Stock,NYSE,Finance,Investment Managers,0.0,12.82,98633
RACE,Ferrari N.V. Common Shares,NYSE,Industrials,Auto Manufacturing,96445973587.0,412.26,621797
RAL,Ralliant Corporation Common Stock,NYSE,Industrials,Industrial Machinery/Components,7462668540.0,67.45,1372734
RAMP,LiveRamp Holdings Inc. Common Stock,NYSE,Technology,EDP Services,2298658269.0,37.81,477794
RBA,RB Global Inc. Common Stock,NYSE,Consumer Discretionary,Business Services,17703168000.0,94.72,2089015
RBC,RBC Bearings Incorporated Common Stock,NYSE,Industrials,Metal Fabrications,17958706726.0,567.25,186788
RBLX,Roblox Corporation Class A Common Stock,NYSE,Technology,Computer Software: Prepackaged Software,26996266810.0,37.79,18465282
RBRK,Rubrik Inc. Class A Common Stock,NYSE,Technology,Computer Software: Prepackaged Software,18538978940.0,90.07,4045443
RC,Ready Capital Corporation Common Stock,NYSE,Real Estate,Real Estate Investment Trusts,282567361.0,1.71,2574469
RCD,Ready Capital Corporation 9.00% Senior Notes due 2029,NYSE,Real Estate,Real Estate Investment Trusts,0.0,23.1,4651
RCI,Rogers Communication Inc. Common Stock,NYSE,Telecommunications,Cable & Other Pay Television Services,18621530863.0,34.47,772424
RCL,Royal Caribbean Cruises Ltd. Common Stock,NYSE,Consumer Discretionary,Marine Transportation,85584666880.0,320.0,1161700
RCS,PIMCO Strategic Income Fund Inc.,NYSE,Finance,Investment Managers,0.0,5.29,113424
RCUS,Arcus Biosciences Inc. Common Stock,NYSE,Health Care,Biotechnology: Pharmaceutical Preparations,3644281221.0,28.62,1061503
RDDT,Reddit Inc. Class A Common Stock,NYSE,Technology,EDP Services,31110515667.0,161.7,4499591
RDN,Radian Group Inc. Common Stock,NYSE,Finance,Property-Casualty Insurers,4908114484.0,36.91,1630297
RDW,Redwire Corporation Common Stock,NYSE,Industrials,Military/Government/Technical,3245636439.0,13.59,32899334
RDY,Dr. Reddy's Laboratories Ltd Common Stock,NYSE,Health Care,Biotechnology: Pharmaceutical Preparations,10199508173.0,12.22,2564110
REF,Reformation Inc. Common Stock,NYSE,Consumer Discretionary,Apparel,1003279819.0,15.76,802526
RELX,RELX PLC PLC American Depositary Shares (Each representing One Ordinary Share),NYSE,Consumer Discretionary,Business Services,64787680622.0,35.52,1731203
RERE,ATRenew Inc. American Depositary Shares (every three of which representing two Class A ordinary shares),NYSE,Consumer Discretionary,Other Specialty Stores,997655732.0,4.55,571841
RES,RPC Inc. Common Stock,NYSE,Energy,Oilfield Services/Equipment,1301126660.0,5.87,835853
REX,REX American Resources Corporation,NYSE,Industrials,Major Chemicals,1409734330.0,42.8,131264
REXR,Rexford Industrial Realty Inc. Common Stock,NYSE,Real Estate,Real Estate Investment Trusts,8192583676.0,36.74,2037723
REZI,Resideo Technologies Inc. Common Stock ,NYSE,Industrials,Wholesale Distributors,3949196861.0,26.08,1396865
RF,Regions Financial Corporation Common Stock,NYSE,Finance,Major Banks,26821718879.0,31.43,7592023
RFI,Cohen & Steers Total Return Realty Fund Inc. Common Stock,NYSE,Finance,Investment Managers,570008085.0,11.6,118894
RFL,Rafael Holdings Inc. Class B Common Stock,NYSE,Health Care,Biotechnology: Pharmaceutical Preparations,106599992.0,2.05,60150
RFM,RiverNorth Flexible Municipal Income Fund Inc. Common Stock,NYSE,Finance,Finance/Investors Services,91170162.0,14.91,16606
RFMZ,RiverNorth Flexible Municipal Income Fund II Inc. Common Stock,NYSE,Finance,Finance/Investors Services,322173732.0,13.23,49431
RGA,Reinsurance Group of America Incorporated Common Stock,NYSE,Finance,Life Insurance,16137857442.0,246.33,512719
RGR,Sturm Ruger & Company Inc. Common Stock,NYSE,Industrials,Ordnance And Accessories,592953080.0,37.11,80626
RGT,Royce Global Trust Inc. Common Stock,NYSE,Finance,Trusts Except Educational Religious and Charitable,97638972.0,15.58,52901
RH,RH Common Stock,NYSE,Consumer Discretionary,Other Specialty Stores,3707425069.0,196.15,447365
RHI,Robert Half Inc. Common Stock,NYSE,Consumer Discretionary,Professional Services,4374944529.0,42.74,1971573
RHLD,Resolute Holdings Management Common Stock ,NYSE,Finance,Finance: Consumer Services,1068925867.0,129.45,101738
RHP,Ryman Hospitality Properties Inc. (REIT),NYSE,Real Estate,Real Estate Investment Trusts,7626124428.0,120.84,796789
RIG,Transocean Ltd (Switzerland) Common Stock,NYSE,Energy,Oil & Gas Production,5875420000.0,5.26,29941756
RIO,Rio Tinto Plc Common Stock,NYSE,Basic Materials,Metal Mining,126985500842.0,101.1,2613713
RITM,Rithm Capital Corp. Common Stock,NYSE,Real Estate,Real Estate Investment Trusts,5690167646.0,10.19,4837384
RIV,RiverNorth Opportunities Fund Inc. Common Stock,NYSE,Finance,Finance Companies,0.0,11.59,81271
RJF,Raymond James Financial Inc. Common Stock,NYSE,Finance,Investment Bankers/Brokers/Service,33963383694.0,176.56,598581
RKT,Rocket Companies Inc. Class A Common Stock,NYSE,Finance,Finance: Consumer Services,38819775786.0,13.72,42087866
RL,Ralph Lauren Corporation Common Stock,NYSE,Industrials,Garments and Clothing,23540500333.0,395.53,709432
RLI,RLI Corp. Common Stock (DE),NYSE,Finance,Property-Casualty Insurers,5894577863.0,64.23,1023296
RLJ,RLJ Lodging Trust Common Shares of Beneficial Interest $0.01 par value,NYSE,Real Estate,Real Estate Investment Trusts,1690977850.0,11.13,3808826
RLTY,Cohen & Steers Real Estate Opportunities and Income Fund Common Shares of Beneficial Interest,NYSE,Finance,Investment Managers,0.0,15.84,43335
RLX,RLX Technology Inc. American Depositary Shares each representing the right to receive one (1) Class A ordinary share,NYSE,Health Care, Medicinal Chemicals and Botanical Products ,3113370017.0,2.01,1546501
RM,Regional Management Corp. Common Stock,NYSE,Finance,Finance: Consumer Services,302513785.0,32.79,60141
RMAX,RE/MAX Holdings Inc. Class A Common Stock,NYSE,Finance,Real Estate,241417118.0,11.37,711945
RMD,ResMed Inc. Common Stock,NYSE,Health Care,Medical/Dental Instruments,30743250025.0,211.94,3810862
RMI,RiverNorth Opportunistic Municipal Income Fund Inc. Common Stock,NYSE,Finance,Finance/Investors Services,100474570.0,15.765,24385
RMM,RiverNorth Managed Duration Municipal Income Fund Inc. Common Stock,NYSE,Finance,Trusts Except Educational Religious and Charitable,289975135.0,14.69,58180
RMMZ,RiverNorth Managed Duration Municipal Income Fund II Inc. Common Stock,NYSE,Finance,Investment Managers,293923061.0,14.89,4257
RMT,Royce Micro-Cap Trust Inc. Common Stock,NYSE,Finance,Investment Managers,658409393.0,14.23,128436
RNG,RingCentral Inc. Class A Common Stock,NYSE,Technology,EDP Services,5261723268.0,63.01,2947394
RNGR,Ranger Energy Services Inc. Class A Common Stock,NYSE,Energy,Oilfield Services/Equipment,376772570.0,16.1,128987
RNP,Cohen & Steers REIT and Preferred and Income Fund Inc. Common Shares,NYSE,Finance,Investment Managers,1012747123.0,20.61,105698
RNR,RenaissanceRe Holdings Ltd. Common Stock,NYSE,Finance,Property-Casualty Insurers,13374307800.0,321.87,164155
RNST,Renasant Corporation Common Stock,NYSE,Finance,Major Banks,3905712789.0,42.73,454633
ROG,Rogers Corporation Common Stock,NYSE,Industrials,Major Chemicals,2403112374.0,134.49,128588
ROK,Rockwell Automation Inc. Common Stock,NYSE,Industrials,Industrial Machinery/Components,49076264231.0,441.04,1122284
ROL,Rollins Inc. Common Stock,NYSE,Consumer Discretionary,Diversified Commercial Services,18158427547.0,37.74,5675218
RPC,Ridgepost Capital Inc. Class A Common Stock,NYSE,Finance,Investment Managers,984194526.0,8.99,712996
RPM,RPM International Inc. Common Stock,NYSE,Consumer Discretionary,Paints/Coatings,14991732112.0,117.36,812066
RPT,Rithm Property Trust Inc. Common stock,NYSE,Real Estate,Real Estate Investment Trusts,93737122.0,12.06,136374
RQI,Cohen & Steers Quality Income Realty Fund Inc Common Shares,NYSE,Finance,Trusts Except Educational Religious and Charitable,1681441108.0,12.52,314893
RRC,Range Resources Corporation Common Stock,NYSE,Energy,Oil & Gas Production,8945251834.0,38.28,1701751
RRX,Regal Rexnord Corporation Common Stock,NYSE,Industrials,Industrial Machinery/Components,11853352326.0,178.0,1529157
RS,Reliance Inc. Common Stock,NYSE,Industrials,Metal Fabrications,21641004773.0,423.88,278930
RSF,RiverNorth Capital and Income Fund Common Stock,NYSE,Finance,Investment Managers,48720193.0,14.58,13694
RSG,Republic Services Inc. Common Stock,NYSE,Utilities,Environmental Services,66012406507.0,214.56,1922824
RSI,Rush Street Interactive Inc. Class A Common Stock,NYSE,Consumer Discretionary,Services-Misc. Amusement & Recreation,5766521147.0,24.88,2409146
RSKD,Riskified Ltd. Class A Ordinary Shares,NYSE,Consumer Discretionary,Business Services,792897371.0,5.35,1261700
RTO,Rentokil Initial plc American Depositary Shares (each representing five (5) Ordinary Shares),NYSE,Consumer Discretionary,Other Consumer Services,12211524000.0,24.21,869477
RTX,RTX Corporation Common Stock,NYSE,Industrials,Aerospace,300590498856.0,223.03,4974196
RVLV,Revolve Group Inc. Class A Common Stock,NYSE,Consumer Discretionary,Catalog/Specialty Distribution,1725243143.0,24.27,736235
RVT,Royce Small-Cap Trust Inc. Common Stock,NYSE,Finance,Trusts Except Educational Religious and Charitable,2031745376.0,18.82,216998
RVTY,Revvity Inc. Common Stock,NYSE,Industrials,Biotechnology: Laboratory Analytical Instruments,12791443572.0,114.66,1032432
RWT,Redwood Trust Inc. Common Stock,NYSE,Real Estate,Real Estate Investment Trusts,594146803.0,4.73,2508266
RWTN,Redwood Trust Inc. 9.125% Senior Notes Due 2029,NYSE,Real Estate,Real Estate Investment Trusts,3230586600.0,25.0,15742
RWTO,Redwood Trust Inc. 9.00% Senior Notes Due 2029,NYSE,Real Estate,Real Estate Investment Trusts,3164682633.0,24.49,7909
RWTP,Redwood Trust Inc. 9.125% Senior Notes Due 2030,NYSE,Real Estate,Real Estate Investment Trusts,0.0,24.35,5329
RWTQ,Redwood Trust Inc. 9.500% Senior Notes Due 2030,NYSE,Real Estate,Real Estate Investment Trusts,0.0,24.32,6672
RWTS,Redwood Trust Inc. 9.75% Senior Notes Due 2031,NYSE,Real Estate,Real Estate Investment Trusts,0.0,24.61,8009
RXO,RXO Inc. Common Stock,NYSE,Consumer Discretionary,Transportation Services,3578770770.0,21.7,2133739
RY,Royal Bank Of Canada Common Stock,NYSE,Finance,Commercial Banks,293354189740.0,211.08,691547
RYAM,Rayonier Advanced Materials Inc. Common Stock,NYSE,Basic Materials,Paper,610150756.0,9.02,929692
RYAN,Ryan Specialty Holdings Inc. Class A Common Stock,NYSE,Finance,Specialty Insurers,10959105389.0,42.84,2098496
RYN,Rayonier Inc. REIT Common Stock,NYSE,Real Estate,Real Estate Investment Trusts,6553281989.0,21.79,2691058
RYZ,Ryerson Holding Corporation Common Stock,NYSE,Industrials,Metal Fabrications,1457314176.0,28.08,485870
RZC,Reinsurance Group of America Incorporated 7.125% Fixed-Rate Reset Subordinated Debentures due 2052,NYSE,Finance,Life Insurance,1669930525.0,25.49,35207
S,SentinelOne Inc. Class A Common Stock,NYSE,Technology,Computer Software: Prepackaged Software,7335999672.0,21.4,5991258
SA,Seabridge Gold Inc. Common Shares New,NYSE,Basic Materials,Precious Metals,3350302091.0,31.13,1007225
SAFE,Safehold Inc. New Common Stock ,NYSE,Real Estate,Real Estate Investment Trusts,1153597201.0,16.29,259315
SAH,Sonic Automotive Inc. Common Stock,NYSE,Consumer Discretionary,Retail-Auto Dealers and Gas Stations,2606324277.0,82.44,332802
SAJ,Saratoga Investment Corp 8.00% Notes due 2027,NYSE,Finance,Investment Managers,400477428.0,25.56,1255
SAM,Boston Beer Company Inc. (The) Common Stock,NYSE,Consumer Staples,Beverages (Production/Distribution),1920530591.0,186.61,214690
SAN,Banco Santander S.A. Sponsored ADR (Spain),NYSE,Finance,Commercial Banks,215932996679.0,14.7,15073807
SAP,SAP  SE ADS,NYSE,Technology,Computer Software: Prepackaged Software,253268432469.0,206.16,2952895
SAR,Saratoga Investment Corp New,NYSE,Finance,Investment Managers,321779129.0,20.01,121793
SARO,StandardAero Inc. Common Stock,NYSE,Industrials,Aerospace,9704856863.0,29.19,6297810
SAT,Saratoga Investment Corp 6.00% Notes due 2027,NYSE,Finance,Investment Managers,394095799.0,25.1527,1230
SAV,Saratoga Investment Corp 7.50% Notes due 2031,NYSE,Finance,Investment Managers,0.0,24.69,20765
SAY,Saratoga Investment Corp 8.125% Notes due 2027,NYSE,Finance,Investment Managers,399065730.0,25.4699,2375
SAZ,Saratoga Investment Corp 8.50% Notes due 2028,NYSE,Finance,Investment Managers,401260835.0,25.61,2645
SB,Safe Bulkers Inc Common Stock ($0.001 par value),NYSE,Consumer Discretionary,Marine Transportation,777060343.0,7.6,525175
SBH,Sally Beauty Holdings Inc. (Name to be changed from Sally Holdings Inc.) Common Stock,NYSE,Consumer Discretionary,Other Specialty Stores,1575663174.0,16.83,1126807
SBI,Western Asset Intermediate Muni Fund Inc Common Stock,NYSE,Finance,Finance/Investors Services,0.0,7.67,45980
SBR,Sabine Royalty Trust Common Stock,NYSE,Energy,Oil & Gas Production,1052774502.0,72.21,61483
SBS,Companhia de saneamento Basico Do Estado De Sao Paulo - Sabesp American Depositary Shares (Each repstg 250 Common Shares),NYSE,Utilities,Water Supply,18715275673.0,5.31,4147176
SBSI,Southside Bancshares Inc. Common Stock,NYSE,Finance,Major Banks,966970871.0,32.44,116827
SBSW,D/B/A Sibanye-Stillwater Limited ADS,NYSE,Basic Materials,Precious Metals,7529308922.0,10.64,6659529
SCCO,Southern Copper Corporation Common Stock,NYSE,Basic Materials,Metal Mining,166082069396.0,199.06,1029448
SCD,LMP Capital and Income Fund Inc. Common Stock,NYSE,Finance,Trusts Except Educational Religious and Charitable,0.0,15.64,68383
SCHW,Charles Schwab Corporation (The) Common Stock,NYSE,Finance,Investment Bankers/Brokers/Service,187130980553.0,107.6,7149864
SCI,Service Corporation International Common Stock,NYSE,Consumer Discretionary,Other Consumer Services,11614021485.0,85.01,986710
SCL,Stepan Company Common Stock,NYSE,Consumer Discretionary,Package Goods/Cosmetics,1481024981.0,65.15,118310
SCM,Stellus Capital Investment Corporation Common Stock,NYSE,Finance,Finance/Investors Services,243446406.0,8.41,309556
SD,SandRidge Energy Inc. Common Stock,NYSE,Energy,Oil & Gas Production,502826688.0,13.62,350170
SDHC,Smith Douglas Homes Corp. Class A Common Stock,NYSE,Consumer Discretionary,Homebuilding,703854514.0,13.86,46188
SDHY,PGIM Short Duration High Yield Opportunities Fund Common Shares,NYSE,Finance,Finance/Investors Services,400937160.0,16.25,47518
SDRL,Seadrill Limited Common Shares,NYSE,Energy,Oil & Gas Production,2703819166.0,43.24,523184
SE,Sea Limited American Depositary Shares each representing one Class A Ordinary Share,NYSE,Consumer Discretionary,Other Consumer Services,69474119330.0,113.43,4314672
SECZ,Securitize Corp. Common Stock,NYSE,Finance,Finance: Consumer Services,1258778431.0,7.71,905098
SEG,Seaport Entertainment Group Inc. Common Stock,NYSE,Consumer Discretionary,Services-Misc. Amusement & Recreation,361869392.0,28.25,159063
SEI,Solaris Energy Infrastructure Inc. Class A Common Stock,NYSE,Consumer Discretionary,Oil and Gas Field Machinery,4262493682.0,57.96,2291533
SES,SES AI Corporation Class A Common Stock,NYSE,Miscellaneous,Industrial Machinery/Components,207574179.0,0.5621,25183921
SF,Stifel Financial Corporation Common Stock,NYSE,Finance,Investment Bankers/Brokers/Service,12546734078.0,83.09,673515
SFB,Stifel Financial Corporation 5.20% Senior Notes due 2047,NYSE,Finance,Investment Bankers/Brokers/Service,2008729162.0,19.66,8593
SFBS,ServisFirst Bancshares Inc. Common Stock,NYSE,Finance,Major Banks,4860618221.0,88.92,141867
SFL,SFL Corporation Ltd,NYSE,Consumer Discretionary,Marine Transportation,1745115929.0,12.07,749911
SG,Sweetgreen Inc. Class A Common Stock,NYSE,Consumer Discretionary,Restaurants,641669348.0,5.4,17400507
SGHC,Super Group (SGHC) Limited Ordinary Shares,NYSE,Consumer Discretionary,Services-Misc. Amusement & Recreation,6630402083.0,13.05,2358947
SGI,Somnigroup International Inc. Common Stock,NYSE,Consumer Discretionary,Home Furnishings,13724725716.0,65.25,3294720
SGU,Star Group L.P. Common Stock,NYSE,Consumer Discretionary,Other Specialty Stores,422280350.0,12.87,26003
SHAK,Shake Shack Inc. Class A Common Stock,NYSE,Consumer Discretionary,Restaurants,3044288460.0,71.13,1460792
SHEL,Shell PLC American Depositary Shares (each representing two (2) Ordinary Shares) ,NYSE,Energy,Oil & Gas Production,251777706398.0,88.5,4423677
SHG,Shinhan Financial Group Co Ltd American Depositary Shares,NYSE,Finance,Major Banks,36173302418.0,75.81,293593
SHO,Sunstone Hotel Investors Inc. Sunstone Hotel Investors Inc. Common Shares,NYSE,Consumer Discretionary,Hotels/Resorts,2064107272.0,11.08,3020925
SHW,Sherwin-Williams Company (The) Common Stock,NYSE,Consumer Discretionary,RETAIL: Building Materials,89754971169.0,369.73,1573323
SI,Shoulder Innovations Inc. Common Stock,NYSE,Health Care,Medical/Dental Instruments,427000073.0,20.59,286892
SID,Companhia Siderurgica Nacional S.A. Common Stock,NYSE,Industrials,Steel/Iron Ore,1231543449.0,0.9287,2794523
SIG,Signet Jewelers Limited Common Shares,NYSE,Consumer Discretionary,Consumer Specialties,3811449271.0,96.91,465682
SII,Sprott Inc. Common Shares,NYSE,Finance,Finance: Consumer Services,3041304000.0,117.88,234809
SIND,Sinda Ltd. Common Stock,NYSE,Basic Materials,Precious Metals,2480176545.0,15.82,29466
SITC,SITE Centers Corp. Common Stock,NYSE,Real Estate,Real Estate Investment Trusts,165297318.0,3.15,801297
SITE,SiteOne Landscape Supply Inc. Common Stock,NYSE,Consumer Discretionary,Professional and commerical equipment,4534048805.0,103.86,1362146
SJM,The J.M. Smucker Company Common Stock,NYSE,Consumer Staples,Packaged Foods,12842783710.0,120.16,685629
SJT,San Juan Basin Royalty Trust Common Stock,NYSE,Energy,Oil & Gas Production,117920254.0,2.53,139295
SKE,Skeena Resources Limited Common Shares,NYSE,Basic Materials,Precious Metals,4035015285.0,32.54,1158196
SKIL,Skillsoft Corp. Class A Common Stock,NYSE,Technology,Computer Software: Prepackaged Software,81604514.0,9.1,88613
SKM,SK Telecom Co. Ltd. Common Stock,NYSE,Telecommunications,Telecommunications Equipment,13141450800.0,34.26,1568147
SKT,Tanger Inc. Common Stock,NYSE,Real Estate,Real Estate Investment Trusts,4515769703.0,39.31,895814
SKY,Champion Homes Inc. Common Stock,NYSE,Consumer Discretionary,Homebuilding,5138157484.0,94.66,601511
SKYH,Sky Harbour Group Corporation Class A Common Stock,NYSE,Finance,Real Estate,857112973.0,11.2,98370
SLB,SLB Limited Common Shares,NYSE,Energy,Oilfield Services/Equipment,74993757462.0,50.53,8350689
SLF,Sun Life Financial Inc. Common Stock,NYSE,Finance,Life Insurance,45652051709.0,81.91,894928
SLG,SL Green Realty Corp Common Stock,NYSE,Real Estate,Real Estate Investment Trusts,4008575862.0,56.36,1113520
SLGN,Silgan Holdings Inc. Common Stock,NYSE,Industrials,Containers/Packaging,4407902706.0,41.71,717073
SLQT,SelectQuote Inc. Common Stock,NYSE,Finance,Specialty Insurers,121045112.0,0.6864,588851
SLVM,Sylvamo Corporation Common Stock,NYSE,Basic Materials,Paper,1631963106.0,41.07,405559
SM,SM Energy Company Common Stock,NYSE,Energy,Oil & Gas Production,6923942485.0,28.88,3975853
SMA,SmartStop Self Storage REIT Inc. Common Stock,NYSE,Real Estate,Real Estate Investment Trusts,1899583271.0,34.31,402730
SMBK,SmartFinancial Inc. Common Stock,NYSE,Finance,Major Banks,887923703.0,51.93,131128
SMC,Summit Midstream Corporation Common Stock,NYSE,Utilities,Natural Gas Distribution,617281154.0,30.35,60916
SMFG,Sumitomo Mitsui Financial Group Inc Unsponsored American Depositary Shares (Japan),NYSE,Finance,Commercial Banks,117409145705.0,25.74,1541237
SMG,Scotts Miracle-Gro Company (The) Common Stock,NYSE,Industrials,Agricultural Chemicals,3662637437.0,62.91,1725129
SMHI,SEACOR Marine Holdings Inc. Common Stock ,NYSE,Consumer Discretionary,Marine Transportation,258304504.0,9.52,110191
SMP,Standard Motor Products Inc. Common Stock,NYSE,Consumer Discretionary,Auto Parts:O.E.M.,910590343.0,40.76,143390
SMR,NuScale Power Corporation Class A Common Stock,NYSE,Industrials,Metal Fabrications,4219882531.0,9.82,30232227
SMRT,SmartRent Inc. Class A Common Stock,NYSE,Technology,EDP Services,272088755.0,1.42,1791537
SMWB,Similarweb Ltd. Ordinary Shares,NYSE,Technology,Computer Software: Programming Data Processing,653118055.0,7.51,288829
SN,SharkNinja Inc. Ordinary Shares,NYSE,Consumer Discretionary,Consumer Electronics/Appliances,26134490327.0,185.52,1476048
SNA,Snap-On Incorporated Common Stock,NYSE,Consumer Discretionary,Industrial Machinery/Components,21536588077.0,416.35,392555
SNAP,Snap Inc. Class A Common Stock,NYSE,Technology,Computer Software: Programming Data Processing,9014083805.0,5.33,42400208
SNDA,Sonida Senior Living Inc. Common Stock,NYSE,Health Care,Hospital/Nursing Management,1908902311.0,40.3,316903
SNDR,Schneider National Inc. Common Stock,NYSE,Industrials,Trucking Freight/Courier Services,6245971031.0,35.63,559289
SNN,Smith & Nephew SNATS Inc. Common Stock,NYSE,Health Care,Industrial Specialties,12792595121.0,30.11,1518686
SNOW,Snowflake Inc. Common Stock,NYSE,Technology,Computer Software: Prepackaged Software,114547834000.0,330.49,6213733
SNX,TD SYNNEX Corporation Common Stock,NYSE,Technology,Retail: Computer Software & Peripheral Equipment,20183188180.0,252.42,463690
SO,Southern Company (The) Common Stock,NYSE,Utilities,Electric Utilities: Central,106627143319.0,92.69,7707883
SOBO,South Bow Corporation Common Shares,NYSE,Energy,Natural Gas Distribution,7429784414.0,35.62,800826
SOC,Sable Offshore Corp. Common Stock,NYSE,Energy,Oil & Gas Production,868248315.0,4.75,3732567
SOJC,Southern Company (The) Series 2017B 5.25% Junior Subordinated Notes due December 1 2077,NYSE,Utilities,Electric Utilities: Central,22121953355.0,20.11,25575
SOJD,Southern Company (The) Series 2020A 4.95% Junior Subordinated Notes due January 30 2080,NYSE,Utilities,Electric Utilities: Central,20460881770.0,18.6,41447
SOJE,Southern Company (The) Series 2020C 4.20% Junior Subordinated Notes due October 15 2060,NYSE,Utilities,Electric Utilities: Central,17939932429.0,16.39,49726
SOJF,Southern Company (The) Series 2025A 6.50% Junior Subordinated Notes due March 15 2085,NYSE,Utilities,Electric Utilities: Central,0.0,25.07,41528
SOLV,Solventum Corporation Common Stock,NYSE,Health Care,Medical/Dental Instruments,14125165032.0,82.98,1104146
SOMN,Southern Company (The) 2025 Series A Corporate Units,NYSE,Utilities,Electric Utilities: Central,56448310742.0,49.07,9993
SON,Sonoco Products Company Common Stock,NYSE,Consumer Discretionary,Containers/Packaging,5736727674.0,58.02,634887
SONY,Sony Group Corporation American Depositary Shares ,NYSE,Consumer Staples,Consumer Electronics/Appliances,138593838589.0,23.46,4412578
SOR,Source Capital Inc. Cmn Shs of BI,NYSE,Finance,Investment Managers,390438360.0,46.79,7566
SOS,SOS Limited Class A Ordinary Shares,NYSE,Finance,Investment Bankers/Brokers/Service,5470427.0,0.8052,28328
SOUL,Soulpower Acquisition Corporation Class A Ordinary Shares,NYSE,Consumer Discretionary,Publishing,0.0,10.4,1577
SPB,Spectrum Brands Holdings Inc. Common Stock,NYSE,Miscellaneous,Industrial Machinery/Components,1899223686.0,90.13,766142
SPCE,Virgin Galactic Holdings Inc. Common Stock,NYSE,Consumer Discretionary,Transportation Services,415477091.0,3.1,9637744
SPE,Special Opportunities Fund Inc Common Stock,NYSE,Finance,Finance/Investors Services,0.0,13.505,12836
SPG,Simon Property Group Inc. Common Stock,NYSE,Real Estate,Real Estate Investment Trusts,72287464284.0,222.91,1318435
SPGI,S&P Global Inc. Common Stock,NYSE,Finance,Finance: Consumer Services,120334412000.0,408.19,1578684
SPH,Suburban Propane Partners L.P. Common Stock,NYSE,Consumer Discretionary,Other Specialty Stores,1174935539.0,17.71,151531
SPHR,Sphere Entertainment Co. Class A Common Stock,NYSE,Consumer Discretionary,Services-Misc. Amusement & Recreation,5729656861.0,159.54,854672
SPIR,Spire Global Inc. Class A Common Stock,NYSE,Consumer Discretionary,Telecommunications Equipment,576336464.0,14.33,540695
SPNT,SiriusPoint Ltd. Common Shares,NYSE,Finance,Property-Casualty Insurers,2675280318.0,23.03,450189
SPOT,Spotify Technology S.A. Ordinary Shares,NYSE,Consumer Discretionary,Broadcasting,100475089730.0,488.14,1861583
SPRU,Spruce Power Holding Corporation Class A Common Stock,NYSE,Utilities,Electric Utilities: Central,39861381.0,2.17,25178
SPXC,SPX Technologies Inc. Common Stock,NYSE,Industrials,Industrial Machinery/Components,10802518285.0,215.68,257764
SPXX,Nuveen S&P 500 Dynamic Overwrite Fund,NYSE,Finance,Trusts Except Educational Religious and Charitable,0.0,19.15,215860
SQM,Sociedad Quimica y Minera S.A. Common Stock,NYSE,Industrials,Mining & Quarrying of Nonmetallic Minerals (No Fuels),20551640286.0,71.95,894368
SQNS,Sequans Communications S.A. American Depositary Shares (each representing one hundred (100) Ordinary Shares),NYSE,Technology,Semiconductors,41338355.0,2.76,19568
SR,Spire Inc. Common Stock,NYSE,Utilities,Oil/Gas Transmission,4845476790.0,81.97,521970
SRE,DBA Sempra Common Stock,NYSE,Utilities,Natural Gas Distribution,54832976796.0,83.88,6401979
SREA,DBA Sempra 5.750% Junior Subordinated Notes due 2079,NYSE,Utilities,Natural Gas Distribution,13074462319.0,20.65,35173
SRFM,Surf Air Mobility Inc. Common Stock,NYSE,Consumer Discretionary,Transportation Services,91678811.0,0.863,2155278
SRG,Seritage Growth Properties Class A Common Stock,NYSE,Finance,Real Estate,136305549.0,2.42,25527
SRI,Stoneridge Inc. Common Stock,NYSE,Consumer Discretionary,Auto Parts:O.E.M.,212780640.0,7.46,113264
SRJN,Spire Inc. 6.375% Junior Subordinated Notes due 2086,NYSE,Utilities,Oil/Gas Transmission,0.0,22.96,34896
SRL,Scully Royalty Ltd.,NYSE,Industrials,Precious Metals,87094728.0,5.72,9575
SRV,NXG Cushing Midstream Energy Fund Common Shares of Beneficial Interest,NYSE,Finance,Finance Companies,0.0,46.37,58700
SSB,SouthState Bank Corporation Common Stock,NYSE,Finance,Major Banks,10484886616.0,108.12,809581
SSD,Simpson Manufacturing Company Inc. Common Stock,NYSE,Consumer Discretionary,Industrial Machinery/Components,8157318464.0,198.29,285869
SSL,Sasol Ltd. American Depositary Shares,NYSE,Energy,Oil & Gas Production,7188582401.0,11.07,1277585
SSMR,Sunshine Silver Mining & Refining Company Common Stock,NYSE,Basic Materials,Precious Metals,2263304585.0,16.07,411356
SST,System1 Inc. Class A Common Stock,NYSE,Technology,Computer Software: Programming Data Processing,17516044.0,1.67,55887
SSTK,Shutterstock Inc. Common Stock,NYSE,Technology,EDP Services,218958563.0,5.96,1234982
ST,Sensata Technologies Holding plc Ordinary Shares,NYSE,Industrials,Industrial Machinery/Components,6792158680.0,46.67,1170889
STAG,Stag Industrial Inc. Common Stock,NYSE,Real Estate,Real Estate Investment Trusts,7191750672.0,37.3,1344425
STC,Stewart Information Services Corporation Common Stock,NYSE,Finance,Specialty Insurers,2081308750.0,68.19,205586
STDN,Standard Nuclear Inc. Class A Common Stock,NYSE,Basic Materials,Major Chemicals,1356084694.0,8.44,323619
STE,STERIS plc (Ireland) Ordinary Shares,NYSE,Health Care,Industrial Specialties,23177662113.0,237.47,804182
STEM,Stem Inc. Class A Common Stock,NYSE,Technology,EDP Services,52666884.0,5.88,70987
STEW,SRH Total Return Fund Inc. Common Stock,NYSE,Finance,Investment Managers,0.0,18.76,38215
STG,Sunlands Technology Group American Depositary Shares representing Class A ordinary shares,NYSE,Real Estate,Other Consumer Services,45536186.0,3.4,7107
STK,Columbia Seligman Premium Technology Growth Fund Inc,NYSE,Finance,Investment Managers,0.0,52.42,90564
STLA,Stellantis N.V. Common Shares,NYSE,Industrials,Auto Manufacturing,15994107242.0,5.52,30685521
STM,STMicroelectronics N.V. Common Stock,NYSE,Technology,Semiconductors,50071786113.0,56.1,8087161
STN,Stantec Inc Common Stock,NYSE,Consumer Discretionary,Military/Government/Technical,8385064802.0,73.51,248158
STNG,Scorpio Tankers Inc. Common Shares,NYSE,Consumer Discretionary,Marine Transportation,3938113063.0,76.08,523179
STT,State Street Corporation Common Stock,NYSE,Finance,Major Banks,50731921960.0,184.68,1263412
STUB,StubHub Holdings Inc. Class A Common Stock,NYSE,Consumer Discretionary,Services-Misc. Amusement & Recreation,3360163844.0,8.95,5148397
STVN,Stevanato Group S.p.A. Ordinary Shares,NYSE,Health Care,Medical/Dental Instruments,6138618205.0,20.27,306414
STWD,STARWOOD PROPERTY TRUST INC. Starwood Property Trust Inc.,NYSE,Real Estate,Real Estate Investment Trusts,6098813977.0,16.45,7125366
STZ,Constellation Brands Inc. Common Stock,NYSE,Consumer Staples,Beverages (Production/Distribution),23184880200.0,135.76,1779506
SU,Suncor Energy  Inc. Common Stock,NYSE,Energy,Integrated oil Companies,70294739681.0,60.1,5450567
SUI,Sun Communities Inc. Common Stock,NYSE,Real Estate,Real Estate Investment Trusts,14669707261.0,120.44,810866
SUN,Sunoco LP Common Units representing limited partner interests,NYSE,Energy,Integrated oil Companies,14454421141.0,70.57,523672
SUNB,Sunbelt Rentals Holdings Inc. Common Stock,NYSE,Consumer Discretionary,Diversified Commercial Services,33223388151.0,81.08,1190553
SUNC,SunocoCorp LLC Common Units representing limited liability company interests,NYSE,Energy,Integrated oil Companies,3637629351.0,70.61,368932
SUPV,Grupo Supervielle S.A. American Depositary Shares each Representing five Class B shares,NYSE,Finance,Commercial Banks,785562390.0,8.6,527692
SUZ,Suzano S.A. American Depositary Shares (each representing One Ordinary Share),NYSE,Basic Materials,Paper,10391046795.0,8.22,1877389
SVV,Savers Value Village Inc. Common Stock,NYSE,Consumer Discretionary,Other Specialty Stores,1881710851.0,12.22,2947083
SW,Smurfit WestRock plc Ordinary Shares,NYSE,Consumer Discretionary,Containers/Packaging,25323965998.0,48.28,3365268
SWK,Stanley Black & Decker Inc. Common Stock,NYSE,Consumer Discretionary,Industrial Machinery/Components,15689118833.0,103.89,2958143
SWX,Southwest Gas Holdings Inc. Common Stock (DE),NYSE,Utilities,Oil & Gas Production,6671538603.0,92.09,365322
SWZ,Total Return Securities Fund Common Stock,NYSE,Finance,Finance Companies,0.0,5.97,12452
SXC,SunCoke Energy Inc. Common Stock,NYSE,Industrials,Steel/Iron Ore,796974842.0,9.39,1331631
SXI,Standex International Corporation Common Stock,NYSE,Industrials,Industrial Machinery/Components,4120527271.0,340.12,154274
SXT,Sensient Technologies Corporation Common Stock,NYSE,Industrials,Major Chemicals,5527632265.0,129.87,282297
SYF,Synchrony Financial Common Stock,NYSE,Finance,Finance: Consumer Services,29240002697.0,78.59,2039051
SYK,Stryker Corporation Common Stock,NYSE,Health Care,Medical/Dental Instruments,130042769785.0,339.03,1845939
SYY,Sysco Corporation Common Stock,NYSE,Consumer Discretionary,Food Distributors,40306012028.0,84.29,3278891
T,AT&T Inc.,NYSE,Telecommunications,Telecommunications Equipment,163018254614.0,23.79,34865952
TAC,TransAlta Corporation Ordinary Shares,NYSE,Utilities,Electric Utilities: Central,3927880000.0,12.43,1561032
TAK,Takeda Pharmaceutical Company Limited American Depositary Shares (each representing 1/2 of a share of Common Stock),NYSE,Health Care,Biotechnology: Pharmaceutical Preparations,55139288410.0,17.45,4233564
TAL,TAL Education Group American Depositary Shares,NYSE,Real Estate,Other Consumer Services,6867201525.0,12.38,2596952
TALO,Talos Energy Inc. Common Stock,NYSE,Energy,Oil & Gas Production,2400963430.0,14.38,1586505
TAP,Molson Coors Beverage Company Class B Common Stock,NYSE,Consumer Staples,Beverages (Production/Distribution),8134102483.0,43.37,3222518
TBB,AT&T Inc. 5.350% Global Notes due 2066,NYSE,Telecommunications,Telecommunications Equipment,141363120940.0,19.77,68842
TBBB,BBB Foods Inc. Class A Common Shares,NYSE,Consumer Staples,Food Chains,4808571679.0,40.8,262754
TBI,TrueBlue Inc. Common Stock,NYSE,Consumer Discretionary,Professional Services,310532309.0,10.2,726202
TBN,Tamboran Resources Corporation Common stock,NYSE,Energy,Oil & Gas Production,951798531.0,33.61,89521
TCBX,Third Coast Bancshares Inc. Common Stock,NYSE,Finance,Banks,737981721.0,44.31,84775
TCI,Transcontinental Realty Investors Inc. Common Stock,NYSE,Real Estate,Real Estate Investment Trusts,317667649.0,36.77,19635
TCPA,TransCanada PipeLines Limited 6.250% Junior Subordinated Notes due 2085,NYSE,Utilities,Natural Gas Distribution,0.0,22.79,15104
TD,Toronto Dominion Bank (The) Common Stock,NYSE,Finance,Commercial Banks,200455070200.0,121.31,3178914
TDAY,USA TODAY Co. Inc. Common Stock,NYSE,Consumer Discretionary,Newspapers/Magazines,1063590305.0,7.25,3729573
TDC,Teradata Corporation Common Stock,NYSE,Technology,Computer Software: Prepackaged Software,2547270000.0,27.39,2708305
TDF,Templeton Dragon Fund Inc. Common Stock,NYSE,Finance,Finance/Investors Services,0.0,11.13,126093
TDG,Transdigm Group Incorporated Common Stock,NYSE,Industrials,Military/Government/Technical,67727562256.0,1225.25,521645
TDOC,Teladoc Health Inc. Common Stock,NYSE,Health Care,Medical/Nursing Services,1295407070.0,7.13,4761626
TDS,Telephone and Data Systems Inc. Common Shares,NYSE,Telecommunications,Telecommunications Equipment,3753124000.0,32.98,3332764
TDW,Tidewater Inc. Common Stock,NYSE,Consumer Discretionary,Marine Transportation,4121806176.0,82.84,454854
TDY,Teledyne Technologies Incorporated Common Stock,NYSE,Industrials,Industrial Machinery/Components,32045676745.0,691.3,303121
TE,T1 Energy Inc. Common Stock,NYSE,Technology,Semiconductors,1633737573.0,5.85,55546779
TECK,Teck Resources Ltd Ordinary Shares,NYSE,Industrials,Mining & Quarrying of Nonmetallic Minerals (No Fuels),32539911910.0,66.47,2187886
TEI,Templeton Emerging Markets Income Fund Inc. Common Stock,NYSE,Finance,Finance Companies,0.0,6.8,116366
TEL,TE Connectivity plc Ordinary Shares,NYSE,Technology,Electronic Components,62630396613.0,216.33,2552009
TEN,Tsakos Energy Navigation Ltd Common Shares,NYSE,Consumer Discretionary,Marine Transportation,1179194381.0,39.14,162232
TEO,Telecom Argentina SA,NYSE,Telecommunications,Telecommunications Equipment,5957101036.0,13.83,318022
TEVA,Teva Pharmaceutical Industries Limited American Depositary Shares,NYSE,Health Care,Biotechnology: Pharmaceutical Preparations,41204869530.0,35.36,4271722
TEX,Terex Corporation Common Stock,NYSE,Industrials,Construction/Ag Equipment/Trucks,7741539000.0,67.73,1102151
TFC,Truist Financial Corporation Common Stock,NYSE,Finance,Major Banks,63952130942.0,52.35,6346372
TFII,TFI International Inc. Common Shares,NYSE,Industrials,Trucking Freight/Courier Services,11544411754.0,140.46,255104
TFIN,Triumph Financial Inc. Common Stock,NYSE,Finance,Major Banks,1816223757.0,76.01,182409
TFPM,Triple Flag Precious Metals Corp. Common Shares,NYSE,Industrials,Precious Metals,6739419609.0,32.62,781022
TFX,Teleflex Incorporated Common Stock,NYSE,Health Care,Medical/Dental Instruments,5975593081.0,134.98,752313
TG,Tredegar Corporation Common Stock,NYSE,Industrials,Metal Fabrications,311299521.0,8.89,529745
TGE,The Generation Essentials Group Class A Ordinary Shares,NYSE,Consumer Discretionary,Newspapers/Magazines,45800557.0,0.9451,18581
TGLS,Tecnoglass Holdings Inc. Common Stock,NYSE,Consumer Discretionary,Electronic Components,1958262978.0,44.14,387852
TGS,Transportadora de Gas del Sur SA TGS Common Stock,NYSE,Utilities,Natural Gas Distribution,4334398183.0,28.79,186956
TGT,Target Corporation Common Stock,NYSE,Consumer Discretionary,Department/Specialty Retail Stores,67992409466.0,149.7,2846134
THC,Tenet Healthcare Corporation Common Stock,NYSE,Health Care,Hospital/Nursing Management,21106445470.0,262.13,626387
THG,Hanover Insurance Group Inc,NYSE,Finance,Property-Casualty Insurers,7976616227.0,229.08,148177
THO,Thor Industries Inc. Common Stock,NYSE,Industrials,Homebuilding,4141164022.0,79.55,438661
THQ,abrdn Healthcare Opportunities Fund Shares of Beneficial Interest,NYSE,Finance,Finance Companies,0.0,19.22,150828
THW,abrdn World Healthcare Fund Shares of Beneficial Interest,NYSE,Finance,Finance Companies,0.0,13.66,78917
TIC,TIC Solutions Inc. Common Stock,NYSE,Consumer Discretionary,Business Services,2223688596.0,10.06,4290472
TIMB,TIM S.A. American Depositary Shares (Each representing 5 Common Shares) ,NYSE,Telecommunications,Telecommunications Equipment,8817376031.0,18.43,504607
TISI,Team Inc. Common Stock,NYSE,Consumer Discretionary,Other Consumer Services,77713494.0,17.0,9157
TJX,TJX Companies Inc. (The) Common Stock,NYSE,Consumer Discretionary,Clothing/Shoe/Accessory Stores,178255109407.0,161.36,4721960
TK,Teekay Corporation Ltd. Common Stock,NYSE,Consumer Discretionary,Marine Transportation,982332982.0,11.32,448749
TKC,Turkcell Iletisim Hizmetleri AS Common Stock,NYSE,Telecommunications,Telecommunications Equipment,4840000000.0,5.5,1354157
TKO,TKO Group Holdings Inc. Class A Common Stock,NYSE,Consumer Discretionary,Services-Misc. Amusement & Recreation,35310157657.0,186.56,624939
TKR,Timken Company (The) Common Stock,NYSE,Industrials,Metal Fabrications,9031457027.0,130.33,778751
TLK,PT Telekomunikasi Indonesia Tbk,NYSE,Telecommunications,Telecommunications Equipment,14958394707.0,15.1,755865
TLYS,Tilly's Inc. Common Stock,NYSE,Consumer Discretionary,Clothing/Shoe/Accessory Stores,127746480.0,4.19,112417
TM,Toyota Motor Corporation Common Stock,NYSE,Industrials,Auto Manufacturing,300246916627.0,190.09,315478
TME,Tencent Music Entertainment Group American Depositary Shares each representing two Class A Ordinary Shares,NYSE,Consumer Discretionary,Broadcasting,14999309885.0,9.53,5216309
TMO,Thermo Fisher Scientific Inc Common Stock,NYSE,Industrials,Industrial Machinery/Components,219629887884.0,594.0,2206647
TNC,Tennant Company Common Stock,NYSE,Industrials,Industrial Machinery/Components,1259004543.0,73.89,649149
TNET,TriNet Group Inc. Common Stock,NYSE,Consumer Discretionary,Business Services,3144474553.0,68.5,545026
TNK,Teekay Tankers Ltd.,NYSE,Consumer Discretionary,Marine Transportation,2676238031.0,77.25,212606
TNL,Travel   Leisure Co. Common  Stock,NYSE,Consumer Discretionary,Hotels/Resorts,4694364594.0,76.7,495223
TOL,Toll Brothers Inc. Common Stock,NYSE,Consumer Discretionary,Homebuilding,14496417390.0,155.09,586906
TOST,Toast Inc. Class A Common Stock,NYSE,Technology,EDP Services,19929440000.0,34.48,10402731
TPB,Turning Point Brands Inc. Common Stock,NYSE,Consumer Discretionary,Tobacco,1741449365.0,86.86,394286
TPC,Tutor Perini Corporation Common Stock,NYSE,Consumer Discretionary,General Bldg Contractors - Nonresidential Bldgs,5210125186.0,99.11,1029767
TPL,Texas Pacific Land Corporation Common Stock,NYSE,Energy,Oil & Gas Production,23496225764.0,340.65,491117
TPR,Tapestry Inc. Common Stock,NYSE,Consumer Discretionary,Apparel,32803979765.0,162.36,2225161
TPTS,Terra Property Trust Inc. 7.00% Senior Secured Notes due 2029,NYSE,Real Estate,Real Estate Investment Trusts,0.0,16.565,176420
TPVG,TriplePoint Venture Growth BDC Corp. Common Stock,NYSE,Consumer Discretionary,Other Consumer Services,211690560.0,5.2,344031
TR,Tootsie Roll Industries Inc. Common Stock,NYSE,Consumer Staples,Specialty Foods,2979033903.0,39.63,99701
TRAD,APEX Tech Acquisition Inc. Ordinary Shares,NYSE,Finance,Investment Bankers/Brokers/Service,0.0,10.04,4442
TRAK,ReposiTrak Inc. Common Stock,NYSE,Technology,EDP Services,158836958.0,8.74,41720
TRC,Tejon Ranch Co Common Stock,NYSE,Finance,Real Estate,450700665.0,16.69,172353
TREX,Trex Company Inc. Common Stock,NYSE,Basic Materials,Forest Products,5008711392.0,49.17,2002105
TRGP,Targa Resources Inc. Common Stock,NYSE,Utilities,Natural Gas Distribution,55135579364.0,256.87,1636587
TRIN,Trinity Capital Inc. Common Stock,NYSE,Finance,Finance: Consumer Services,1709219011.0,18.05,1028442
TRLV,Trulieve Cannabis Corp. Subordinate Voting Shares,NYSE,Health Care, Medicinal Chemicals and Botanical Products ,1682687519.0,8.75,1039284
TRN,Trinity Industries Inc. Common Stock,NYSE,Industrials,Railroads,2382117631.0,29.9,706285
TRNI,Trinity Capital Inc. 7.875% Notes Due 2029,NYSE,Finance,Finance: Consumer Services,1778245106.0,25.29,5197
TRNO,Terreno Realty Corporation Common Stock,NYSE,Finance,Real Estate,7492798516.0,68.76,892440
TRNZ,Trinity Capital Inc. 7.875% Notes due 2029,NYSE,Finance,Finance: Consumer Services,1780706102.0,25.325,1518
TROX,Tronox Holdings plc Ordinary Shares (UK),NYSE,Basic Materials,Major Chemicals,1038501852.0,6.51,4412877
TRP,TC Energy Corporation Common Stock,NYSE,Utilities,Natural Gas Distribution,63230000000.0,63.23,3306288
TRTX,TPG RE Finance Trust Inc. Common Stock,NYSE,Real Estate,Real Estate Investment Trusts,617990522.0,8.05,923276
TRU,TransUnion Common Stock,NYSE,Finance,Finance: Consumer Services,15331832000.0,80.02,1720357
TRV,The Travelers Companies Inc. Common Stock,NYSE,Finance,Property-Casualty Insurers,80157466705.0,384.31,1235116
TS,Tenaris S.A. American Depositary Shares,NYSE,Industrials,Steel/Iron Ore,28429305544.0,53.04,1481283
TSI,TCW Strategic Income Fund Inc. Common Stock,NYSE,Finance,Investment Managers,0.0,4.4,219010
TSLX,Sixth Street Specialty Lending Inc. Common Stock,NYSE,Finance,Investment Managers,1821053955.0,19.1,642422
TSM,Taiwan Semiconductor Manufacturing Company Ltd.,NYSE,Technology,Semiconductors,2178539519876.0,420.04,9145364
TSN,Tyson Foods Inc. Common Stock,NYSE,Consumer Staples,Meat/Poultry/Fish,20418559756.0,58.04,2569713
TSQ,Townsquare Media Inc. Class A Common Stock,NYSE,Consumer Discretionary,Broadcasting,116340572.0,6.48,93971
TT,Trane Technologies plc,NYSE,Industrials,Auto Parts:O.E.M.,106119378499.0,482.31,997022
TTAM,Titan America SA Common Shares,NYSE,Industrials,Mining & Quarrying of Nonmetallic Minerals (No Fuels),2951643065.0,16.01,136445
TTC,Toro Company (The) Common Stock,NYSE,Consumer Discretionary,Tools/Hardware,9488670768.0,99.64,329416
TTE,TotalEnergies SE Ordinary Shares,NYSE,Energy,Oil & Gas Production,187269198637.0,85.83,1325482
TTI,Tetra Technologies Inc. Common Stock,NYSE,Energy,Oil & Gas Production,1260099349.0,8.51,1440091
TU,Telus Corporation Ordinary Shares,NYSE,Telecommunications,Telecommunications Equipment,15445080000.0,9.72,7070890
TUYA,Tuya Inc. American Depositary Shares each representing one Class A Ordinary Share,NYSE,Technology,Computer Software: Prepackaged Software,1103914987.0,1.8,377968
TV,Grupo Televisa S.A.B. Common Stock,NYSE,Industrials,Broadcasting,1746572988.0,2.83,512365
TVC,Tennessee Valley Authority Common Stock,NYSE,Utilities,Electric Utilities: Central,0.0,24.05,26781
TVE,Tennessee Valley Authority,NYSE,Utilities,Electric Utilities: Central,0.0,23.46,4128
TWI,Titan International Inc. (DE) Common Stock,NYSE,Industrials,Steel/Iron Ore,475031711.0,7.36,448629
TWLO,Twilio Inc. Class A Common Stock,NYSE,Technology,Computer Software: Prepackaged Software,36619996941.0,241.28,8122834
TWN,Taiwan Fund Inc. (The) Common Stock,NYSE,Finance,Trusts Except Educational Religious and Charitable,0.0,91.81,10878
TWO,Two Harbors Investment Corp,NYSE,Real Estate,Real Estate Investment Trusts,1274233291.0,12.12,2995802
TWOD,Two Harbors Investments Corp 9.375% Senior Notes due 2030,NYSE,Real Estate,Real Estate Investment Trusts,0.0,25.33,33744
TX,Ternium S.A. Ternium S.A. American Depositary Shares (each representing ten shares USD1.00 par value),NYSE,Industrials,Steel/Iron Ore,10580983844.0,53.9,941141
TXNM,TXNM Energy Inc. Common Stock,NYSE,Utilities,Electric Utilities: Central,5935455994.0,57.6,611758
TXO,TXO Partners L.P. Common Units Representing Limited Partner Interests,NYSE,Energy,Oil & Gas Production,762388096.0,13.75,311198
TXT,Textron Inc. Common Stock,NYSE,Industrials,Aerospace,15380789987.0,89.43,1233740
TY,Tri Continental Corporation Common Stock,NYSE,Finance,Finance Companies,1941958908.0,35.73,34977
TYG,Tortoise Energy Infrastructure Corporation Common Stock,NYSE,Finance,Investment Managers,508009389.0,42.59,144250
TYL,Tyler Technologies Inc. Common Stock,NYSE,Technology,Computer Software: Prepackaged Software,12795538011.0,312.45,693651
U,Unity Software Inc. Common Stock,NYSE,Technology,Computer Software: Prepackaged Software,18771004871.0,43.0,18552646
UA,Under Armour Inc. Class C Common Stock,NYSE,Consumer Discretionary,Apparel,2528106610.0,5.93,5609426
UAA,Under Armour Inc. Class A Common Stock,NYSE,Consumer Discretionary,Apparel,2604845090.0,6.11,15954904
UAMY,United States Antimony Corporation Common Stock,NYSE,Industrials,Metal Fabrications,1015071511.0,6.85,6133464
UAN,CVR Partners LP Common Units representing Limited Partner Interests,NYSE,Industrials,Agricultural Chemicals,1337798955.0,126.57,114192
UBER,Uber Technologies Inc. Common Stock,NYSE,Consumer Discretionary,Business Services,153232860277.0,75.02,33047444
UBS,UBS Group AG Registered Ordinary Shares,NYSE,Finance,Major Banks,166840679524.0,53.76,1911757
UCB,United Community Banks Inc. Common Stock,NYSE,Finance,Major Banks,4281636112.0,35.51,685313
UDR,UDR Inc. Common Stock,NYSE,Real Estate,Real Estate Investment Trusts,12339758767.0,38.41,2607401
UE,Urban Edge Properties Common Shares of Beneficial Interest,NYSE,Finance,Real Estate,2725812470.0,21.63,966463
UFI,Unifi Inc. New Common Stock,NYSE,Consumer Discretionary,Textiles,133642356.0,7.19,179919
UGI,UGI Corporation Common Stock,NYSE,Utilities,Natural Gas Distribution,7327977076.0,34.18,1297108
UGP,Ultrapar Participacoes S.A. (New) American Depositary Shares (Each representing one Common Share),NYSE,Utilities,Oil/Gas Transmission,6810398375.0,6.12,3436874
UHAL,U-Haul Holding Company Common Stock,NYSE,Consumer Discretionary,Rental/Leasing Companies,14631998369.0,75.27,222165
UHS,Universal Health Services Inc. Common Stock,NYSE,Health Care,Hospital/Nursing Management,10505478353.0,173.54,413541
UHT,Universal Health Realty Income Trust Common Stock,NYSE,Real Estate,Real Estate Investment Trusts,592765547.0,42.72,95728
UI,Ubiquiti Inc. Common Stock,NYSE,Technology,Radio And Television Broadcasting And Communications Equipment,34271841073.0,566.27,67937
UIS,Unisys Corporation New Common Stock,NYSE,Technology,EDP Services,216560386.0,2.97,545946
UL,Unilever PLC American Depositary Shares (each representing One Ordinary Share),NYSE,Consumer Discretionary,Package Goods/Cosmetics,137580522351.0,62.96,2743234
ULS,UL Solutions Inc. Class A Common Stock,NYSE,Health Care,Precision Instruments,15790456110.0,78.21,1288975
UMC,United Microelectronics Corporation (NEW) Common Stock,NYSE,Technology,Semiconductors,47130057356.0,18.72,13365898
UMH,UMH Properties Inc. Common Stock,NYSE,Real Estate,Real Estate Investment Trusts,1357631040.0,15.9,881341
UNF,Unifirst Corporation Common Stock,NYSE,Consumer Discretionary,Other Consumer Services,5251101314.0,290.37,113571
UNFI,United Natural Foods Inc. Common Stock,NYSE,Consumer Discretionary,Food Distributors,2848030728.0,47.06,324173
UNH,UnitedHealth Group Incorporated Common Stock (DE),NYSE,Health Care,Medical Specialities,369687423980.0,407.08,4093719
UNM,Unum Group Common Stock,NYSE,Finance,Accident &Health Insurance,14336263627.0,90.56,1448450
UNMA,Unum Group 6.250% Junior Subordinated Notes due 2058,NYSE,Finance,Accident &Health Insurance,3609789122.0,21.195,8451
UNP,Union Pacific Corporation Common Stock,NYSE,Industrials,Railroads,174141350729.0,293.13,2603113
UP,Wheels Up Experience Inc. Class A Common Stock,NYSE,Consumer Discretionary,Transportation Services,197703333.0,5.45,81980
UPS,United Parcel Service Inc. Common Stock,NYSE,Industrials,Trucking Freight/Courier Services,88906675319.0,104.5,5644236
URI,United Rentals Inc. Common Stock,NYSE,Consumer Discretionary,Diversified Commercial Services,72378055909.0,1162.84,355260
USA,Liberty All-Star Equity Fund Common Stock,NYSE,Finance,Finance Companies,0.0,6.01,1422986
USAC,USA Compression Partners LP Common Units Representing Limited Partner Interests,NYSE,Utilities,Natural Gas Distribution,3743186284.0,25.82,278476
USB,U.S. Bancorp Common Stock,NYSE,Finance,Major Banks,99179328480.0,63.94,4410265
USFD,US Foods Holding Corp. Common Stock,NYSE,Consumer Discretionary,Food Distributors,23977733905.0,108.88,2423872
USNA,USANA Health Sciences Inc. Common Stock,NYSE,Health Care, Medicinal Chemicals and Botanical Products ,285622780.0,15.47,236240
USPH,U.S. Physical Therapy Inc. Common Stock,NYSE,Health Care,Medical/Nursing Services,1218264059.0,80.05,272056
UTF,Cohen & Steers Infrastructure Fund Inc Common Stock,NYSE,Finance,Finance Companies,0.0,27.23,194846
UTI,Universal Technical Institute Inc Common Stock,NYSE,Real Estate,Other Consumer Services,1594026980.0,28.95,2544139
UTL,UNITIL Corporation Common Stock,NYSE,Utilities,Power Generation,979856494.0,53.73,79821
UTZ,Utz Brands Inc Class A Common Stock ,NYSE,Consumer Staples,Packaged Foods,2031306825.0,14.11,3455321
UVE,UNIVERSAL INSURANCE HOLDINGS INC Common Stock,NYSE,Finance,Property-Casualty Insurers,1228710173.0,44.15,187121
UVV,Universal Corporation Common Stock,NYSE,Industrials,Farming/Seeds/Milling,1265878226.0,50.84,386616
UWMC,UWM Holdings Corporation Class A Common Stock,NYSE,Finance,Finance: Consumer Services,2053391869.0,1.28,37806318
UZD,Array Digital Infrastructure Inc. 6.250% Senior Notes due 2069,NYSE,Telecommunications,Telecommunications Equipment,1646040000.0,19.14,2742
UZE,Array Digital Infrastructure Inc. 5.500% Senior Notes due 2070,NYSE,Telecommunications,Telecommunications Equipment,1438780000.0,16.73,3773
UZF,Array Digital Infrastructure Inc. 5.500% Senior Notes due 2070,NYSE,Telecommunications,Telecommunications Equipment,1437490000.0,16.715,3422
V,Visa Inc.,NYSE,Consumer Discretionary,Business Services,647698769063.0,362.5,5110396
VAC,Marriott Vacations Worldwide Corporation Common Stock,NYSE,Finance,Real Estate,4240338112.0,123.47,1107410
VACI,Viking Acquisition Corp. I Class A Ordinary Shares,NYSE,Telecommunications,Telecommunications Equipment,0.0,10.14,17593
VAL,Valaris Limited Common Shares,NYSE,Energy,Oil & Gas Production,5455655228.0,78.78,613471
VALE,VALE S.A.  American Depositary Shares Each Representing one common share,NYSE,Basic Materials,Metal Mining,62804556133.0,14.71,24278279
VATE,INNOVATE Corp. Common Stock,NYSE,Industrials,Metal Fabrications,165202997.0,12.11,14235044
VBF,Invesco Bond Fund Common Stock,NYSE,Finance,Trusts Except Educational Religious and Charitable,0.0,14.78,64911
VCV,Invesco California Value Municipal Income Trust Common Stock,NYSE,Finance,Trusts Except Educational Religious and Charitable,509076281.0,10.63,94691
VEEV,Veeva Systems Inc. Class A Common Stock,NYSE,Technology,Computer Software: Prepackaged Software,37612403928.0,230.47,2565497
VEL,Velocity Financial Inc. Common Stock,NYSE,Finance,Finance: Consumer Services,724652487.0,18.46,168891
VET,Vermilion Energy Inc. Common (Canada),NYSE,Energy,Oil & Gas Production,1663752000.0,10.86,1437021
VFC,V.F. Corporation Common Stock,NYSE,Industrials,Garments and Clothing,5893087204.0,14.99,6105209
VG,Venture Global Inc. Class A common stock,NYSE,Utilities,Oil/Gas Transmission,32942587478.0,13.26,8861638
VGI,Virtus Global Multi-Sector Income Fund Common Shares of Beneficial Interest,NYSE,Finance,Investment Managers,0.0,7.4,40405
VGM,Invesco Trust for Investment Grade Municipals Common Stock (DE),NYSE,Finance,Trusts Except Educational Religious and Charitable,564012467.0,10.4,179066
VGNT,Versigent PLC Ordinary Shares,NYSE,Consumer Discretionary,Auto Parts:O.E.M.,3123835187.0,44.1,837158
VHI,Valhi Inc. Common Stock,NYSE,Basic Materials,Major Chemicals,449723436.0,15.89,33836
VIA,Via Transportation Inc. Class A Common Stock,NYSE,Technology,Computer Software: Prepackaged Software,1805581295.0,22.21,1098133
VICI,VICI Properties Inc. Common Stock,NYSE,Real Estate,Real Estate Investment Trusts,29442814008.0,26.74,7171240
VIK,Viking Holdings Ltd Ordinary Shares,NYSE,Consumer Discretionary,Marine Transportation,47159705066.0,105.79,1131623
VIPS,Vipshop Holdings Limited American Depositary Shares each representing two ordinary shares,NYSE,Consumer Discretionary,Catalog/Specialty Distribution,7530642067.0,15.68,1307047
VIRT,Virtu Financial Inc. Class A Common Stock,NYSE,Finance,Investment Bankers/Brokers/Service,8667932678.0,55.85,594472
VIST,Vista Energy S.A.B. de C.V. American Depositary Shares each representing one series A share with no par value,NYSE,Energy,Oil & Gas Production,7342495836.0,65.96,597776
VIV,Telefonica Brasil S.A. American Depositary Shares (Each representing One Common Share),NYSE,Telecommunications,Telecommunications Equipment,19189616144.0,12.01,1231107
VKQ,Invesco Municipal Trust Common Stock,NYSE,Finance,Trusts Except Educational Religious and Charitable,550588374.0,9.95,195805
VLN,Valens Semiconductor Ltd. Ordinary Shares,NYSE,Technology,Semiconductors,183209298.0,1.74,607975
VLO,Valero Energy Corporation Common Stock,NYSE,Energy,Integrated oil Companies,85891640891.0,298.31,3627456
VLRS,Controladora Vuela Compania de Aviacion S.A.B. de C.V. American Depositary Shares each representing ten (10) Ordinary Participation Certificates,NYSE,Consumer Discretionary,Air Freight/Delivery Services,949320675.0,8.17,599920
VLT,Invesco High Income Trust II,NYSE,Finance,Trusts Except Educational Religious and Charitable,0.0,10.09,24234
VLTO,Veralto Corp Common Stock ,NYSE,Industrials,Electrical Products,23974637449.0,98.34,1159715
VMC,Vulcan Materials Company (Holding Company) Common Stock,NYSE,Industrials,Mining & Quarrying of Nonmetallic Minerals (No Fuels),36889771206.0,284.69,1215312
VMI,Valmont Industries Inc. Common Stock,NYSE,Industrials,Metal Fabrications,9529650103.0,493.64,113174
VMO,Invesco Municipal Opportunity Trust Common Stock,NYSE,Finance,Trusts Except Educational Religious and Charitable,662941934.0,9.83,208840
VNO,Vornado Realty Trust Common Stock,NYSE,Real Estate,Real Estate Investment Trusts,7375460975.0,39.5,991798
VNT,Vontier Corporation Common Stock ,NYSE,Industrials,Industrial Machinery/Components,4940672000.0,35.09,2425810
VOC,VOC Energy Trust Units of Beneficial Interest,NYSE,Energy,Oil & Gas Production,51850000.0,3.05,69802
VOYA,Voya Financial Inc. Common Stock,NYSE,Finance,Life Insurance,9193564341.0,101.4,1134627
VOYG,Voyager Technologies Inc. Class A Common Stock,NYSE,Industrials,Military/Government/Technical,2554066161.0,41.85,1957752
VPG,Vishay Precision Group Inc. Common Stock,NYSE,Technology,Electrical Products,913648294.0,68.59,682202
VPV,Invesco Pennsylvania Value Municipal Income Trust Common Stock (DE),NYSE,Finance,Trusts Except Educational Religious and Charitable,265937711.0,11.16,65781
VRT,Vertiv Holdings LLC Class A Common Stock,NYSE,Technology,Industrial Machinery/Components,104870778325.0,272.4,3907128
VRTS,Virtus Investment Partners Inc. Common Stock,NYSE,Finance,Investment Managers,1103619270.0,165.16,93833
VSH,Vishay Intertechnology Inc. Common Stock,NYSE,Technology,Electrical Products,5431156303.0,35.41,4705955
VST,Vistra Corp. Common Stock,NYSE,Utilities,Electric Utilities: Central,47404483176.0,140.59,7849928
VSTS,Vestis Corporation Common Stock,NYSE,Consumer Discretionary,Consumer Specialties,1877213215.0,14.21,1293608
VSXY,Victorias Secret & Co. Common Stock ,NYSE,Consumer Discretionary,Clothing/Shoe/Accessory Stores,7833114089.0,98.54,1480164
VTEX,VTEX Class A Common Shares,NYSE,Technology,Computer Software: Prepackaged Software,795720082.0,4.18,1313404
VTMX,Corporacion Inmobiliaria Vesta S.A.B de C.V. American Depositary Shares each representing ten (10) Common Shares,NYSE,Finance,Real Estate,3027597084.0,34.23,40469
VTN,Invesco Trust for Investment Grade New York Municipals Common Stock,NYSE,Finance,Finance Companies,222724740.0,11.43,21989
VTOL,Bristow Group Inc. Common Stock,NYSE,Consumer Discretionary,Transportation Services,1356417920.0,45.76,209277
VTR,Ventas Inc. Common Stock,NYSE,Real Estate,Real Estate Investment Trusts,47888672076.0,93.36,2277015
VTS,Vitesse Energy Inc. Common Stock,NYSE,Energy,Oil & Gas Production,665248209.0,15.8,523673
VVR,Invesco Senior Income Trust Common Stock (DE),NYSE,Finance,Trusts Except Educational Religious and Charitable,0.0,2.95,607666
VVV,Valvoline Inc. Common Stock,NYSE,Industrials,Major Chemicals,4508904012.0,35.34,2579266
VVX,V2X Inc. Common Stock,NYSE,Consumer Discretionary,Diversified Commercial Services,2645861669.0,84.41,767520
VYX,NCR Voyix Corporation Common Stock,NYSE,Miscellaneous,Office Equipment/Supplies/Services,1139076659.0,8.25,2518326
VZ,Verizon Communications Inc. Common Stock,NYSE,Telecommunications,Telecommunications Equipment,195523721006.0,47.06,20532257
W,Wayfair Inc. Class A Common Stock,NYSE,Consumer Discretionary,Catalog/Specialty Distribution,14600796262.0,106.6,3242379
WAB,Westinghouse Air Brake Technologies Corporation Common Stock,NYSE,Industrials,Railroads,49289875430.0,291.81,1683296
WAL,Western Alliance Bancorporation Common Stock (DE),NYSE,Finance,Major Banks,8873173269.0,81.33,1198844
WAT,Waters Corporation Common Stock,NYSE,Industrials,Biotechnology: Laboratory Analytical Instruments,39947896965.0,406.86,888556
WBI,WaterBridge Infrastructure LLC Class A Shares Representing Limited Liability Company Interests,NYSE,Energy,Oilfield Services/Equipment,3950598688.0,32.0,424634
WBS,Webster Financial Corporation Common Stock,NYSE,Finance,Major Banks,12805503395.0,79.03,6212528
WBX,Wallbox N.V. Class A Ordinary Shares,NYSE,Consumer Discretionary,Industrial Specialties,80751915.0,3.38,8805
WCC,WESCO International Inc. Common Stock,NYSE,Consumer Discretionary,Telecommunications Equipment,17726088314.0,363.74,437313
WCN,Waste Connections Inc. Common Shares,NYSE,Utilities,Environmental Services,42548564418.0,166.71,1039542
WD,Walker & Dunlop Inc Common Stock,NYSE,Finance,Finance: Consumer Services,1525337038.0,44.43,605972
WDH,Waterdrop Inc. American Depositary Shares (each representing the right to receive 10 Class A Ordinary Shares),NYSE,Finance,Specialty Insurers,359301953.0,1.0,190748
WDI,Western Asset Diversified Income Fund Common Shares of Beneficial Interest,NYSE,Finance,Trusts Except Educational Religious and Charitable,0.0,13.12,194609
WDS,Woodside Energy Group Limited American Depositary Shares each representing one Ordinary Share,NYSE,Energy,Oil & Gas Production,42622665206.0,22.42,328410
WEA,Western Asset Bond Fund Share of Beneficial Interest,NYSE,Finance,Trusts Except Educational Religious and Charitable,0.0,10.49,20851
WEAV,Weave Communications Inc. Common Stock,NYSE,Technology,Computer Software: Prepackaged Software,420902209.0,5.29,3710966
WEC,WEC Energy Group Inc. Common Stock,NYSE,Utilities,Power Generation,35071169092.0,107.63,2359537
WELL,Welltower Inc. Common Stock,NYSE,Real Estate,Real Estate Investment Trusts,170758893791.0,236.92,3527271
WES,Western Midstream Partners LP Common Units Representing Limited Partner Interests,NYSE,Utilities,Natural Gas Distribution,19262199526.0,46.62,742321
WEX,WEX Inc. common stock,NYSE,Consumer Discretionary,Business Services,6312595989.0,185.22,498778
WF,Woori Financial Group Inc. American Depositary Shares (each representing three (3) shares of Common Stock),NYSE,Finance,Commercial Banks,17696013714.0,72.62,146967
WFC,Wells Fargo & Company Common Stock,NYSE,Finance,Major Banks,263843942066.0,87.25,7388657
WFG,West Fraser Timber Co. Ltd Common stock,NYSE,Basic Materials,Forest Products,5648837719.0,72.14,277865
WGO,Winnebago Industries Inc. Common Stock,NYSE,Industrials,Homebuilding,909127599.0,32.16,533233
WH,Wyndham Hotels & Resorts Inc. Common Stock ,NYSE,Consumer Discretionary,Hotels/Resorts,5477522915.0,73.81,910237
WHD,Cactus Inc. Class A Common Stock,NYSE,Consumer Discretionary,Oil and Gas Field Machinery,5444182414.0,67.9,656022
WHG,Westwood Holdings Group Inc Common Stock,NYSE,Finance,Investment Managers,188621003.0,19.88,14109
WHK,WhiteHawk Minerals Corp Class A Common Stock,NYSE,Energy,Oil & Gas Production,677598496.0,26.09,45739
WHR,Whirlpool Corporation Common Stock,NYSE,Consumer Discretionary,Consumer Electronics/Appliances,2821829080.0,43.28,1769027
WIA,Western Asset Inflation-Linked Income Fund,NYSE,Finance,Trusts Except Educational Religious and Charitable,0.0,7.98,8600
WIT,Wipro Limited Common Stock,NYSE,Technology,EDP Services,21186593165.0,2.02,8204045
WIW,Western Asset Inflation-Linked Opportunities & Income Fund,NYSE,Finance,Finance Companies,0.0,8.38,286579
WK,Workiva Inc. Class A Common Stock,NYSE,Technology,Computer Software: Prepackaged Software,3544690028.0,65.14,877094
WKC,World Kinect Corporation Common Stock,NYSE,Energy,Oil Refining/Marketing,1863453517.0,36.43,1059230
WLK,Westlake Corporation Common Stock,NYSE,Industrials,Major Chemicals,9900398574.0,77.47,918815
WLKP,Westlake Chemical Partners LP Common Units representing limited partner interests,NYSE,Industrials,Major Chemicals,763425739.0,21.66,32523
WLY,John Wiley & Sons Inc. Common Stock,NYSE,Consumer Discretionary,Books,2656289377.0,52.33,460095
WLYB,John Wiley & Sons Inc. Common Stock,NYSE,Consumer Discretionary,Books,2729891892.0,53.78,281
WM,Waste Management Inc. Common Stock,NYSE,Utilities,Environmental Services,91007153093.0,227.68,1684619
WMB,Williams Companies Inc. (The) Common Stock,NYSE,Utilities,Natural Gas Distribution,86110990029.0,70.4,4592596
WMK,Weis Markets Inc. Common Stock,NYSE,Consumer Staples,Food Chains,1862030924.0,75.25,98526
WMS,Advanced Drainage Systems Inc. Common Stock,NYSE,Consumer Discretionary,Containers/Packaging,11033102739.0,143.95,825828
WNC,Wabash National Corporation Common Stock,NYSE,Industrials,Construction/Ag Equipment/Trucks,526731647.0,12.93,847406
WOLF,Wolfspeed Inc. Common Stock New,NYSE,Technology,Semiconductors,1708322960.0,32.87,6524371
WOR,Worthington Enterprises Inc. Common Shares,NYSE,Industrials,Steel/Iron Ore,2858748583.0,58.42,105679
WPC,W. P. Carey Inc. REIT,NYSE,Real Estate,Real Estate Investment Trusts,16359530081.0,71.81,1347497
WPM,Wheaton Precious Metals Corp Common Shares (Canada),NYSE,Basic Materials,Precious Metals,60939862491.0,134.2,3447296
WPP,WPP plc American Depositary Shares,NYSE,Consumer Discretionary,Advertising,5944201004.0,27.55,1109363
WRB,W.R. Berkley Corporation Common Stock,NYSE,Finance,Property-Casualty Insurers,26579891076.0,71.6,1496012
WRBY,Warby Parker Inc. Class A Common Stock,NYSE,Health Care,Ophthalmic Goods,3247045145.0,26.46,5748114
WS,Worthington Steel Inc. Common Shares,NYSE,Industrials,Steel/Iron Ore,1949276066.0,38.26,162417
WSM,Williams-Sonoma Inc. Common Stock (DE),NYSE,Consumer Discretionary,Home Furnishings,29646241718.0,251.78,995857
WSO,Watsco Inc. Common Stock,NYSE,Consumer Discretionary,Industrial Machinery/Components,13421051973.0,330.1,566723
WST,West Pharmaceutical Services Inc. Common Stock,NYSE,Health Care,Medical/Dental Instruments,24917946051.0,354.07,500998
WT,WisdomTree Inc. Common Stock,NYSE,Finance,Investment Bankers/Brokers/Service,3219632359.0,21.25,1728021
WTI,W&T Offshore Inc. Common Stock,NYSE,Energy,Oil & Gas Production,517734325.0,3.43,5843288
WTM,White Mountains Insurance Group Ltd. Common Stock,NYSE,Finance,Property-Casualty Insurers,5323453565.0,2149.44,30178
WTRG,Essential Utilities Inc. Common Stock,NYSE,Utilities,Water Supply,11362495344.0,40.04,1253117
WTS,Watts Water Technologies Inc. Class A Common Stock,NYSE,Industrials,Metal Fabrications,13096908785.0,392.23,230445
WTTR,Select Water Solutions Inc. Class A common stock,NYSE,Energy,Oilfield Services/Equipment,2801467252.0,20.23,1759458
WU,Western Union Company (The) Common Stock,NYSE,Consumer Discretionary,Business Services,2208103185.0,7.08,7270088
WWW,Wolverine World Wide Inc. Common Stock,NYSE,Consumer Discretionary,Shoe Manufacturing,1552062011.0,18.93,622540
WY,Weyerhaeuser Company Common Stock,NYSE,Real Estate,Real Estate Investment Trusts,18436426880.0,25.58,7387124
XFLT,XAI Floating Rate & Alternative Income Trust Common Shares of Beneficial Interest,NYSE,Finance,Investment Managers,672128681.0,18.95,36305
XHR,Xenia Hotels & Resorts Inc. Common Stock,NYSE,Consumer Discretionary,Hotels/Resorts,1790491657.0,19.41,843007
XIFR,XPLR Infrastructure LP Common Units representing limited partner interests,NYSE,Utilities,Electric Utilities: Central,1078480775.0,11.44,540582
XOM,ExxonMobil Holdings Corporation Common Stock,NYSE,Energy,Integrated oil Companies,629287006358.0,153.04,18450576
XPER,Xperi Inc. Common Stock ,NYSE,Technology,Computer Software: Prepackaged Software,344658196.0,7.14,667439
XPEV,XPeng Inc. American depositary shares each representing two Class A ordinary shares,NYSE,Industrials,Auto Manufacturing,11594209409.0,12.13,6279685
XPO,XPO Inc. Common Stock,NYSE,Consumer Discretionary,Transportation Services,23719376080.0,202.58,811920
XPOF,Xponential Fitness Inc. Class A Common Stock,NYSE,Consumer Discretionary,Services-Misc. Amusement & Recreation,247350250.0,5.03,9441494
XPRO,Expro Ltd Ordinary Shares,NYSE,Energy,Oilfield Services/Equipment,1923184000.0,16.96,605231
XRN,Chiron Real Estate Inc. Common Stock,NYSE,Real Estate,Real Estate Investment Trusts,477380318.0,36.07,80860
XXI,Twenty One Capital Inc. Class A Common Stock,NYSE,Finance,Finance: Consumer Services,2965010207.0,4.55,1665024
XYF,X Financial American Depositary Shares each representing six Class A Ordinary Shares,NYSE,Finance,Finance: Consumer Services,290349052.0,5.3,31985
XYL,Xylem Inc. Common Stock New,NYSE,Industrials,Fluid Controls,28093133220.0,120.32,1517405
XYZ,Block Inc. Class A Common Stock,NYSE,Technology,Computer Software: Prepackaged Software,47462805000.0,79.0,6001093
XZO,Exzeo Group Inc. Common Stock,NYSE,Technology,Computer Software: Prepackaged Software,1409235665.0,15.5,199762
YALA,Yalla Group Limited American Depositary Shares each representing one Class A Ordinary Share,NYSE,Technology,Computer Software: Programming Data Processing,832022849.0,5.48,209304
YELP,Yelp Inc. Common Stock,NYSE,Consumer Discretionary,Other Consumer Services,1405562394.0,25.56,2133675
YETI,YETI Holdings Inc. Common Stock,NYSE,Consumer Discretionary,Recreational Games/Products/Toys,3954584461.0,52.2,1116425
YEXT,Yext Inc. Common Stock,NYSE,Technology,EDP Services,574421705.0,5.73,738603
YMM,Full Truck Alliance Co. Ltd. American Depositary Shares (each representing 20 Class A Ordinary Shares),NYSE,Technology,Computer Software: Prepackaged Software,9991551888.0,9.63,6123309
YOU,Clear Secure Inc. Class A Common Stock,NYSE,Technology,Computer Software: Prepackaged Software,6938925726.0,51.29,2102837
YPF,YPF Sociedad Anonima American Depositary Shares,NYSE,Energy,Integrated oil Companies,19335256904.0,49.16,929210
YRD,Yiren Digital Ltd. American Depositary Shares each representing two ordinary shares,NYSE,Finance,Finance: Consumer Services,110235461.0,1.26,66538
YSG,Yatsen Holding Limited American Depositary Shares each representing twenty (20) Class A Ordinary Shares,NYSE,Consumer Discretionary,Package Goods/Cosmetics,319142367.0,3.4,91445
YSS,York Space Systems Inc. Common Stock,NYSE,Industrials,Military/Government/Technical,1479813766.0,11.41,3928356
YUM,Yum! Brands Inc.,NYSE,Consumer Discretionary,Restaurants,41142567575.0,150.76,1782349
YUMC,Yum China Holdings Inc. Common Stock,NYSE,Consumer Discretionary,Restaurants,16759197574.0,47.72,1375964
ZBH,Zimmer Biomet Holdings Inc. Common Stock,NYSE,Health Care,Industrial Specialties,18415723873.0,96.55,2186658
ZEPP,Zepp Health Corporation American depositary shares each representing sixteen Class A ordinary shares,NYSE,Technology,Computer Manufacturing,69658660.0,4.75,21262
ZETA,Zeta Global Holdings Corp. Class A Common Stock,NYSE,Technology,Computer Software: Prepackaged Software,6687002437.0,26.64,9202070
ZGN,Ermenegildo Zegna N.V. Ordinary Shares,NYSE,Consumer Discretionary,Apparel,4000532666.0,14.91,382713
ZH,Zhihu Inc. American Depositary Shares each representing three (3) Class A Ordinary Shares,NYSE,Consumer Discretionary,Business Services,288550483.0,3.25,120319
ZIM,ZIM Integrated Shipping Services Ltd. Ordinary Shares,NYSE,Consumer Discretionary,Marine Transportation,3240532925.0,26.9,757381
ZIP,ZipRecruiter Inc. Class A Common Stock,NYSE,Technology,Computer Software: Programming Data Processing,422642478.0,5.14,1861856
ZKH,ZKH Group Limited American Depositary Shares each representing thirty-five (35) Class A Ordinary Shares,NYSE,Consumer Discretionary,RETAIL: Building Materials,452920053.0,2.85,89167
ZTO,ZTO Express (Cayman) Inc. American Depositary Shares each representing one Class A ordinary share.,NYSE,Industrials,Trucking Freight/Courier Services,18169656355.0,23.6,2499535
ZTR,Virtus Total Return Fund Inc.,NYSE,Finance,Investment Managers,0.0,6.78,62400
ZTS,Zoetis Inc. Class A Common Stock,NYSE,Health Care,Biotechnology: Pharmaceutical Preparations,30461115054.0,72.66,12773162
ZVIA,Zevia PBC Class A Common Stock,NYSE,Consumer Staples,Beverages (Production/Distribution),111377377.0,1.44,439517
ZWS,Zurn Elkay Water Solutions Corporation Common Stock,NYSE,Industrials,Industrial Machinery/Components,8528731868.0,51.42,723467
ACCS,ACCESS Newswire Inc. Common Stock,AMEX,Consumer Discretionary,Professional Services,26262704.0,6.765,4162
ACU,Acme United Corporation. Common Stock,AMEX,Consumer Discretionary,Industrial Machinery/Components,213342000.0,55.99,15371
AEF,abrdn Emerging Markets ex-China Fund Inc. Common Stock,AMEX,Finance,Finance/Investors Services,971630625.0,9.05,85409
AEON,AEON Biopharma Inc. Class A Common Stock,AMEX,Health Care,Biotechnology: Pharmaceutical Preparations,13537696.0,0.2771,499077
AGIG,Abundia Global Impact Group Inc. Common stock,AMEX,Energy,Oil & Gas Production,36538941.0,0.83,235880
AIB,AIB Data Centers Inc. Common Stock,AMEX,Finance,Investment Bankers/Brokers/Service,71151191.0,1.89,260989
AIM,AIM ImmunoTech Inc. Common Stock,AMEX,Health Care,Biotechnology: Biological Products (No Diagnostic Substances),7912500.0,0.2854,1027589
AIRI,Air Industries Group Common Stock,AMEX,Industrials,Military/Government/Technical,12757231.0,2.63,1298
AMBO,Ambow Education Holding Ltd. American Depository Shares (each representing twenty (20) Class A Ordinary Shares),AMEX,Real Estate,Other Consumer Services,5148580.0,1.8,242128
AMS,American Shared Hospital Services Common Stock,AMEX,Health Care,Medical Specialities,9871250.0,1.49,7747
AMZE,Amaze Holdings Inc. Common Stock,AMEX,Consumer Discretionary,Catalog/Specialty Distribution,1133210.0,0.2011,3515436
APT,Alpha Pro Tech Ltd. Common Stock,AMEX,Health Care,Industrial Specialties,53638893.0,5.25,24422
APUS,Apimeds Pharmaceuticals US Inc. Common Stock,AMEX,Health Care,Biotechnology: Pharmaceutical Preparations,6383569.0,4.23,8332
AREN,The Arena Group Holdings Inc. Common Stock,AMEX,Technology,EDP Services,83780910.0,1.76,84383
ARMP,Armata Pharmaceuticals Inc. Common Stock,AMEX,Health Care,Biotechnology: Biological Products (No Diagnostic Substances),172907915.0,4.71,37510
ASM,Avino Silver & Gold Mines Ltd. Common Shares (Canada),AMEX,Basic Materials,Metal Mining,1170981573.0,6.88,5568901
ATCH,AtlasClear Holdings Inc. Common Stock,AMEX,Finance,Finance: Consumer Services,27271272.0,0.1814,1133293
ATNM,Actinium Pharmaceuticals Inc. (Delaware) Common Stock,AMEX,Health Care,Biotechnology: Pharmaceutical Preparations,25018418.0,0.7974,133088
AUST,Austin Gold Corp. Common Shares,AMEX,Basic Materials,Precious Metals,16294671.0,1.19,159756
AWX,Avalon Holdings Corporation Common Stock,AMEX,Utilities,Environmental Services,10138521.0,2.6,1177663
AXIL,AXIL Brands Inc. Common Stock,AMEX,Consumer Discretionary,Package Goods/Cosmetics,40019999.0,5.87,7158
AZTR,Azitra Inc Common Stock,AMEX,Health Care,Biotechnology: Pharmaceutical Preparations,2185979.0,0.135,389397
BATL,Battalion Oil Corporation Common Stock,AMEX,Energy,Oil & Gas Production,28844692.0,1.31,3838690
BCHT,Birchtech Corp. Common Stock,AMEX,Industrials,Industrial Machinery/Components,36565293.0,1.39,93273
BCV,Bancroft Fund Ltd.,AMEX,Finance,Finance/Investors Services,0.0,24.67,35423
BDL,Flanigan's Enterprises Inc. Common Stock,AMEX,Consumer Discretionary,Restaurants,85720800.0,46.12,8824
BESS,Bimergen Energy Corporation Common Stock,AMEX,Utilities,Electric Utilities: Central,20441010.0,2.88,37023
BGI,Birks Group Inc. Common Stock,AMEX,Consumer Discretionary,Consumer Specialties,6800290.0,0.3451,359517
BHB,Bar Harbor Bankshares Inc. Common Stock,AMEX,Finance,Major Banks,666284019.0,39.74,80707
BHM,Bluerock Homes Trust Inc. Class A Common Stock,AMEX,Real Estate,Real Estate Investment Trusts,113406703.0,8.5,2544
BKTI,BK Technologies Corporation Common Stock,AMEX,Technology,Radio And Television Broadcasting And Communications Equipment,290999069.0,77.72,29398
BQ,Boqii Holding Limited Class A Ordinary Shares,AMEX,Consumer Discretionary,Other Specialty Stores,6760709.0,0.858,249796
BRBS,Blue Ridge Bankshares Inc. Common Stock,AMEX,Finance,Major Banks,332673331.0,3.7,322129
BRIA,BrilliA Inc Class A Ordinary Shares,AMEX,Consumer Discretionary,Apparel,42262500.0,1.38,5745
BRN,Barnwell Industries Inc. Common Stock,AMEX,Energy,Oil & Gas Production,14107649.0,0.98,174902
BTG,B2Gold Corp Common shares (Canada),AMEX,Basic Materials,Precious Metals,6709052087.0,5.03,71353005
BUDA,Buda Juice Inc. Common Stock,AMEX,Consumer Staples,Beverages (Production/Distribution),101789995.0,8.1,11182
CANF,Can-Fite Biopharma Ltd American Depositary Shares each representing two (2) Ordinary Shares,AMEX,Health Care,Biotechnology: Pharmaceutical Preparations,7370362.0,3.44,31927
CATX,Perspective Therapeutics Inc. Common Stock,AMEX,Health Care,Biotechnology: Pharmaceutical Preparations,342138591.0,3.0,1045781
CCEL,Cryo-Cell International Inc. Common Stock,AMEX,Health Care,Misc Health and Biotechnology Services,29025540.0,3.6,6742
CET,Central Securities Corporation Common Stock,AMEX,Finance,Finance/Investors Services,13475963136.0,55.68,33706
CEV,Eaton Vance California Municipal Income Trust Shares of Beneficial Interest,AMEX,Finance,Finance/Investors Services,73641530.0,10.47,17432
CHOW,ChowChow Cloud International Holdings Limited Ordinary Shares,AMEX,Technology,Computer Software: Prepackaged Software,12598950.0,0.355,235884
CIK,Credit Suisse Asset Management Income Fund Inc. Common Stock,AMEX,Finance,Finance/Investors Services,0.0,2.44,509702
CITR,CitroTech Inc. Common Stock,AMEX,Industrials,Environmental Services,131908731.0,5.9,6379
CIX,CompX International Inc. Common Stock,AMEX,Consumer Discretionary,Industrial Machinery/Components,371210009.0,30.09,5199
CKX,CKX Lands Inc. Common Stock,AMEX,Energy,Oil & Gas Production,21700752.0,10.5696,10470
CLDI,Calidi Biotherapeutics Inc. Common Stock,AMEX,Health Care,Biotechnology: Biological Products (No Diagnostic Substances),3961542.0,1.62,192410
CLM,Cornerstone Strategic Investment Fund Inc. Common Shares,AMEX,Finance,Finance/Investors Services,0.0,7.55,1309905
CMCL,Caledonia Mining Corporation Plc Common Shares,AMEX,Basic Materials,Precious Metals,420058359.0,21.75,190598
CMT,Core Molding Technologies Inc Common Stock,AMEX,Industrials,Plastic Products,234233930.0,26.47,37741
COE,51Talk Online Education Group American depositary shares each representing 60 Class A ordinary shares,AMEX,Real Estate,Other Consumer Services,117142643.0,19.5,8016
COHN,Cohen & Company Inc.,AMEX,Finance,Investment Bankers/Brokers/Service,36358202.0,11.26,15432
COPR,Idaho Copper Corporation Common Stock,AMEX,Basic Materials,Metal Mining,48020248.0,2.6,57430
CPHI,China Pharma Holdings Inc. Common Stock,AMEX,Health Care,Biotechnology: Pharmaceutical Preparations,48614862.0,1.13,323073
CRF,Cornerstone Total Return Fund Inc. (The) Common Stock,AMEX,Finance,Finance/Investors Services,0.0,7.2,643482
CTGO,Contango Silver & Gold Inc. Common Stock,AMEX,Basic Materials,Precious Metals,598807766.0,19.46,455282
CTM,Castellum Inc. Common Stock,AMEX,Consumer Discretionary,Professional Services,58249317.0,0.6151,5314042
CVM,Cel-Sci Corporation Common Stock,AMEX,Health Care,Biotechnology: Biological Products (No Diagnostic Substances),30060688.0,1.72,248949
CVR,Chicago Rivet & Machine Co. Common Stock,AMEX,Industrials,Industrial Machinery/Components,10248052.0,10.6073,834
CVU,CPI Aerostructures Inc. Common Stock,AMEX,Industrials,Military/Government/Technical,68501125.0,5.17,71017
DC,Dakota Gold Corp. Common Stock,AMEX,Basic Materials,Metal Mining,803568582.0,6.0,1822325
DDC,DDC Enterprise Limited Class A Ordinary Shares,AMEX,Consumer Staples,Packaged Foods,19975056.0,0.434,396820
DHY,Credit Suisse High Yield Credit Fund Common Stock,AMEX,Finance,Finance/Investors Services,0.0,1.74,577374
DIT,AMCON Distributing Company Common Stock,AMEX,Consumer Discretionary,Food Distributors,67209288.0,68.86,115
DNN,Denison Mines Corp Ordinary Shares (Canada),AMEX,Basic Materials,Other Metals and Minerals,2914154618.0,3.22,20703978
DSS,DSS Inc. Common Stock,AMEX,Consumer Discretionary,Containers/Packaging,5131727.0,0.511,18232
DXF,Eason Technology Limited American Depositary Shares (each representing sixty-thousand (60000) Ordinary Shares),AMEX,Finance,Finance: Consumer Services,1550670.0,0.4792,156907
EAD,Allspring Income Opportunities Fund Common Shares,AMEX,Finance,Finance/Investors Services,0.0,6.41,143995
ECF,Ellsworth Growth and Income Fund Ltd.,AMEX,Finance,Finance/Investors Services,0.0,12.605,21066
EGG,Enigmatig Limited Class A Ordinary Shares,AMEX,Consumer Discretionary,Professional Services,96065940.0,3.45,35677
EIM,Eaton Vance Municipal Bond Fund Common Shares of Beneficial Interest $.01 par value,AMEX,Finance,Finance/Investors Services,0.0,9.72,150068
ELA,Envela Corporation Common Stock,AMEX,Consumer Discretionary,Consumer Specialties,446052518.0,17.18,236200
ELLO,Ellomay Capital Ltd Ordinary Shares (Israel),AMEX,Utilities,Electric Utilities: Central,270840470.0,19.65,564
ELMD,Electromed Inc. Common Stock,AMEX,Health Care,Biotechnology: Electromedical & Electrotherapeutic Apparatus,349335900.0,42.19,76269
EONR,EON Resources Inc. Class A Common Stock,AMEX,Energy,Oil & Gas Production,24199669.0,0.4843,712308
EP,Empire Petroleum Corporation Common Stock,AMEX,Energy,Oil & Gas Production,111418171.0,2.8,38260
EPM,Evolution Petroleum Corporation Inc. Common Stock,AMEX,Energy,Oil & Gas Production,130935446.0,3.65,219072
EQX,Equinox Gold Corp. Common Shares,AMEX,Basic Materials,Precious Metals,9137849032.0,11.58,32228244
ERC,Allspring Multi-Sector Income Fund Common Stock,AMEX,Finance,Finance/Investors Services,0.0,9.23,87872
ERH,Allspring Utilities and High Income Fund Common Shares,AMEX,Finance,Finance/Investors Services,0.0,11.71,26248
ESP,Espey Mfg. & Electronics Corp. Common Stock,AMEX,Technology,Industrial Machinery/Components,187364962.0,62.54,26697
EVI,EVI Industries Inc.  Common Stock,AMEX,Consumer Discretionary,Other Consumer Services,180038891.0,13.99,154082
EVV,Eaton Vance Limited Duration Income Fund Common Shares of Beneficial Interest,AMEX,Finance,Finance/Investors Services,0.0,9.25,377429
EXOD,Exodus Movement Inc. Class A Common Stock,AMEX,Finance,Finance: Consumer Services,164770212.0,5.49,27501
FAX,abrdn Asia-Pacific Income Fund Inc. Common Stock,AMEX,Finance,Investment Managers,0.0,14.53,182059
FJET,Starfighters Space Inc. Common Stock,AMEX,Consumer Discretionary,Air Freight/Delivery Services,219434116.0,3.99,515796
FLYX,flyExclusive Inc. Class A Common Stock,AMEX,Consumer Discretionary,Transportation Services,115241160.0,1.2,235754
FSI,Flexible Solutions International Inc. Common Stock (CDA),AMEX,Industrials,Major Chemicals,64119915.0,5.03,7113
FSP,Franklin Street Properties Corp. Common Stock,AMEX,Real Estate,Real Estate Investment Trusts,46805269.0,0.45,296898
FTF,Franklin Limited Duration Income Trust Common Shares of Beneficial Interest,AMEX,Finance,Finance/Investors Services,232734954.0,5.76,303217
FURY,Fury Gold Mines Limited Common Shares,AMEX,Basic Materials,Precious Metals,113984251.0,0.5995,659809
GAU,Galiano Gold Inc.,AMEX,Industrials,Mining & Quarrying of Nonmetallic Minerals (No Fuels),538100354.0,2.06,2934435
GBR,New Concept Energy Inc Common Stock,AMEX,Energy,Oil & Gas Production,3514862.0,0.6849,38637
GCDT,Green Circle Decarbonize Technology Limited Ordinary Shares,AMEX,Industrials,Industrial Machinery/Components,5498750.0,0.4399,123070
GENC,Gencor Industries Inc. Common Stock,AMEX,Industrials,Construction/Ag Equipment/Trucks,212096948.0,14.47,12701
GGN,GAMCO Global Gold Natural Resources & Income Trust,AMEX,Finance,Finance/Investors Services,0.0,5.24,686322
GLDG,GoldMining Inc. Common Shares,AMEX,Basic Materials,Precious Metals,218388322.0,1.02,1210610
GLO,Clough Global Opportunities Fund Common Stock,AMEX,Finance,Finance/Investors Services,0.0,6.02,258600
GLQ,Clough Global Equity Fund Clough Global Equity Fund Common Shares of Beneficial Interest,AMEX,Finance,Finance/Investors Services,0.0,8.42,76647
GLU,Gabelli Global Utility Common Shares of Beneficial Ownership,AMEX,Finance,Finance/Investors Services,115343236.0,19.324,11638
GLV,Clough Global Dividend and Income Fund Common Shares of beneficial interest,AMEX,Finance,Finance/Investors Services,79943277.0,6.29,158701
GMTL,Guardian Metal Resources PLC ADS,AMEX,Basic Materials,Metal Mining,448158434.0,11.55,237828
GNS,Genius Group Limited Ordinary Shares,AMEX,Technology,Computer Software: Prepackaged Software,30423680.0,0.1585,1295560
GORO,Goldgroup Mining Inc. Common Shares,AMEX,Basic Materials,Precious Metals,341279814.0,2.53,1695663
GPUS,Hyperscale Data Inc. Common Stock,AMEX,Technology,Industrial Machinery/Components,41769896.0,0.1201,20804838
GRF,Eagle Capital Growth Fund Inc. Common Stock,AMEX,Finance,Finance/Investors Services,0.0,10.47,2820
GRO,Brazil Potash Corp. Common Shares,AMEX,Industrials,Mining & Quarrying of Nonmetallic Minerals (No Fuels),133622915.0,2.18,121836
GROY,Gold Royalty Corp. Common Shares,AMEX,Basic Materials,Precious Metals,770960339.0,3.03,4057963
GTE,Gran Tierra Energy Inc. Common Stock,AMEX,Energy,Oil & Gas Production,344064000.0,8.96,1088309
HCWC,Healthy Choice Wellness Corp. Class A Common Stock,AMEX,Consumer Staples,Food Chains,7965163.0,0.3,652528863
HYLN,Hyliion Holdings Corp. Class A Common Stock,AMEX,Consumer Discretionary,Construction/Ag Equipment/Trucks,690126419.0,3.87,2043241
IAF,abrdn Australia Equity Fund Inc. Common Stock,AMEX,Finance,Finance/Investors Services,0.0,13.3,19275
IAUX,i-80 Gold Corp. Common Shares,AMEX,Basic Materials,Precious Metals,1396522857.0,1.62,15160934
IBO,Impact BioMedical Inc. Common Stock,AMEX,Health Care,Biotechnology: Pharmaceutical Preparations,46913018.0,0.4351,9364
IDR,Idaho Strategic Resources Inc. Common Stock,AMEX,Basic Materials,Precious Metals,557139431.0,35.24,301781
IE,Ivanhoe Electric Inc. Common Stock,AMEX,Basic Materials,Metal Mining,1758684654.0,11.02,4158022
IGC,IGC Pharma Inc. Common Stock,AMEX,Health Care,Biotechnology: Pharmaceutical Preparations,24586905.0,0.2566,459487
IHT,InnSuites Hospitality Trust Shares of Beneficial Interest,AMEX,Real Estate,Real Estate Investment Trusts,15984818.0,1.7,21543
IMC,IMC Rare Earths Ltd Ordinary Shares,AMEX,Basic Materials,Metal Mining,807168000.0,7.68,108890
IMO,Imperial Oil Limited Common Stock,AMEX,Energy,Integrated oil Companies,60424945350.0,124.95,365554
INDO,Indonesia Energy Corporation Limited Ordinary Shares,AMEX,Energy,Oil & Gas Production,43083152.0,2.8,122841
INFU,InfuSystems Holdings Inc. Common Stock,AMEX,Health Care,Medical/Dental Instruments,248765591.0,12.49,199450
INLX,Intellinetics Inc. Common Stock,AMEX,Technology,Computer Software: Prepackaged Software,24183068.0,5.38,121
INTT,inTest Corporation Common Stock,AMEX,Industrials,Electrical Products,176533431.0,14.05,100944
INUV,Inuvo Inc.,AMEX,Consumer Discretionary,Advertising,18286432.0,1.03,312929
IOR,Income Opportunity Realty Investors Inc. Common Stock,AMEX,Real Estate,Real Estate Investment Trusts,84373194.0,20.75,100
ITP,IT Tech Packaging Inc. Common Stock,AMEX,Consumer Discretionary,Containers/Packaging,2994397.0,0.1765,33039
ITRG,Integra Resources Corp. Common Shares,AMEX,Basic Materials,Precious Metals,521126433.0,2.57,3450857
JAGU,Jaguar Uranium Corp. Class A Common Shares,AMEX,Basic Materials,Metal Mining,34329421.0,1.7,113094
JOB,GEE Group Inc. Common Stock,AMEX,Consumer Discretionary,Diversified Commercial Services,22457568.0,0.2044,55996
KAPA,Kairos Pharma Ltd. Common Stock,AMEX,Health Care,Biotechnology: Pharmaceutical Preparations,8264722.0,0.386,623537
KNRX,KNOREX LTD. Class A Ordinary Shares,AMEX,Technology,Computer Software: Programming Data Processing,11423879.0,0.3755,82061
KULR,KULR Technology Group Inc. Common Stock,AMEX,Technology,Electrical Products,135070922.0,2.92,1044994
LCTX,Lineage Cell Therapeutics Inc. Common Stock,AMEX,Health Care,Biotechnology: Biological Products (No Diagnostic Substances),274228125.0,1.1,831841
LEGO,Legato Merger Corp. IV Ordinary Shares,AMEX,Industrials,Military/Government/Technical,302464219.0,9.98,91
LGCY,Legacy Education Inc. Common Stock,AMEX,Real Estate,Other Consumer Services,145498437.0,11.5,49496
LGL,LGL Group Inc. (The) Common Stock,AMEX,Technology,Industrial Machinery/Components,89553358.0,7.1,2778
LGPS,LogProstyle Inc. Common Shares,AMEX,Consumer Discretionary,Homebuilding,21367837.0,0.905,41225
LODE,Comstock Inc. Common Stock,AMEX,Industrials,Major Chemicals,245457542.0,3.23,832330
LPA,Logistic Properties of the Americas Ordinary Shares,AMEX,Finance,Real Estate,94537267.0,2.99,8586
LSF,Laird Superfood Inc. Common Stock,AMEX,Consumer Staples,Packaged Foods,47758870.0,4.34,15802
LUD,Luda Technology Group Limited Ordinary Shares,AMEX,Industrials,Steel/Iron Ore,100062900.0,4.41,2151
LXFR,Luxfer Holdings PLC Ordinary Shares,AMEX,Basic Materials,Major Chemicals,457583021.0,17.1,119953
MAIA,MAIA Biotechnology Inc. Common Stock,AMEX,Health Care,Biotechnology: Pharmaceutical Preparations,86337076.0,1.42,332792
MCRP,Micropolis AI Robotics Ordinary Shares,AMEX,Consumer Discretionary,Auto Parts:O.E.M.,45006097.0,1.29,97617
MGLD,The Marygold Companies Inc. Common Stock,AMEX,Finance,Finance: Consumer Services,45807997.0,1.07,3245
MHH,Mastech Digital Inc Common Stock,AMEX,Consumer Discretionary,Professional Services,93105923.0,7.76,9251
MI,NFT Limited Class A Ordinary Share,AMEX,Finance,Finance: Consumer Services,1711606.0,7.41,35394
MINE,Mayfair Gold Corp. Common Shares,AMEX,Energy,Oil & Gas Production,179931169.0,2.68,106712
MITQ,Moving iMage Technologies Inc. Common Stock,AMEX,Consumer Discretionary,Industrial Machinery/Components,5416890.0,0.5449,9111
MLSS,Milestone Scientific Inc. Common Stock,AMEX,Health Care,Industrial Specialties,42553012.0,0.4811,130809
MMA,Mixed Martial Arts Group Limited Ordinary Shares,AMEX,Consumer Discretionary,Other Consumer Services,11017153.0,0.416,230188
MPTI,M-tron Industries Inc. Common Stock,AMEX,Technology,Industrial Machinery/Components,380459842.0,88.04,275893
MPU,Mega Matrix Inc. Class A Ordinary Shares,AMEX,Consumer Discretionary,Movies/Entertainment,13672828.0,0.2011,131646
MRT,Marti Technologies Inc. Class A Ordinary Shares,AMEX,Consumer Discretionary,Rental/Leasing Companies,150144557.0,1.745,57687
MSN,Emerson Radio Corporation Common Stock,AMEX,Consumer Staples,Consumer Electronics/Appliances,7743696.0,0.368,19754
MTA,Metalla Royalty & Streaming Ltd. Common Shares,AMEX,Basic Materials,Precious Metals,817624168.0,8.75,338596
MTNB,Matinas Biopharma Holdings Inc. Common Stock,AMEX,Health Care,Biotechnology: Pharmaceutical Preparations,1812952.0,0.283,1154043
MWG,Multi Ways Holdings Limited Class A Ordinary Shares,AMEX,Consumer Discretionary,Miscellaneous manufacturing industries,5882990.0,1.1441,2005
MXC,Mexco Energy Corporation Common Stock,AMEX,Energy,Oil & Gas Production,19056444.0,9.314,608
MYND,Mynd.ai Inc. American Depositary Shares,AMEX,Technology,Computer peripheral equipment,19324574.0,0.4099,9989
MYO,Myomo Inc. Common Stock,AMEX,Health Care,Industrial Specialties,56243153.0,1.42,1269742
NAK,Northern Dynasty Minerals Ltd. Common Stock,AMEX,Basic Materials,Precious Metals,958132087.0,1.71,3113022
NBH,Neuberger Municipal Fund Inc. Common Stock,AMEX,Finance,Finance/Investors Services,0.0,10.27,56488
NEN,New England Realty Associates Limited Partnership Class A Depositary Receipts Evidencing Units of Limited Partnership,AMEX,Real Estate,Building operators,157004542.0,56.3,74
NEWP,New Pacific Metals Corp. Common Shares,AMEX,Basic Materials,Precious Metals,1171492182.0,6.33,631276
NFGC,New Found Gold Corp Common Shares,AMEX,Basic Materials,Precious Metals,641877107.0,1.67,1407476
NG,Novagold Resources Inc.,AMEX,Basic Materials,Precious Metals,3330344860.0,7.59,6873050
NHC,National HealthCare Corporation Common Stock,AMEX,Health Care,Hospital/Nursing Management,3366657421.0,215.54,128751
NHS,Neuberger High Yield Strategies Fund Inc. Common Stock,AMEX,Finance,Trusts Except Educational Religious and Charitable,0.0,6.1,152666
NINE,Nine Energy Service Inc. Common Stock,AMEX,Energy,Oilfield Services/Equipment,141731898.0,10.16,28967
NML,Neuberger Energy Infrastructure and Income Fund Inc. Common Stock,AMEX,Finance,Finance/Investors Services,0.0,10.16,384114
NNVC,NanoViricides Inc. Common Stock,AMEX,Health Care,Biotechnology: Pharmaceutical Preparations,36066800.0,1.42,126768
NRO,Neuberger Real Estate Securities Income Fund Inc. Common Stock,AMEX,Finance,Finance/Investors Services,0.0,3.0,130785
NRXS,Neuraxis Inc. Common Stock,AMEX,Health Care,Biotechnology: Electromedical & Electrotherapeutic Apparatus,88464121.0,7.09,44791
NSRX,Nasus Pharma Ltd. Ordinary Shares,AMEX,Health Care,Biotechnology: Pharmaceutical Preparations,40460842.0,3.455,9372
NTIP,Network-1 Technologies Inc. Common Stock,AMEX,Miscellaneous,Multi-Sector Companies,36354703.0,1.59,18591
NVA,Nova Minerals Corp Common Stock,AMEX,Basic Materials,Precious Metals,2579881321.0,5.72,333463
NXB,NextBoat Inc. Common Stcok,AMEX,Industrials,Marine Transportation,52606800.0,2.16,7163
OBE,Obsidian Energy Ltd. Common Shares,AMEX,Energy,Oil & Gas Production,661250399.0,9.91,716227
OGEN,Oragenics Inc. Common Stock,AMEX,Health Care,Biotechnology: Pharmaceutical Preparations,2481125.0,0.5499,13947
OPHC,OptimumBank Holdings Inc. Common Stock,AMEX,Finance,Major Banks,112424551.0,9.11,192982
OPTT,Ocean Power Technologies Inc. Common Stock,AMEX,Utilities,Electric Utilities: Central,49894641.0,0.1847,5189385
OSTX,OS Therapies Incorporated Common Stock,AMEX,Health Care,Biotechnology: Pharmaceutical Preparations,72860962.0,1.6,287010
OZ,Belpointe PREP LLC Class A Units,AMEX,Finance,Real Estate,185446704.0,46.905,3834
PAPL,Pineapple Financial Inc. Common Stock,AMEX,Finance,Finance: Consumer Services,27798317.0,1.1,77929
PED,Pedevco Corp. Common Stock,AMEX,Energy,Oil & Gas Production,141127886.0,10.61,24753
PHGE,BiomX Inc. COmmon Stock,AMEX,Health Care,Biotechnology: Biological Products (No Diagnostic Substances),4246579.0,0.1718,628665
PLAG,Planet Green Holdings Corp. Common Stock,AMEX,Consumer Staples,Packaged Foods,8000209.0,0.5621,70825
PLG,Platinum Group Metals Ltd. Ordinary Shares (Canada),AMEX,Basic Materials,Precious Metals,193106519.0,1.51,799153
PLX,Protalix BioTherapeutics Inc. (DE) Common Stock,AMEX,Health Care,Biotechnology: Biological Products (No Diagnostic Substances),198206239.0,2.46,666155
PMI,Picard Medical Inc. Common Stock,AMEX,Health Care,Medical/Dental Instruments,7044942.0,3.43,174155
POAS,Phaos Technology Holdings (Cayman) Limited Class A Ordinary Shares,AMEX,Industrials,Industrial Machinery/Components,5843977.0,0.1851,164356
PRK,Park National Corporation Common Stock,AMEX,Finance,Major Banks,3680744503.0,203.4,65775
PTHS,Pelthos Therapeutics Inc. Common Stock,AMEX,Health Care,Biotechnology: Biological Products (No Diagnostic Substances),98569292.0,28.36,42092
PW,Power REIT (MD) Common Stock,AMEX,Real Estate,Real Estate Investment Trusts,2841639.0,7.7381,2928
PZG,Paramount Gold Nevada Corp. Common Stock,AMEX,Basic Materials,Metal Mining,123529509.0,1.44,637998
RCG,RENN Fund Inc Common Stock,AMEX,Finance,Investment Managers,0.0,2.9892,1272
REA,Rare Earths Americas Inc. Common Stock,AMEX,Basic Materials,Metal Mining,263771487.0,13.25,128383
REED,Reed's Inc. Common Stock,AMEX,Consumer Staples,Beverages (Production/Distribution),10077337.0,0.8499,2477
REI,Ring Energy Inc. Common Stock,AMEX,Energy,Oil & Gas Production,338701489.0,1.3,3248787
REPX,Riley Exploration Permian Inc. Common Stock,AMEX,Energy,Oil & Gas Production,758102523.0,34.22,140090
RGNT,Regentis Biomaterials Ltd. Ordinary Shares,AMEX,Health Care,Industrial Specialties,13275211.0,1.89,43422
RLGT,Radiant Logistics Inc. Common Stock,AMEX,Industrials,Integrated Freight & Logistics,395259261.0,8.44,91904
ROLR,High Roller Technologies Inc. Common Stock,AMEX,Consumer Discretionary,Services-Misc. Amusement & Recreation,67898030.0,6.19,52654
RVP,Retractable Technologies Inc. Common Stock,AMEX,Health Care,Medical/Dental Instruments,20057897.0,0.67,4271
RYDE,Ryde Group Ltd. Class A Ordinary Shares,AMEX,Consumer Discretionary,Business Services,138318465.0,0.8325,121519
SACH,Sachem Capital Corp. Common Shares,AMEX,Real Estate,Real Estate Investment Trusts,39802345.0,0.83,71890
SBEV,Splash Beverage Group Inc. (NV) Common Stock,AMEX,Consumer Staples,Beverages (Production/Distribution),2659164.0,0.432,396989
SBMT,Silver Bow Mining Corp. Common Shares,AMEX,Basic Materials,Precious Metals,203746650.0,6.9,88640
SCCD,Sachem Capital Corp. 6.00% Notes due 2026,AMEX,Real Estate,Real Estate Investment Trusts,1175982434.0,24.84,242
SCCE,Sachem Capital Corp. 6.00% Notes due 2027,AMEX,Real Estate,Real Estate Investment Trusts,1161779748.0,24.54,682
SCCF,Sachem Capital Corp. 7.125% Notes due 2027,AMEX,Real Estate,Real Estate Investment Trusts,1159886056.0,24.5,2595
SCCG,Sachem Capital Corp. 8.00% Notes due 2027,AMEX,Real Estate,Real Estate Investment Trusts,1163673439.0,24.58,3059
SDEV,Stablecoin Development Corporation Common Stock,AMEX,Health Care,Biotechnology: Pharmaceutical Preparations,52133900.0,1.03,55696
SEB,Seaboard Corporation Common Stock,AMEX,Industrials,Farming/Seeds/Milling,4061659548.0,4240.64,19580
SER,Serina Therapeutics Inc. Common Stock,AMEX,Health Care,Biotechnology: Pharmaceutical Preparations,35994012.0,2.4,26581
SIF,SIFCO Industries Inc. Common Stock,AMEX,Industrials,Aerospace,175678456.0,28.09,124244
SIM,Grupo Simec S.A.B. de C.V. American Depositary Shares,AMEX,Industrials,Steel/Iron Ore,5111473618.0,30.81,1247
SLI,Standard Lithium Ltd. Common Shares,AMEX,Industrials,Major Chemicals,583960594.0,2.37,1619723
SLND,Southland Holdings Inc. Common Stock,AMEX,Industrials,Military/Government/Technical,31446952.0,0.58,156897
SMJF,SMJ International Holdings Inc. Class A Ordinary Shares,AMEX,Consumer Discretionary,RETAIL: Building Materials,231336750.0,8.35,1749028
SOAR,Volato Group Inc. Class A Common Stock,AMEX,Consumer Discretionary,Transportation Services,5731622.0,0.136,72044552
SRXH,SRX Global Inc. Common Stock,AMEX,Consumer Staples,Beverages (Production/Distribution),31033356.0,1.59,1078404
STRW,Strawberry Fields REIT Inc. Common Stock,AMEX,Real Estate,Real Estate Investment Trusts,190255064.0,14.17,24771
STXS,Stereotaxis Inc. Common Stock,AMEX,Health Care,Biotechnology: Electromedical & Electrotherapeutic Apparatus,139066388.0,1.42,412510
SVM,Silvercorp Metals Inc. Common Shares,AMEX,Basic Materials,Precious Metals,2532769026.0,11.45,3599544
SYNX,Silynxcom Ltd. Ordinary Shares,AMEX,Consumer Staples,Consumer Electronics/Appliances,6767129.0,1.02,68686
TGB,Trekor Metals Limited Common Shares,AMEX,Basic Materials,Precious Metals,3042067808.0,8.32,4053301
TGEN,Tecogen Inc. Common Stock,AMEX,Industrials,Industrial Machinery/Components,116380833.0,3.89,109349
THM,International Tower Hill Mines Ltd. Ordinary Shares (Canada),AMEX,Basic Materials,Metal Mining,604382563.0,2.31,797992
TMDE,TMD Energy Limited Ordinary Shares,AMEX,Energy,Oil Refining/Marketing,16872540.0,0.716,100815
TMP,Tompkins Financial Corporation Common Stock,AMEX,Finance,Major Banks,1420024211.0,98.73,52104
TMQ,Trilogy Metals Inc. Common Stock,AMEX,Basic Materials,Precious Metals,656433428.0,3.8,1939826
TOON,Kartoon Studios Inc. Common Stock,AMEX,Consumer Discretionary,Movies/Entertainment,34935495.0,0.5907,150035
TOPP,Toppoint Holdings Inc. Common Stock,AMEX,Industrials,Trucking Freight/Courier Services,11238500.0,0.455,79585
TOPS,TOP Ships Inc. Common Stock,AMEX,Consumer Discretionary,Marine Transportation,4238823.0,0.7649,114482
TOVX,Theriva Biologics Inc. Common Stock,AMEX,Health Care,Biotechnology: Pharmaceutical Preparations,10133101.0,0.2208,294841
TPET,Trio Petroleum Corp. Common Stock,AMEX,Energy,Oil & Gas Production,10358636.0,0.234,969188
TRT,Trio-Tech International Common Stock,AMEX,Technology,Industrial Machinery/Components,112755479.0,11.15,159122
TRX,TRX Gold Corporation Common Stock,AMEX,Basic Materials,Precious Metals,343847709.0,1.05,5981859
UAVS,AgEagle Aerial Systems Inc. Common Stock,AMEX,Industrials,Aerospace,53921070.0,0.9202,10684624
UEC,Uranium Energy Corp. Common Stock,AMEX,Basic Materials,Other Metals and Minerals,5572262841.0,11.26,8113038
UMAC,Unusual Machines Inc. Common Stock,AMEX,Technology,Radio And Television Broadcasting And Communications Equipment,1247899330.0,26.11,3971660
URG,Ur Energy Inc Common Shares (Canada),AMEX,Basic Materials,Precious Metals,556264594.0,1.4,5573590
USAS,Americas Gold and Silver Corporation Common Shares no par value,AMEX,Basic Materials,Metal Mining,1691064313.0,5.01,5605587
USBC,USBC Inc. Common Stock,AMEX,Finance,Finance: Consumer Services,132007920.0,0.3401,179774
UTG,Reaves Utility Income Fund Common Shares of Beneficial Interest,AMEX,Finance,Investment Managers,0.0,39.24,207955
UUU,Universal Safety Products Inc. Common Stock,AMEX,Technology,Electronic Components,10599621.0,3.5,30823
UUUU,Energy Fuels Inc Ordinary Shares (Canada),AMEX,Industrials,Mining & Quarrying of Nonmetallic Minerals (No Fuels),3533119380.0,14.14,12326135
VENU,Venu Holding Corporation Common Stock,AMEX,Consumer Discretionary,Services-Misc. Amusement & Recreation,118916065.0,2.02,386404
VGZ,Vista Gold Corp Common Stock,AMEX,Basic Materials,Precious Metals,307999540.0,2.11,1292653
VIDA,VIDA Global Inc. Class A Common Stock,AMEX,Technology,Computer Software: Prepackaged Software,35582354.0,2.44,140564
VKI,Invesco Advantage Municipal Income Trust II Common Shares of Beneficial Interest (DE),AMEX,Finance,Finance Companies,400542300.0,9.02,105841
VNRX,VolitionRX Limited Common Stock,AMEX,Health Care,Biotechnology: In Vitro & In Vivo Diagnostic Substances,9337976.0,0.7753,455451
VNTG,Vantage Corp Class A Ordinary Shares,AMEX,Industrials,Integrated Freight & Logistics,20236187.0,0.66,6030
VTAK,Catheter Precision Inc. Common Stock,AMEX,Health Care,Medical/Dental Instruments,1014261.0,0.281,18527314
VZLA,Vizsla Silver Corp. Common Shares,AMEX,Basic Materials,Precious Metals,1322222523.0,3.74,10113391
WRN,Western Copper and Gold Corporation Common Stock,AMEX,Basic Materials,Metal Mining,543776615.0,2.41,1238577
WWR,Westwater Resources Inc. Common Stock,AMEX,Basic Materials,Metal Mining,97533141.0,0.7672,127328911
WYY,WidePoint Corporation Common Stock,AMEX,Technology,EDP Services,114295812.0,11.56,88428
XPL,Solitario Resources Corp. Common Stock,AMEX,Basic Materials,Precious Metals,72234800.0,0.77,176307
XTNT,Xtant Medical Holdings Inc. Common Stock,AMEX,Health Care,Medical/Dental Instruments,62304807.0,0.4442,30950
YCBD,cbdMD Inc. Common Stock,AMEX,Consumer Discretionary,Package Goods/Cosmetics,5931324.0,0.565,105819
ZDGE,Zedge Inc. Class B Common Stock ,AMEX,Technology,Computer Software: Prepackaged Software,38944520.0,2.98,32364
ZONE,CleanCore Solutions Inc. Class B Common Stock,AMEX,Consumer Discretionary,Specialty Chemicals,81525410.0,0.3653,3226409
